claim_id,is_valid
486ac055356e93bb0a5fc90cb85a47e94e3a290364a775ccd09ea1afeecf3b26,0
99c0083e402ccb55c0ed358ec6b5344c7785192c985ba492a234d5a93ca3e06c,0
2b58bb8d601c0af249492aef72704568d249c5a282376072d76a91c2555ff756,0
a0444524c12e0e16b6b541513f92f404c037031d3beec61fa832120b048b03dd,0
94d88dc3314fe941148fae63ab4f7efd0c5748e31f7e82a45dd66a88a259e02d,0
7cba064e20c875724f87fc851b4a2826e92a3eead2a171d6843266ef0d23dce5,1
d458db34466f097f78da05912b0ec3a65ffa3b27dcc514302d96f524272598aa,0
13eed80ffc4c479c17b5ad467935009f38ac7d43e0e72a3eaec8f7e1413da0b3,0
b3d146895f3e37adc328c3c3a5760ae25dfc5e36677c0dac6e28b1199a83ace5,0
ed448d638a4b92ad33d62a474a15c52645a15f81946b564055ea0bce38ffe0c7,0
b1f44227f5fd77e2a49b0d8522a3255d1071ada5ff0f7a5cf91349270eb15488,0
91db74d0c07f93882ad8c5538c4eeeb4dea065b5945bb9db876b561bf8b19411,0
87483c798410aa4252b072aa04cf12d6fccac9e7005136f1d5c2da58a14c9668,0
bd92801a4482c76bfdfb0da20b66ec15e9083091ddb22e9cd11e216225d0cd92,0
5addaeaa7fd6fb5b0b3425415778cbd24e6435d0633b3542f6e75cdf5f42ac2c,0
268b40b345e5397603b9cc6874d77a489a85dd0ab9652b256df04415a0391bed,0
07155a5eced4c3ac248dd6e2a65e91d776fddeb211662027f1bb1f19a987ed18,0
d9db4c1d5931a910c24e00fec907d083263c0121e18e7aee5ca6397fba4af32e,0
5955f1d543f8798443f39b80e71601cdfda30e7e8131754350f15e23a0756090,0
e6254996cc73bf9af3440c5ac48c3cf2eb0c56c978def8677ef7364c5a56e059,0
bb891f3f8a2fa5d551c211b5454d4363890147edf8311614a0a7645ea1f35eec,1
88c477388976f0ddfb189695de659780778ecf00ca9f08365211bcbee6a9dafb,0
ccd93eaa6031ff5b446448d6fceb647722d58928e13c19c5f1d787ab56e88658,0
0d2044af40a71bec521952c2f318babf78a8029540d2cb51386dc788343818a7,0
408941db77fb327f0b7ed1bbf2505e5123c55bab3ecff503b13a9777223e0af4,1
6d4ecb544fb404b923770290c3b35ba8765b9fa41867ad93d4859cda804f369b,1
ed9d9d3f678ecefddc14f41191dada21f300453e817320b7477b3d5d50b736eb,1
9b953bc6bc5d6978c56e5b3655ca16e9c1e34db31548603140f1c9cb6d4f5bf2,1
78ebbb7a644edd9c0282b24e1999dfe7a547d2c21377ff87671587fe5f8a9936,1
263d132134554588136c6cf849a18ce381951ab9720093d64237dc415e6597e5,1
523cd473b6edc1ceef1694594435764b93a49c995d77fbe5a1afca593d6d3179,1
139e08fe1f5018d1dac1bc50e7ae79a807630b7797d0fd6e6d8ec838c7c1fd47,1
7eefb67b524d94f740cb136227d3171fca27e4870981c9ccae294a3fbf1c13d1,1
ebe516042f2bad9c0a9e3e438eb628c25e65652a5df7e28fe5622ee69b2a7622,1
9a1c16c35899627304b5c501b00f5b048d657eca14a7ee9a3b6cb0a7eac029a3,1
bbe045f60bab026383dd63ea7e00aa8465ffe3ce1360ec431c0971fd6dc8f50c,1
d3aa298fcc353a7be274b2a717e3d3768cf132bef79085b3098865040b6c93f1,0
65e379c24ec17391e72c468135a7823aa363e040543e601738086c04e0ed1600,0
135075778acba1bb467c232469ca515f6151ddfbcbc5d8c9dddbb9e2cfdd2bf2,0
8c84c396ceaf6aeb75b129536bcf7cea7c2b86d1f629469ad8dce011bfd5144e,1
2b6b8f975a8f7fd543804bec1360ed099c768588df5d24ca1a6b1a04e9bff415,1
cca9dd58fe13a4c2fca1e3b9e2640fc65c442ceca2e3481963b85b77562b7ea7,1
af501ce433589d7cae9c09f38dad657506d66fbcf4967ae97c93e07c968503e6,1
eee4b891d213307ec9347968514645e61143a8cdb5e0ef7db52a042f3724f2a5,0
c855c5b54877436c46db3b1726187b03b962e20b26a33818fe834cc8f5280900,0
42830a047af0d7b3a87989609c94018a90c25d93a14af2df85721901c5a8c107,0
eda8365450bd1edfdcfb8eb83ab439bc4cdedec9dadc10f35806b605526302ca,0
33df714ecbbfefca72b8a771507c76409af7be6eb9d0a86d7e2d762793e7424e,1
32570f59c9f7cbab25d8485fd7067ff798bd13a1caa4aa196e66deef29017316,0
e21c7629f26df0cd16323c73dec3ba4d7ed2f563c210ce00ca0abd270205b7bf,0
8dc90584564287c5f2625c32e4d26efedb85f3e7754058b7c6ed2366623cba46,0
130a69ab95aa91e1996f2c8d9469f9498c911e7dab274bef6164d0d432f6f7fb,0
5a7cec347d6ab4d0155b6e93179f8ac6c4f7a11afdbcc6b5d9b7cc4637dfcc97,0
8167cc38e3772b24674800420b97d9c44b542649fabdee267c000d7fc8db4c9d,0
3a1ac4a8436263a4c08743871232213162aa90e89f9303904de0cf5d83bdc852,0
52a12e8ed097d8edf7e4282683589d433542de90c45cc1e4cea57e65994eb40f,0
15cb65a43cc572fa2d063cf1d2db97f1e656186613036cea5c2c08438b140e3e,0
290444ebce67a52bcf61534854a278eac6fbba9139b5e3d202ddd1c005b4bec9,0
b6813971a6f90a2626956e5574eac140d4031499f0bbe763cf8ea08e18c5ad3f,0
528c304f46402693d8fd371d44616d016c6b8ef45d307f508df9efb8eb40e565,1
5ebdbb6c22910e843533bdb987d3cad442c6b9e4422785e6941cc94ba87ab763,1
b342418fa743cc24596edb625e2dae7e6224c36275f65ec48455f3264c905ef5,1
0635d03fdc4984b83cd8b11528d498488b6de88769cf9cc596fa2f080c81f8b5,0
2b0e06d0833d7ff55d21d3d5741971e3ce548a66e2d2d7589dbc005c0fdf27fa,0
97a9d36d58a300cf10ef83d51364d18330ae476ef68f22af22176b3a4d50c499,0
56d8c4166fb90aee45ca0bb257af24e8eaf6465cc92cd4787d66134bf614c40d,0
8075cfaa7a4d55084210920028de91883fed4e01a802314343f195835a06ea13,1
5cec0162d6c3993af223db22b7831e4205fef3049038089655219380db24a699,0
3e14b5d1df0f53e4e45df339ec7310e12d5fc6ab50009392082219910903ba94,0
db74b4fb74d1b68f9baa2a4213e85a0104833ce9356627c7783d8ef17df1c22c,0
ce4fa66192c915917b8e478bfa3801bfa6f7b32862b6063d04dd82431043cf17,0
15d3ea216d375950672127c0ef8be8ea3f1b62add23bfb7321cd497e7c7f944c,0
37c8fde6039df0dfe9403b2ebd7375c5032ad31f131a910f1d189d5a5d69598a,0
678fd88886713e5b96fab3364b14b953b40ccde937f126d8aa4622d15790f3a5,0
85f55f738fcfcefb2570321c610bb2d4d40eb8f7fe4ebc12134c752a190af31b,1
55ec9ccc992ed50e4e10c5b929b245aca403b1a86252a160f272553ad077939f,1
9bb06fc64bb9ade580b2d55bf325035662f95824cb5f2154a1be1b0f6a546b04,0
6f7960dd60ef18c96ac31dfcb7d96c5d2c874df750d2b7fa6599d9bdd012d7b0,0
a23af21b6a836f9a1796647467ed7432ada8d87cb4122afd31e62b54a5dffeda,0
ac5e001abb937a3ec3c10be7f13c5ae58248e404d23bd6904a0244cac24ba74e,0
14bb21f306b64bdd3d135dc4796768bad1923b53869f41103b77d8ace27198b3,0
61dcbf3e1addd06c0a0fed20bec98ca2c14862de00c0318e4e2376348c5f77d2,0
1372fc1d236df9a58065c43922d2cf36c3642d1565a255f6895032fa709b001d,0
991246a8ff3b4fe603bfa91682b58b48103be96c0763911c6a65d205ca52941c,0
eefadeb5530116edf526bfe5850bea60b47fa99a7282324f1a045157d926e4d6,0
7ee39ab8b7576a11e199b86e8dfd56bc0a837fd5464e9a2d418ccd25313b2b59,1
9ae4747ba4b29028f0dc1f80191554f7789494694d36a93f2869a46edecf709a,0
362728dbd03909dc567616640bb9917214c9c7d6e6dd09bc0405230869c8c6fd,0
0771f1c61dd87d1a76ed23c3598ca707d5cd90e99cdf3dd12bb7157dc0475380,0
80f8023b0b4bafaf771f1ae75fc6f5dee9413af726b7172cfd6ed0d5d2ebb6f8,1
9b6483cf3cc387076ffa545ce8ed7895a25ab1ae96bcd2054ab79c845436d577,0
11da6c6289c62c436dcf7fef61b10f343fe62224ce487ca62b14080438e09684,0
55ae77ed63f3f2f573adb5855147edb5335adbabb527d7fd8263cfb7ff009270,1
add1e37fa93056b50723aa2857336573fb10080494c0cc626d1607f0e84caf0e,0
5bb6ff89933fefef8e2464bfffab2caf1fd14de0e2a22b13ab3b04e1da065fa5,0
347e25fb33f76fba432a83ec492bc5353a2215eb5136c0955d55c690ed34c02b,0
96c9298c5d2e60758e7df33a03159bd7b7cde10fd56d3a9838a0f22aba19847f,0
d7cbba060bd1996cd77d486b4e8b32b45a72904e093d7cb87f81ce4e5fbe8291,0
be4fde5edf83cbe48c0b819f47063a3aa76443447a3cda5c836b261b95fb3c11,0
a94ae16a4dc8ac2e1a8216b2649ab0b4c541e9879380ac9d3a589e376742420e,0
e18e7d9fecbd1c44b699f2725928c4877ac1d49a21e61d2016828c3f13f31543,1
3793da670710563d6ebd1e7638b70b50730193de6e99662d2973057af7a678e7,0
e5a145fc92386b7f0497c8f27e82dcc0610aa8516dcf93080e16bbb4ce961e74,1
0819ed667532041117da87aa7ba56d297f479678215b8617248c7de98a79c8e0,1
f5c8d34fa655f8c5a286f3e7b96b267b2616d39ce769e5cd6d8ba659462190aa,0
51bca32cc35efffbd6142c3fb2d6c1adc9c101b851ea6f578406249f5487ea81,0
7a1f3f7f3d2083dc6866f52b356d292664abe767da6d91be576f66d05dfc9fe9,0
572813c28e4000cd77093ffe16a1808c51e0b41b8254057cd8e9f16ca254f381,0
47e29cd6ccd58c794b4331e649fb9228100b930c620752ae2e3fec56f1b1b159,0
15d93544f036444545eaff8a644947f22c6c55e141c9cd0884700d86f2e66ed3,0
50f5801cd8b6bb54c80d34adec957e9eacff5b1bf6802213677eafc3ad57294f,0
0a329a4a86ff7e2b22c6d314e5438530fa34142310cf176ba3392edd8fc90114,0
f138ec8117418774625eee070ca441703cfe26e28570b5e40c7e4aea73e67cb8,0
ac26350052c8cfb015700ee0b70d2f9a1cf3ab93c9f5c1fd077f70ec0bebdedd,0
2755218a86f0c9b5b4160e2ab43fd63e13c7eb99a2fc06fc783256d144808d4d,0
a51c1d5f455211505e9b618d8923415838b66319ba637f882fd918feee3a7c9e,0
219df0714185e7f33ad7b7a0a91422858644084f6a97fd23e81aabc7325fefbe,0
c5f1ef7ba552a2d8f2ecff048ef83da894d286e14bb3b06a76e8d0187e03c78b,0
cd98d9218675b5f21aff0933eb774bcd76302fc3c2b6f3d12427cf8474b92669,0
468aa6196084ac71b6517c88bc3bbeddc030bf41f7cd07c835679bda4be21a9c,0
d6e8acbf2201cb6490a487dcee9ab3e0a24ab71072554f54bb0566c206e23564,0
0fc8cfb1d5464279efc4868b168311d7c6865196c948acc50021968bf19770f9,0
3b9ee9784a9089141454c38d01b9826a03a0a038907b5689d3ce282e8670e5e0,0
fa29794178270dbffce4a1b762342bc5287a269582043f0b91f2b1276d7f9bf1,0
5f4c313e7e39e0b3175164132cb8c6c6eb73f2d923a46ab715d1c32ba34f0cb1,1
bb0af7bf46f39eee745a09e8d3ed2ae1c5c4b3939820eede8372f0c8fa6c9b44,1
cb49e59e92e23a8857120e01a29afabe93394f8b693463c3cf6e201e16280822,0
7d9b3ae176926b0680a8ec6c603e949547f0a7ec2434697c5f3d41ea1188c1ba,0
74ad58ca4cc3c79b3e2452927da7aa320627bf512c725a2ba7fdb96cb7aa3781,0
8693626f24a744ce36b798182b15a81ce41542db91dd81e6fdc7c7eba716323c,0
2340b02feaf10cfb8547edbc13251395f94487a126d6b0c57b3d0fcb7192d6c5,0
f10803cf1e6f44274d074e8b55ae76dd62f533942885fe2ef51d8ad557fea61e,1
0e03331180f63c4f374fd6c12525b2a433d2059cfdcfcfc9ce2058d9382b3180,0
dda49788c78d4e92dedddb2ee24a8870932b3300a04c777dd54ea1391c3b0837,1
6211a9753d16456c6d6899972e7997429f7de7a195949107dab8d90670ce3865,0
9c9975615bf037b95558cd1f098e4cc096756f7f2b11c4be75ab18b884f02b04,0
7519772873317f1db146496598261afd2799ca130b921a41b0d9975ef2c2bba2,1
9e91b4ccf62105ecacfddf9f4f6991ea3d08889f94157699b9c64aa70ba732ca,1
c1b83be1ec007d8066346f4485f9d7459c07f581b39aa77c8ada79ee46c79064,1
22030db2f85c807f25dcd85c59ce86e6b35990cb19812ceeda3a81efc6c6fa09,0
526ee703c4a2d618f16fb26de3b4d45866bad0a6ea6c9a5bc5b48dbb17cecd93,0
95ba2a3c946db8e412d583235dea20ad3a2629cab5856b61451046dacc5393e6,1
5aad4f20691a10e2a09544c98fbdee49589f057b9016ea5f3d2975a1fce340f4,0
7cf51357ddea7e56463afa0379ad78a04bdea75ecbf97e935933f5c38f476c28,1
69930f59ff6fac778e6d960cdbf36b405927ad77fbfb5ae4023961fa3bee35b7,0
e39bc3f971888d79f0d3b359b0f3af40a0a9b9c694696b7a0b6c5f90fa25983f,0
344d8d94464c224b4f0a044a8a9f071a6ace4f6cb89b54831e4056d5fce9a196,0
fcc271cba2985df0ad9672d217dbaf56a5473cefc43f85222debc02fad797e26,1
bf45e86004eabe30176d41d78ae6ad38785783d88830de00c1284cdebdf5fd11,0
73fe23658550eeef8c5f8ffff890d38e49fe3cdcd6ab9fa5f818524a3954ff7a,0
43338890a4a44ef54a752594dc926c6158715cd842be91590c5a04de78b0e528,0
4cd1592965ba8b1efddc610af0a15df09130df1c1d2e1a94265c140faa73fb3d,0
820e590cdd84dba97b2ee77da884a6cbaf72544124a67f150f26836f47a7988e,0
ef8d2c75d9310586fa6bd69528c358ffb310222f13a4de0c84e6c0ac750ec261,0
dc071f6c3b040fa59952ca80e4451f305a9cfc389bf89ab0ef57604696a31a01,0
9a6b8c5a8f887530c8dfde45cdef2f32fb6252cddae21c008e216e655282c94b,0
72737a3f435dcaed694dcdc333f3aa39ca491c996f2ed54bb1f0cf75c220a346,0
d8b29dbc99c92fc7ff6d8ae249c5b0f584775e1d95c53482e74effa6af7b8820,0
82d2a9f7548c0882745763ea740f0f83f89178a5f45876e3eed3d27b55c2fac7,0
0077ac4c911a67bc9c90994a1f6347aae6500ea3ece02979e2e8be4dc3823dff,0
81419288fd23990c5862b9e8045634dc3e63a2df20d9fae01f1fb42c826a91cf,0
1379428b20a48c67d6463facd8cc5c50588043b29546b85c57b2d468b7d2d773,0
852f135a5385fce85e799f5d8bd224bee41ad90596915aa281780089bc98e6b7,0
e1d524c6af67369153267d8939d00fd9763b52b8ab10f61d92475accfa52ecd9,0
6b42e79c76b8286219ab7e130ee880d423cb16d3d038b68fdb5722cc06796863,0
19bdc4dd8431037d73eaaeabd9d46342022ec3b066e56e396da93aff5694d440,0
51bf363acbd5ce520cbacfe56b8b6b0b8845f95b7f98171c3467cc522862c1b4,0
16b998b825edb7940ae0ac3240f0f552051a805620c83c3713879fb4d5af724e,0
6e02e99fecd6e77cf217d14972b7bebae92810990245c43998bd7bf88912c5d8,0
4f8f641e80bc4941896ade6c8e241920dd6c219d4491203b4e28e432ca9e4d2b,0
4b282f1097ffb88748cbd976a99e85df8a55fed2c6b89fc2d864640dc136a27c,0
330969ecf44e195e46c1df1d360d64a50f630213487c814c8f669f57ff282557,0
a98c318a94c1acac4a8953511e3402a104a0aff11f80648a21895868b15c132b,1
f80787612b00b2932c753504e66e0cf01d44b201ac016f3c50ee77607f990dd2,0
aac4bdc277f183371662a5c99eb81d1a80fef02277735bad0797cb1b8dff9439,0
a3fec5b8e999bd13b96ccdb79a0cd08c53863cfdc440b5b9fc06aaae6b2d3bc5,0
a8f6d6b2aca4930ef19bfb4dbf2d5d137da403dd6b113747a1fad2cb07800e9c,0
d65d91063b20a3e855c7954ddab085eb69e2e5ae6a1d1008ac90399964bf9a51,0
ac5ff20095dd0bf4d5d36cb87a6d271e5574851843c36964ff55dee6f9811765,1
7e16976bd21869ca4f61d05372c31478bd9d12c824e09ffe4f082ac5de0b987b,1
12bea78c321a23a46c7227432e647a5edb81389783bdeed127326328f15c7192,0
86c20f61048eb487135decb609ba0349a6253347ced11997a53f0f7feb76ef00,1
af9736977a8feba3f7138be6c9ee1a61721225599acedaacf6b15e31aba48c76,0
508b43c4aeeb27aa0792d7634387c3b0fd658b8840e741621f5d39bdfc8d67a2,1
2779d2b3ec8aa1e1c227f4f09b1cb7da0d09bbba60b7294bfd967824b5e41476,0
9830af17ef4900693da05db319769d0bc77457672ca29246baeea973e8959c69,0
bd0b04dda894dfc0bf7876501c184e5d6de65bd2f9c386cd45b55e49e03912f4,0
633fbd2a0380bf7590675d76b23b09eccb158d9c97504b4ea1ddefd10b8ac7b9,0
2a29bfb8957adb38ef4a9b0e3b12644269da3f9abe8d39fcbbe861cad9007d31,0
79a18cc340c4dfa12627f67d0773d2a36f17acf72694cb831550eca121d91d17,0
9dd53d21e16ddff46e69601cb91cf02d38d94161da7fddb8571be8203bdcb3be,0
c4d4afea841c04d5974f06f7a81410dea239ca08c243b05f508e35079c8ae689,0
f493cb12e79928be8dcb1750491be014550fc188c811608c6c1b6967dfda6b1d,0
03e19afa65d76082a5a14147a758f6fd282aafa422c46cc0e9b90644ea236116,1
98293196773894b3e3bd8e3cbd9bb7df80eb7a12a7af24c1bc28aca49d7e8948,0
12f4219da10552b5cff542a779ad7a1ff19a0e68486e1f8f10e200b214b4c262,0
0dc3849eafd84046a068a9503a981b77b71179db1e95a2dde087213a5fba1413,1
4056b7b80460a2056a627d82c50d3e59f5528918995bc8e6c3c15b9b81e5eb44,1
6ac364aad9ba128c316a08df6c0e006866dd7ef00e1cd97271d02941ce0a308b,0
f95eeaf10e58f82c4470e70293fbee84dc9aad9801a54b92a72811f92b91d5e8,1
81293dca957438f83281eeb5d3aa2a6b883442011c6d6a69ee17c04d0fb67ebe,0
425855d1cb761bcdb74e5267f65ca69f4b96a9e3a091ee50fe84ec0928ac3083,1
f654a32dfafb323e96afe31a3c22f9a356827ae03c1e30bc7cc7decbb5288e20,1
096ea827862037fd0f1d9dadb4ca8a33895763182c0d932aad616cde44d5179f,0
fa2d10fa0112378ad7afb52c9e04d54845adda16f30ac03f86e257da37c21c08,1
304293a2e9dc07530b3ab0519c95bcefb7a073a1b5e4e0692967022795e6e0c1,0
9a2305328fe2eb3a445977f9b2d88c07710eee84de71614bf29dbe2b43422123,0
0e58a119fd70ea5e0e9b2a4eabf2a7394d0a1e7deeaf8766d61c3d598c6fb331,0
afd03266e477807f63b99622c3a2ad82b1978ccd34379f42886ef144da7234bd,0
645c31119898fe0463d15692ee8b1af5f54cfef29d8b3f92ac0c2771b55e8588,0
8aa0619fbda91a3914be21c3563e54ebbbb9b1d2088bc084351d04444f2c857e,0
83ed930257d3c7ecc3d3a95879d58eab8fa564565c5c7614609bea97c18caef7,0
5a275b836fc7a93ed880f2f2f33764daeb654b19715564e59b991f3361cbd35d,0
10b510c6a2cd2499b544d2950b3adaa808d00a493fdce69047a1e04ed3eec14c,1
25a56b752dd57d838ac1da6b0372887349740793c910eb0f63422db1084f86f8,1
a5e3536245e392cca1aa79755bfc055662a77d8b19bf99771185dbff9cef16c6,0
538b802478e9dfaaaa79dddff01b79467602b447b5e07a62bf4f081860032ff8,0
ec7d527381edd00f7c425b6a28f9d093e68d4405b60937e4a3b9a122ba44071e,1
0ee02d182e4e3dca3aec9d93e62dcfe972b48987cb918ffc9c5b4969891db02a,0
cf1e3e39e0259eebe90bc2e0d3c1ef350082e0d58ff160b38d7ac1b56f1cbabe,0
fd0b3d4273bf718fcfce700c4c0b4e6f7d806ef083bf2d0185c354eb87d905b8,0
1a517ea5c1603f1d977e722b18aae1964fc586bad9bba5a24b9626b902d91adc,0
62b46f1fa16521f7a4f6ba26f557f24bbbef834b072b7ec8ef3f0de3e015277f,0
e563c1fad82f8a2c04278b7bbc90b99eaccf1f9da6ebe3f66f97e0f2ec15bfc9,0
354ca45a9ae6a3f1a088cd872d05fecb1e4a7481cb5e1051a3c9d93bc250b3d3,0
c1bc2283f2d3ab113379db7207ad2a4600453bd6531cecb5238fd55b9aab73ac,1
1fc4c98801a09f990cfc22def90b6bc3c43c850cfa60603fd7d05910368099eb,1
2f4dc7d11808af0b29f87b55089316e3f9b639d23f14ed164ea98c83d7df97df,0
c0009168fb9a482c0c43928d628df6c6fcb580d147ce94975486df42cf4376bb,0
270dd7bb3d07d522d35fc47b61b11801d2eac2954d2d6b37987b9370f359acfd,0
537a60af7ba63bc195bb1efc4cf0e01d122590de2998bf87d431510bfac64c38,0
f776f9a6d944ebf11f1501b6e0d8484885e12dd9eef3d9adcdd6211562e3e44a,1
0bc154f19b0f0f0647f1ee4c79ec6b5d444b888fcab86c89b7fb31ce60aea77e,0
c34e850af7cfb54d7305331fe64a01bf649efbbef71ee618a23a77d522cee9a8,0
a9c5507132db122c2dff3203708adf238bf259399f6c58081fab63891d42d195,1
0f78858f9729db2a00744bbe29efd45cd73210f7481fcc3c6803d14bc9acdd52,0
15e4da48c250a69fe1673d504680720564a0a121d5c971d41bd9fdc07a770735,1
91217d2dd0748cf2b5326e0759846cade85e587e68b63c90342d1e66a925b086,0
370e9bce4e3952f71a9693e40932bd41c9eabb2bc10b92f1f8c851e59bbc4db5,1
e39d11c31e331bede422675c7cb6560218c92ec005c74fa3203cf5e9b38a7064,0
81f93f94d7f1df26812572847f203e3168b029c1e8447b66d1da25127e9405b4,0
de261fa1681bd2a79ccd0152c0a53faf028097c2467fd826db4a03f64cedf706,1
a006727ae157beb5b4c0c97eb5f2aafbb3ec38395edcf8f6a6667a86a82cdcf6,0
16817161ef1aecd153ecf77908d399f0803cbbdcc0037a2f803aea140acb0acc,0
b9502cddaadc3cdb683939ad4533a2f7f7ea67ce74c923c8c3334d603e954f2c,0
f175af149357bb6d4fbd2a17a7928f1827e844cd705636d7e4e39c7bba289e0f,0
296b69b45507a2e01dcd16ec8169bc8f364680aa801249f7c8fdb421d8a2dae8,0
54be872962dee490f0e3ef932e046f108550bf1f0c54f003b8e837d125f36dfc,0
7d970dac315e6c212d2a36ce82edfcdae5c9c93fe4b6bbefd242deb802e6c62d,0
7262de139940358f599203da2ef0997ac3c193860b8e4cc448d3f7a12e728ed3,0
ef1ebb40aff9962e7a50ba4d6c912ad91c581dd1ce2f8bfb1c15d755263eaa67,0
fe82f5e41bc44b163a185fa0b205c3791b4c5787597aa25326f7a770ec4d83f3,0
ac5bd810a55f820fa678a6a9486f04874a4e9651b6a30ffd1e1d30237afca813,0
9c68a025eb8a4ab3007d2092973d6cf6992c13faca47c26ebc95ace91390689a,0
481e3c59a062bbb4dd56add41b3880382fc4156c736182e94314efb4356eef62,0
42487575288727648ae773d2782698edc16f8353cfb7611bea4155388263ba20,1
ababc6265b2533d1678f179d8fc5407f0f0c5ccf4f28db6b9d9599429236c20f,1
48510a6b9a97256345a75a04ce2c657928e34d67890764a1924216685a03a33b,1
516fae234076178510c10880729f2a2872d5e19e8f95c3e1abc914919c7b0576,0
39208a41a30f3e981530e5ac04ae5db8ab7d383f907795279b509eaab034a2ae,1
b9184797c2237adc6b0fcfc0e40f1ddbfd8309efbf496592a12f55354f748156,1
0d5811730320d2499bce8d2dcdee0a020db8b90389f2d5913971c8f124b35676,1
7a37e9c78c502abb0c3129af5e57af72271eb317c0427165d3a135119513158c,0
8fe728682614c39b0d20ad681d2aba5028641e4c384021746911e5bd0be918ee,0
889e8b7477cd239bb8d1fd54eb203e587bdb3c426c523228c71f2fb3fd75c515,0
6c18c3134ee367d9b9f9c8c51e50c7ef9da40f756d99f5c382c343e6bb6b7a58,0
f2ff1dba1233a84968ef4e6d423d0cd38c5ba8c1c3c16df8b99e7a3e9b1b22af,0
ded1792c1b5d79550aaadf3b595ea86894ed28257ca632ede0f34eef3f213252,0
73de5b459d26b302bcea85acef3900d1244b5a1c09b4e900c705b335c4b5b01b,1
6e2207063ec3d7ef06918abc237e24b0fe45561c9edca7d69eb19095c97d4562,0
ee8e0b1263f8749e1ddf20c7dfdee13451250cb1d99efa3043ccb07b2a57a344,0
e99e104713576efae3d87636860f131af3f5f177afef14a7dba651943dd61e92,0
0491c779f23b2721ad7a9ffc830c2fbf2acd90750c61a03dc10d7361ef9008c0,0
0664e4cb8c5540465e90e6f96f33ae48f70f963eb186051e24c63ce461277668,1
7a4eae771ff3dd3054a2d72d822432f21d25328604d30f63223568bcff9f6085,0
dc42411e71839e4f7779118696f0c0b1c87d345a1a5680a3832b7f734d25360c,0
1bcb71c1a43e9f697c6edd8ed85b5f0b9bf1a29cab25ec2fa2151ee05161105b,0
5814beea1f9617e5adb467a05811b94522fa18386402683b2b7f5b5c91bb8a9d,0
a39b165bd54af2b564f6c52e73ea522bea62f108430c96cb61d1b7107df9f8f3,0
114fb733751e52c19fa017b7e9cd418ffa6eec50269fc9ef12ebf6c9bc103d8f,0
4a79b87b7187eb5964dea15e166fce4de3514cb099117bc229ea18ae558d6b19,0
25d87ef26a62ae15225131d1d42ba88f7e665057a61d1dd3b0d2212bbfa50018,0
ac7185c4a68be04bdadbe839c0a8a86c115595916b0e94a0357e2d33b537317c,1
db3e659cf09fd4a48ba1084d5ba69ca1bf0ada71db83fe3d360e7e1954102f85,1
ecbaad954d538f7d0e52ab3a2a404940f483b883a87775e9ed370068d99626a8,1
5a2537cecdb79af95404d2fae7882124f0bb059953759c9be1affd96b2562187,0
3763b0c89d5c45e7a5762d46ebbc6edf4cb5eacf7243e3eef4311bc6cb8373c6,1
064ce9ff8048d9d70c7038ed264788d2c7fa630a55b5fd749ba706bc513cde90,0
0c6ab80a316a3551fcb97088abf397b0d8686a8ef55df49f07624f76837da456,1
5a44794b9bd291c52b671fc0c53dccb3c360339a8305e1a0a6c1a6d3401c70ae,0
3e32129c38603bc53c9fafac7700398731a7b560011428d2fec7b7e6a8c36449,1
f03da9ab0efa6ac373c62cd707a4cf5501ccb42d0613148b592293fd29e95656,1
6c918644fd6638a0a60e26bbf42230ff857d57f457dbf8443f4a0877fe161f7f,0
66f7b11aabe9bfb6625701db9f965a28ec8caf9831557e92fc33f4b71a778c25,1
b16bb4384b9212fc8c295ec2fdd422c107d35cff283c5a5fa1c1c48280c8ad5d,0
3730e997ceffb371535b1c62e976ae4ce5f1374df6de560c50bf16a2d8ff4129,0
33fc4453b02a578b39344fc220f78a7c0c80b4316ad04849e6477cbf03cdf157,0
4c7219937f45b21785212cff6e77978d89339ae105395c1975232cf22d2c5212,0
89e86003b080d3694c072bdbf66a5448766a67faf8599539a34e67f235289f3b,0
a5ddac494280807868dac2225efdad8f1f1621f1af259730e7ddd7b60632375c,0
611434d64a2fd8678d1b801f586059d3041613a1e9936fd04e34c0443dc6a89d,0
cf6963b8e51149606a35c7ca85d246ac796a6ac293d363b28345b0eb7551749c,1
00b2c7f02d388aa81855faae35b6f28d338518c92a69d29a37e776f55f987b40,1
e6467c9ada042f4d85f6420dd32dee1d1a6f590e4fc4157ec119c2ca291853d7,1
c286a7003839c626b2281b961c7d10b7e2f3a2ccf1d7f675feaaec2a5d081d0c,1
1ce4dfd0fed7d9d5b828b2bc619acf9fa11d84ec7510178cd02f8294f39b61d8,0
5b4ecb2c4be9976d5fd850a5a27dfbea67da9d88f6695c7467229c7ff7e05f65,0
17d3b3337121460cdb008729d5e163680db6d2143f6b4f6af9138a56a1950a3c,0
24893e120a53ea9e579808ea6d6d79ff7bce61a49b28971fd95a27461e854018,0
2cb56a366060c15be40f4629e75525295566e05e8291d172f2d1699c77e56819,0
3a0af35df632ed2f0abe5fd96898bb18fea023a1589b504e285fce285cb828ba,0
1ceee2f09693f95554d3020925bc4d9d5c03fcbab8d1a6b887abd1a51212ac13,0
b2a4e5bcb1228f16ac9b66430082fb955ef4949fce4fd2e97b8a99dfd3335097,0
27f5676781601efcb2ad28cf6417d99851b5c7e0f720fe5a5638ff75b67cf34d,0
2e203dfa651c10c6d40e8933f4da4fd0fa2b05d41b88ccb49b47656a965ac683,1
5c79d28b7f9d3818593cf880e6878da6a391777773585ad3104d00f06ec92645,0
b75e5825fb08a290acc6629e0327905fa9f35ec8f3f960efa54e2f3acd113ff2,0
aa9f3365f128caca6265e39360d3bc9f7397affb9cf46e6cb7e0fc33ac069d36,0
b4c13a3d4f285b2e886198cdf4f691c8ac71c219f323cc07132b8a05817e75ea,1
96570e1ea696e3a0119943ecc1758e04d2b7f71cf5e7282a286ad761a0b70ab9,0
fae5fe4226af14af8e709b7d3f826763bbd8b1408e3d2f2fd2f1e60ef14b67f7,1
7bf8d02602f8d87d078920a0691e00a51b151b9d621e7cb84586cd2f07542995,0
2cf39cc36c272b60b5cf01db7566a0678bcb1546fc51e91f967dee7527422aa8,0
b4b3187dc000d37b067888572f460e0b94863e92b3288b8567e5392311857ada,0
8124a0e7300049683aa64881a3c209071d932e4940d5f113cf15b91cbd00040e,0
7490cfe66c0e6b290246f7eae27ae6367248a925c1a9d896723b9ebaf08f98e1,0
6a36e068710ca503b66c2c540324f8ccc8eb099158a5c0d6138e8fb34b025693,0
70013520acfa39688b48c7df4e5e32ae0e12ef5ee2c2139d65d2a22ee3b04a55,1
f23f4dd509a3e2cd37269beb7a07cd608b773b2c90919b2fad616f1639d76a13,0
c44cf6fed32ced5636af4cd0b98cdc300f14e601a04c59f28de6e45daf4446a9,0
05d5836764a2cd84f54aed761cc92c4b62cec0de9500bb8b2fb09fba3d4946fc,0
5134784f84c2d0dce852835ec4be1e735d5c81b683631fddd521168a01a20c46,0
4525aff03f5861549f79ec0b6b45d8c0527dd148686ace323cda9674d36cdd5f,1
82565313cb7ca8f66aae0c627667978a035d003beb11e53852d808f4e9ffb8d2,0
71b1bec16edcb21a7fd3ada15bd88a495851ca17ae18af0bfa633757bd8c3b12,0
0c9aeff8110806bee928a4a7280174e1ab81557a60f145c97fd16e975c786edd,0
a5bb459009238b930bcf77e7ccda1d2721be1f543d9b82b83565db057b987ea4,0
5239da26add09ef4124bcdb1d91b247ac3056af4c912cc3392b23ea6525983c7,0
74db7576f4d502392223c94b5689aab4704c61cff0777c2a95adf5a9b94a3c2a,0
8821d385f508a06123d5f43ad007fdb52d03f2c8e567a1bed0afdf5cc980801d,0
b88f826d1d2ba0705eadfb90adc8b24b6bf73d83216d441fc4b85486607e1181,0
3bd6b1ee0006f63abcee582bbf57e625351b184a7fbd42f4fd2bc6317f5550c5,0
f156039463011dd1c2366145c1637e4d5a5ff5734cbf41b3633732b65b1a09c7,0
5bcba6af593b7f077273f01b26dcc352a66f76dfd9daaa6942aa21786db372d0,0
575e767e3c2bec37c7367f73f99b3a947aa8925d3149b6325e34d3821f9a49d3,0
6277f6853712ee1f2da9b2a36dfdc896c1ca9b370ac10e3f740d6fc8719a1be1,0
85348ae308738c595fa7ae7dbe867d1f0c942b6f8c21bff1efae3fbd1f434cc4,0
182411d4873090c0e3d7ce13f92525ee4e10cb433cdac331bb148572f2d8e6a9,0
1786fe7c3efe7c2af00e19b7cd908912f951dee2c44ea721a0ebc2b51e89de0a,0
501ad6e63979255c5b7995af717b6a11f12056ac7812db6cd7694ea0abf01fe7,0
3d0b8ec7adb291dd5bc1911b0729d7b536dd1cf1b6c81e51c56bd0f8312b1778,0
13c03da08ca22a37cdb41370716e2d86921f0ec7a734d8d0227910f1a8d6c10d,0
34282b1c7eec995470d51530ddaaa357ce14414ef7de69f4b0bc766496e686c3,0
8732dda1d3b4e324ab162d54e820510574e840d3200efb19b4272f0e0118fd5f,0
b3a54ee389b9da0e52652f87968593a0774ff4231d8a491a5f63a6bd24202b1c,0
08f53ac01697e3831a3c92d6601c4ca9de9f471c656700d6d29e6807f4ff275b,0
9f995730c6adba126969092bd13b8cd159b944c0efbf70bcaa387aa032425d4c,0
7f5c6ce5007504e8c9085edf5aa6fadab1f31dd3ff80e95f112e1e30821e4e18,0
b8575de4ea9f874cbd12ce9116e94eeebd86d3557602078b2027517813c7914f,0
81ffb4aacee034444375c02103c73b4a9a1c5efe230e755964ac1e75b06fb1bc,0
79fec1ecc9271d9bc481a6eb2288e819a4acdc87b2fa897da7a9e1a7f2dfdc1b,0
295c68cb357cf22945c885094e6e4bf99e46af3a697e7e59bdbed1f70356cad3,0
d0c30625795ce0bcc0d6f447019ad95db6d6822dbece12d4f2c77566f197eae2,1
d2260ae44c9566e855872dfecd0934b4c245ca1b3a05fc80ae668fdbefb639a4,1
1eec2bc93e8566f115cb7468842250c512d075047639338345be8c012da23302,1
5164f296221be1c2211aa59817f2e5a4035ea95b0033ea4976b563569c58461b,1
c979461bd06b0f2d93cd43e531480eab832d2dcbe4b7feb0c89385e77096f8e4,0
6123581fc7c97c875612acb6fbae0797a0231fba53c5511a5b667e03f80e9ebf,0
f31095bc23c4dac66814fb7fc2a2e0ada2530d2e596d71df5b246dc762d52257,1
997ae1060ae0462d7f19aabbbfd15583a8bded37064b282d43d508c0c5ec057e,0
b2b73aee112a75e4c76c04aff23c0751d01353039bab89fbb0bd8f6278879783,1
aa756da32d1053dfb0fbdcc988ebbc7c206d5482611111e30b9a79aada65bd05,0
d61d44d03620409fd9a0b580725cb2d0111b89e078215e0a3a499ea7243c60ec,1
a7a653301806dda252da2944df3fda4bcd7964b51297fc97e639f18e2672f576,1
d301601246b8e8e8b609bb2ae45c982231c2cc4f5addefa82a73ce285f308217,0
315431b4b8d810ee05572ea337633bbdb50839a3de4a568167d8c37b239019cb,0
b3b9b46bf18f569715238172314f03d493c341aa7be5d474e5b7b0ffad96d5af,0
ba2abb5541bfc8afbebc2cad8457c0223fc5f41adf23214ffbb22e3a4472ad50,0
cf48e86fe0bc6c11a276bd4e58ce5e55b881d93bd9b950ad562e3e0c92555898,0
5b29bbada5d8ead55a7d422a49affcf9714aa54e2319fec7981c03c006465258,0
fad3beb30b42145578724072fdae079876ebf82634c19ce595afed8c6749a381,0
b088252ce17561415d7cedc8031d4338979e50c5e18a39fdfc681789adad3dbb,0
c1c76e86590bd65a074faab2e68da63ded30a112891f8815f3ec5474e4175186,1
fc28b7a27a4f630841c16584a606cbb11c42c8ec70b05725171307410cd9ee7e,0
38f84036bc7dbea1f3380692a47c4a7bacce06f721484b8f7818b8058cb28988,0
a2acdf72071c98e426cf97a384e09b74bc8b0312638864553041ec6f86354b79,1
5ffe86fc8ddfa854a8c656601208a7384fab5406297abc955255585fa5e3e281,1
0dd1db6f52979c5f3c7475806a5cb500c9b8e9dda52bd5f8ec18bb97dc447cc0,1
09aba9aeed42d9720bf57aaee3e23f2220822f8e8038d8282f370c9b263e1de2,0
8c98257b52e7987902740d88cef352149dd157a474a64d408a02b1eb28a34a1d,0
7d904894f3ea11b4fd3b7826f4f23198b4c044bbd66696a678df70ecf42af042,0
ddad3ebdfc488f799afdc00e1907265c6055e0fd6b263fef2f9b61a2f9cf48f4,0
6ff97d4fea8fc658b49029d476814458fa79557c9e98512c29f7f4cd58761184,0
fafa77242ac95fad32a01e2df4cfad492e51782c7d04b4a28d8515764162e2ec,0
598f878b3678a13711b867bc1e43c9692a82b889aef0b2865d6da6a516086acb,0
be2f6807423fb0994f18692a064b360b48bdd3bd43f27d5cba9622ac8e9a151c,1
19fb35f5568cc8e1df3bc64c849e59fb6571098bd2208a83f24f4b2bff4d0fc0,1
6a1f1a49df69c5e1cb18c03cefe3efdc1b5d148c337c9683fe498f3c48ea0e97,0
bb198361392a1906b83759358b6c0111faf71c4b5e3a977db0fc7a6c371a8454,0
f0627ed154870e4d8764d92819db965d0a3422c182bad9c3038727907e1ca8f3,1
fedf331cccca7e2ec34b4c198d16a45160c7cf243bef5d4f08c874bd0f6beaa2,1
f48be616e253dbbb066421fc5fb6347c9db8c94e64e86bf1b3ca897a2ba81a7c,1
a1357b2121269414e10b60fe488e88d0e6a2efb8dd6a51de3619c7ff0c33256f,1
9dc03356ac4a5905c5fe9743aafcb2bb679e634ea4841c8dc7c7211e6c10da53,1
c349669b77a520ea5c5a00f6cc0a56ed810d83717de5597aa4db2ca6417f5951,0
47a8c3af2ef49fbcf8f126011577e81209fc02934b2861f8039efc7d541d04fd,0
cf8828f15d793ba55c7469f0a58df9c31093ce8cf9bbb83779cee42ac1532275,0
5aa7ef503ef77b41fc28736e5f9609206ac9b9aefa13cff41563357da6cbfcd3,0
bcdf323aa2885daf57bf9448902d923316ceeb748b7f2ec1f7549ca0fb19d862,0
d5e8a50a68e756b511da5f859ea6a3b49603e2f1a3b054af33b06a525f91c40b,0
4e16d285415735eb90659c3dad6b1468c4456e253a83d5ddbfca8fc2574c13dc,0
1671a464f6458a413715ba36afc46a4aae472994dfcdbaa75fe9258ed45d6c69,0
3d97bf4e882eccb5d1721cb9b2bb44980b4aefa847907ee595cd1b5dbb1b6366,0
95339e5afa37f35642e3a77b2bd058a23e33c4f1951556c12076b36785790fa0,0
63b54bd7721946f3e9623184bb77eb03dc6204603e0277efe142737f19a0fab5,0
0e74f9a7f5636614e2515f8d54b0e0457d09c8c13e54d806e4c7a4a451be4eb1,0
39dc0d3fa04dc8dee4ea0cef5256cdf8c1da4ef652e47e82dcd75b539a62e972,0
698b08c246b41d1d864caa7da9b9de761726800eebd794297418dcbd56079756,0
ad4ace88976ec36e381fd661508aa8b1627230402c9e4429db8328ba4461b9c4,0
8e723d19303f7d3bbbad0aa301d9c7efd062e5d56b06b8b7e1667f092ac63789,0
9f85d704bc49be0e03861543044a373cd22c7aff5f9a46178bfc4de8232cefa8,0
f5cca9d49881d1aead658ff0e4d6e7c09929733bb25dd7094e7398fa9dd45f22,0
a1ca7351861c56438a6a7d093667ba0b5b518ad694585e6125bac31d52071bec,0
ecce60bf244315c960236b56e54d3481017f74e89f5fbd8ae9c8581fcd023077,1
380ddf480f298d65a704707223412f4667a299b27900db10785ef7faaa70de61,0
b5881760a3954089981b55d81caa0242eb223650685ffd4d896dc8c5a0ee8d34,1
0d0875a0ffc6edd4aba2a31873e4e864c2d3f94a76562f4eb1b270c1ba386066,0
7a3f26f4d2d0aff781b7a68e64e8008c87d04440e753348777fb7c58313a9365,0
3ba222af2275b3bbce136f945627d83986c78b6fb312d1397744c773ef7fac94,0
a289bdb709a4aa9a15d448a2432fdc932875bfeeb925c3b19365842aeab07624,0
a81bf156b89e71f2969d77e4fc12cfaa6e75cca2c74302cb531a62e225d0be10,0
b15928782730a7740bab9dbf1364180bbe8533e5773307e5cedc98a2447ec661,0
cbb476c66120270319b2050c580cd8a5bfe22d40b59f128a3c4d7bc8d1788b95,0
d3b1afd184626f9401900c5a3a7813ace9c2a928ee33cb1710d9a775724e7d12,0
b4899e021dcc9a16aef9c726bbe18020c95a565b15ec34d89053d073df935937,1
9bbd7451d426e3342f6bceee5a385cb4be85260a736fbd72c35d4aa15907120d,0
49172fffae5e91a959cf6a82402dc8316e39f140d8213052a4f04b60bb59c05b,1
2f0a9ed4f3d8ce369ce55a906c023b6f93bc3211e19cca6df6aa1be749848547,0
a24469266f6783cd48ea35f501dc18f09b6876dcc3549d8d68119f92baada3cf,0
b0e4a8faa04eecbe999c4f3b1f924c4bf86a874032a8aed87dc3481f2b0f33f1,0
51779dd9a4ec417d7b9454f4059f0ca75114218b01696fbfba673ad3e6151a03,1
6f06f341c3d85a4b9e796b1bf4ae9bb3717d39d9b642fda5e046afd9fd0e3324,1
f14fe0a3ff520099e446126f1e2d42642af78d99e996f5df75fa6063399b4c3c,1
045f29005804b6749bc71c5f2f7013fa42ca3f0a571e5cf74405a8d5d4ca3b0c,0
19694d967041acb079928182cd491991d7ba6f0f8265c9d17f5c73488e152d92,0
fad8ab3cfafc5c658fcbff2c80d5ebee63476463a3f9de56bee75db794ea17b1,0
cafa58c11c1ac1bec34076beefdc7c5e050b236dbb12ccdc819d8d227ae4cec8,0
fc8a4070070013c9f631c98f969eda3281d796bb84e03be701992cfde5f8a32b,0
ced9751097598cdf077b88a326dd00e0bbdf7ebe1b5f0b61d6d134c0d3aef743,1
6a3e06a27271f7aaa204d15753d78048b2c43e931104d4e7f73a427ecc74daee,0
05762eb480d0005207911738496500314469c3c3030695fbc8c28b8b10e80baa,1
4903ffbf0174a3e65d88e96c56d0a771bde7aec38252b67f95e05dd7ccc4513f,0
e0acec7c07e4fdf2e53b81327fc4f8c3ad4b6450e3547aa6d32c3d26bcd87679,0
d780d19eab282b53af122c54e90e9c49aec49c0450bb34438b76bc502bec252a,0
1707032b269318ee2939714d8ee1164db1e845a9fe27675242d395b53015429c,0
89db013dd5e2e268522e31a5b2e03166b7d942fd6436aad73947a3dd817d1302,0
cd4086e8732990bec6c11f27e0ade4f293f6abb9150100976b13dacc6ce2bc3f,0
5425251769af373aac6984a327c1c45cc41edc33edf585dc336eee3ff0a9ff7c,1
ecbe843dc653deadeff70d780d4b85d397f19e73b0b9022c64164079c07bb4c8,0
d227bdafdcdb205099b67c1afed6fd243f148461eef58ac8b13c36e94c6d03d9,1
bf160d4aefef33fef02043fb55bae1d53d2aeed5c14ce3c32e0845324bc882fe,1
0cc86b45b96136b34d5913d6db5990b9cd053f1d058293a3496b0dc0e3c3d791,0
2c92c9f431e887189348b9cd0d1decbc40737c405daa7cf049bacb4549919f0d,0
32060df592aa82a850fc7812b23ad4b17065b52f1aab32a2e8ebb7f277b560fd,0
6346cb82513ebe1fd32af29a13c8991c685cfec2a1e8cb8f4fcd86192761ea83,0
c59022d5c377e2f06a356828cd8ca35068a142cbc1427da2360a1013be018e6a,0
2d917ee16f9c3e83f58b76381f44abd99878d7d307abda6385197b2297f5e463,1
c7734b5b5d6b296e76000197d6037eeffa452b374331a66acc30b5cdb6103bfa,0
315ffc3b3c0703096c70485cc3327c3b7869b5bcf013a830fabbd10ca2909c7c,0
75dc2ccc933d8ddd398c133d331d5c7e13a5385bb13155efd4000f1e6afe48ff,0
47a423dea20fc3c93a5f68e32d54ff25ed4c4cd1c9b0c031884638ef5864e491,0
1087ce163b9b8884162a36879fb087c66b885d5ea44fb5f868506e3efa36f093,0
e595d5235edff252bf9e2eb37b9a2afa9182bc559266fbb8a09b067631fa4bc5,0
6cc1c0afeef9e51edc26fc91ce45f1d97dca114033415b5aac8ece3d768cd7bc,0
22d51ba94c552765b425bfe2e88a7601095c0ecec7b0f99c8be79cadc6f16435,0
f067b2e5cbd9905a2cd2ca07eb8e89977d56e8a0e384f47223b03aaf3ae8765c,0
c58fab5590404fa819eb867cc2deceb7f639595739382dc3221fde742e4bac73,0
b3fd2d54ebc59801e14e7757405df35c2d19a733cf5693ba720c2a547ec8151e,0
aae24dd8556d483bea540f75ef408c815beda345acd86ea4c1a82e7123103f01,0
fc98b2ff44c101542853d93d6aee1b2b870097d3b6bb60da4d86759f908ce9f1,0
4f9598a1d47900e482ef17ee42596d99fa86beb63f59858b268b0141a1f76193,1
83198f1e7ba6d286fcc3a9621191a9c3c38bd6abfaa19b67a50437cd06188621,1
0abfb0859b632dba4f1f08856b1781938a74d77f480a133d5d7a3af5adc9e8d4,0
560e123502845e8bff1750ea43583db8e74cc1a2160cebadb23d551b5e36f6af,0
7dfae9228e4e0b72e691354312284401c3f933bcdd66611ac61a0f464b02fa1f,0
c2756194b05f2752e71b53d05928474af606a43e88cc7e19fd7bb46c508e9570,0
5d6d34925b71babf003afe596d6d345c305fb890d107d2dc210f5292606d3971,0
2564733c36bafc19f47babe0d2dead7d198d71ed1e480a32d7d9286c44085738,0
b0af184523ca0f896ea7d5e98bee05af4f2b7a8676595a3d3c05b77041d4c19b,0
b2646e734d97f0ce4f343da0c4e71b9a17bdda4ebc4adf2d240daed650518dde,1
55902a1d2a80c77cdd6ae3044ac610882a99fc36b212236ce2d3213bf620c094,1
533d435f45510e7581cd28de056382b2dc6027732cc770a409f7f9f56c6b0b8b,0
8dbcf7e042c05e14b9122ef85f0759c86a46c55b5142dffb9b7f9b08f4477cbd,0
19c4b3f9a6af74190f1400f0b3989a5b68e2371c24678c7d0687297c34a111c5,1
ba0f5aca92c79d7afcca636498bdcf06123d60ee7cb3f283bbfe6d1536e7b531,0
95cba20ec26e315f56aeee94e50cc5ce426b7c9aa1c8b6f9a281de4e99c25ce1,0
4a6e391a7cf4ad50a17c2013dfddfd5c7a60b558de3a98355f98064d5f639ef5,0
99ac18dc334b130938805b5a737d14d696362c33b94d8139bacd1e6ba5d16572,0
e615531fa8858b08aa7a43df1dd472748b70dfbbb406cc77ff0c4e4e9b65b70c,0
c4c65d718f452ee8bae3e4de1a8c9388ee7b071569f1fd9a923c979615181c02,0
7ea4008d194d5e26c17633442fb6c492743fa4ac48d15327f5a7f3efac23ce71,0
0f2819faa0bfcff7f58b31ebb375cf0286a559b26243fcb421b92d42e413d037,0
16073d36e7f020607b2af9a1aeb2d34d302d0aec0ded9d596a43f6c0652854f6,1
aa4a5ba1254335c6f35e4fadfb38e5c587d19d4b9c92dc0d1a2c80e76aaa996b,1
24933713d1af6b4b96b10d2b009fea657146e7ac11209dc10258864fb59b0c89,0
c4cd45928c681ccf3e06de8a6dc559573a51de616e86754bdc2e0b98dbc99227,0
32576071c21cf30c2ed1d984e2e4eaffb12f5496d9c1c338d28f3a56ff840061,0
146c301abf3bd6cf8d6e7f766ab492890108c171618a885ed88fed8470569718,0
f37701e3c745f54c5c776f32040e997303603ea15742e78a07dba0c490f133ca,0
fb2cc85d361265cfbefc56b20b8f819eb9d7a08e38dd484b5ebfbf022aaef299,0
051ec21b0ecb91ba605552047913bc47a949a349d3528fb00f26f654cd37941a,0
c5bbed74e6e685be279e0ec8b3f5064c555fccb19e8c4a034dbd1b556e5e2830,0
c07d5d962a7b7950b7007539d2c9168696697841a4912dda3bc9c8f08bee9ec4,0
494e3c4dcfd905c85dd5d69ebd12e236e33dc3e04458fa65105027a566d8ee74,0
4339dc2255a2f5ec6c2893a5809ed0279793bf5c0c4356408b4e0dfd81303886,0
aa08503a2be42ae7f87a8d3d14171486c7eab6ef57cec9c503f0fd47da11507d,0
0c8a71cbcc4876964a50e9864a3c67f345a35e339b9ad8070d86baa881616197,1
e554bfa0e7582c9a63ea7be10e0934207e1d66c0aae28d49f8315eb0508e0894,1
0389267c825e0a900fd56847ed378547d56e70231312dc590547c9b90fdf03fa,1
95fce28c00b8642a793a1c5b98d16f83dfcb9dacc8efdf6b2514020dcdb904e2,0
b645d5661575ae3099db474a1d1cb4325799e6a9b8f299116b0233862b3f9771,1
f20bee952732260d3ef2772f4e3351650fe723c4641a8667ec465fe79c28e699,1
6c123c7bf4280c3c92858aa6403130d14fa0787e3f8e350be69213bbae210792,0
60e519ab43c5f977ff44eeed0f3ba3658238f408ee1b26313d662e70421de85e,0
41b958e499e339880547396e69de1e070339311cbe85a41915277c8e58e74e6a,0
45841cdfc309a8dc42af82eb511bed6b9aee1149e7be3e5098353c439f518ea1,0
c8097a7c075263d5f4cab97c2e105214748d75645f89d99099e284c54a72b7ff,1
e84537227a6e64a26763af3c9ac1a1a2e17c420b1464212ae1cdaa445e5370a0,1
935628a5cd4094ba2cb78d4bd84469f3b5601fe226356a16a6f967b6dab4f8af,0
359d1f53366dfba49d4096219a18f9addc9e93d6d74522bcea09a5cce3d4c42a,1
ce02be719ced71c1f171b933f294c0751ee2398b0df591a0085fe05c76569c87,0
6fdf382affcd58a92dbc77bc3ce8734957654c74c760bb18d8384da2a3fd3d18,0
01f8897e0ee68ca4087610ce18bf5c8eebbc99446fd69fc9d89466a53b0d3198,0
0d1b06722f78d7d57ae9a7f2e57fd375021b54a5f62588f4c820c9d552cfbab4,0
4ba70bea7ca257f5f8041cdc4b3f036a901e5756465e700d5fab8b9c8dcd4634,0
befd7aae122be46abb1f114edda9b8cba2a5ecd9f355cca634d904747050b758,0
d85d194342b42b568d66d0446830343109a4ca52febdda48faf178b51bf14cf5,0
7a0bc3c01103eac87e85f803172de85ab2aaa031ad7c1f953ef0baa134f437ed,0
30b8a01942d83be70e333d2f0b11bb9419869c83b4eb0f36979fda1fb4c7aef3,1
4bd595e23616c9bb6e800018751b3e00b7ca779061b83d43dfaeb0a9fdec44f0,0
1462c329c4c3f9e8b09bbaccf49d0a85c50c1fe89a62fcf103e18833a4ea1fc5,0
a6172dde366071c8293e5de59a490240c20d84253b691b5ee174587d7cc0dd3f,0
bc615dc12be1ca140b6fd135958fc0ab1e214027801ccda05fac33de81f66214,0
303793c6f35ecb0de7d640fb6c2ad5a1cefbcc4319b10ac762d81c1a06027329,1
d925037352354dfffde9458610983f394376dce406c7c592c2781f9ac65052b8,0
6841ce7ae4492dfd4d2315d21ba44a31cb0328396c1e0d22ab9bac8edb6a5166,0
673f5cb198600edf2c4c9b575df2d6274b81db3a8ec147dcef1197bd9622d5e3,0
2adb0a85ed460b6910df0a7b644d966ef86925cf404d2ea7f5a7d8722ac5443e,0
69d3b42d71565ad86a9e21d75f0e0cfb234ae26791d67a22f69b1e42750bf1f1,0
512dc8c390f36006f195081482f0badfd07200641bf7a5bab80ca61aae5dac8d,0
014a1b4bde4bab655d0bed9983d861c933fa0d6d8c1daf3ec04d8649d603a2d2,0
3c333eca63c14b13265d9ab33e146e2493591e82ca84e19457ef1eaa8644c1a4,0
483ebfc5dd3d27a92d52ee107d2e7ff91bbf834db4d4b4000d67704b72de100f,0
36042f12f612c40a4270f70d50dc97fb0d7d151102339c3865cc4623cef32253,0
468129597f8e0d376200f4297f25027cbe83d1c772fe39edc7092770e42626b3,0
e0c0c4fa1cfb835a845b7315d47b444b5883f24b4262798d70cc28e76f8de757,0
85a86d06b0ad92d481c29334d5f53217fb0223cf873596d425cf3f80e5b4abbc,0
40938de174d98be51b6834e79cc444f3b04910539f33ebefac981d285279e4cf,0
bdbe315506310031f4933cddc32f5133842f2a22fbd2b50525a809f350cf541d,0
f2fb2b7d6d13122478124eb3499791e0eb2a392953c2ec38996b701b5f0d97a8,0
b28986894bde8946fdc37aa4a917d4170a30b385d6a578bcd4e905e2475b6126,0
9c881b62df183abf611b11705ecd48cf60f31638511dffeb07a504e471b4bb39,1
966d610e4ad3cd6b9bbee265d8f410c30fa7f75c23e7eea6b9fa9f41bb91047b,1
895d968db275e173308995064c4c9ac2f6d4f484ab22ef9698ae387c9cf73669,1
7c1597f5ef4823ae16ca783c3c58e897c6e20e49053a7d03c7d84d3796bb3a0b,0
75993b52f47f41b3d96e8d6b02c68d2670ef72e2480b670b4ba1a27ed7d23928,0
0d78dd60194f35e299ad25fe5146f92449874ca32ede03c79bf8320895fac4a6,0
d0e5d74c1713054f06236a4ef5a74d1c71167313c23fc9bdb60abed7c7c8a26b,0
fd8c54730a881c56f1542989a5af3edf48b6000ef9438601e3df358a6c6d6f74,0
0572371131d23fb3d1b50cae465767494247ccf2f1e8c6289246e5898bed98c1,0
81fc83d3e2bbb1cb87e42f36b478f5a332c73a5a78485e92d2a647034637c4b2,0
176e409b67a451f426f4285e098553664b58fc1e663041ef54c6085c59b0b458,1
85b19916e57d664b52623a6e69fe65287747aae7dbee9bf3e93bff13604247b9,0
9808c96c7302bdf9cb2dbb427b0d65ce16bd3d564721f26f9dd2ef1dfc5c9681,0
a9b10674fe32139b67161effdb42e7855ecd70fd24cbe58000c971465aaa2a60,0
7345a431667a2a192e25fe36d1578b3af36611afe510fdb5ae1b01b3a3ef4e49,0
753eebb790477be66f99959fe376bd786e057b07a3ca44f18d5fe76b537b8be9,0
a35533b81a510ac3060e9b70383becfc6166960a0dd0793fa41ab45ca8e07382,0
2c65392ab710cdffc5a66d76c42da5ef1d47c8b1bd4ac0d828556124208da142,0
df69b2bf91dec2e16227ed6cbbad294d96a8caba7ce5e813095816002cb806c7,0
37158127dc6f5e7fa8dfd5e4572c1ef1bad9c7b83ec0196d505a4d0e9b87e0f0,0
3e93c9ea18cc5e96efaceb27593b34de0b9ef749a3601bb108ab3bdcb1d03b5f,0
4be191e388664947eb0245d99c1f40d8cd547bbf398daf0fd1d1884e43afdca9,1
a4d9ec2c015a09ad3dbdcc71fbec792a8d0f2496954b5a5623476f587942013e,0
edbd8ba3fab6705df2202f61210ee67a9ce331a638f9850e7d5dd8afb1a2a7e3,1
4ce175b280201fa123c7caf6598a499a3e1b4cd3e9c3148c62b3646c5cf818aa,0
c61902c9fde0d55b53fb1c7ba7a4d296a99c91780969d7aed36cc8ef37008a50,0
c10b273e684c3f4aaef6629ca17320f55e5e405da00af9bae7d477bbf322aab3,0
91abd95ae1de4eb3683834d555cb999feb36fc75564cfbc273ba2aff80bd85f5,0
5adc7d82d23d3ccfc92ba93f90f44b70508f7b0a8264178b886077f187e87fd1,0
d62f71aadbc41cc09e849904124bb558b56d081d1c0f1ddbfa72d77074dd75f4,1
f7328065b65cc1e87f8a58b6ea21115f6a69ffc08ad13cde9b298165db223947,0
ef38bc010363205cef1c87a64843c35546533caf8ff406aa0ea3c88136fb5414,1
b24057b4aaa6b1bfb793a203c06e395b86cda1130cedd9ec96b24763a42b672e,1
e5d9a3781d50576af8ac6bda1b222ea6630446be9e712260bcdba84040a151c1,0
2de54f5001dbfae38dd73e6037671cf00204602bb686cc8b7ef5c7c9aca81506,0
185272b7f7f6b77efb0cd492423cb9699691c229d30219d36b809635f0772cf7,0
8f075b24fbe1bc77fea61ef7d28a17c718c00cda84fd74f9c6566924b224a888,0
ae9552446229208ac2b9a3ba658637341348290eeaffe22f41aad9230c140bd3,0
799095c3bc172cdd53c3b82c102116a75bb32b8e1725f1dd966f139af6033c40,0
7e27fe3f02a3368a4f9e5aa753523eba514220c04af5cdfde52af253a7fb253e,0
a76fd3c919fbbf701c4b2ef8ed7280a0fc75993b065153fc054969e9e177a281,0
f71b307993e8e33b64c9d24d7fda19db6979a0bb90160aeea4a98a7a23b3a6e2,0
75210cf5f382f2451f81c3f1b30276a2a36562bd49a3b4c5878f39f3f3a6a435,0
c624cde0ba7f7615c9e810e3a730222b55583a33573d54325057a1dc1f1b3993,0
889f5c4c2cbb7fc8995bd4507e171b5f6644ba53859a94c5d0d66e3851c0ad10,0
f304bfd5793c5222aa77afc88ea06a1be02928313325b6b136596ad5e0959bff,0
97aa52ee288130db0535d1b137514ef3e3a0e6d5e61d85ecdb1666bfd55ec127,0
7b795571da126d113b366ed4db892d39b4547cbc45db1d10039ee2fffb6e5566,1
3d3cac7bfd2840c0bf60782d8d3fe893d2a9aeb12ae244abbcaa58b557343afe,0
4d551d140fa799ea9a96e9c33f68cc94b2655a8c0407232cb20d3f26af584570,0
ac2f4d24f774248efa68fb6a28f623980a71ce7ccdb940ed2dd6cd1210671d7c,0
a8ea66cc6401127c1fc06e712f81ca682c48906107f858dc519e1e23be2b7d63,0
9db4a8e40fe98df33dbe82c0e00bf93de69592e5d42a9e9ff1a10485b287d6cf,1
e8027be98bd6df912cfd95a54368cf15ea4fe8643f6a6c26dc7e594072f79af2,0
2444863403eab1b333d1b91067cf1ef1f46d97f0ef69ed12344a6768fbb20a09,0
4e3523cf22cfc3d635fba48bea77526f46610cd7ad73549a84e6c0adadc846c8,0
4c702300f6f5bd8fe1b76b9a56a3a3057ca7043a95aae6e29f888d92568e9bfd,0
b5967b14925ee90a7751a67c302bf14c285aa37e476e48f80f9145a6a19aa043,0
30d95d20b40c45e14c66d99c3a961ec3ae35ed8295110fa9d52ef26e133d69b1,1
a84552a91e32dea33d4e243c0035a3415a6dbcc5e5cf53a7d9300447560aab7b,1
91b3778cb2abe0128448b290de48e4748426be2512825e2cbf22f66c483177bb,1
a2ee48601f03351f371ed83b4c433c111f256df0a0fa9aca1b492fc3905f6811,1
f26cf411e7b4b8c7b81a78c47bc3034fb961efae67178b9559e7d0c4b63f7c35,1
d336701ea3cd7af7707a4a1c4f90989e7c2396cc2301cfd28f21aa53b287df68,0
b947a9946d44498f3b7eb3ef06394d00c6b9b1d86ca508813a416d5d6216e04a,0
41b658180b181fdc5dfff5fddb63fbd5b72bace02f14ba50f170e1fd31494aad,0
f309ca18539e0ea9b5a4adda5bfc4af241f08a0a45519975853151b4332cd657,0
d223619cee15a638360e5c4af82dab7d727438729483f18ddecb0ca145a04e21,0
19d5343d77ea03d9a4dc9ab5be8757a01680a0aa65fd9fa2d1518962a678d7bb,0
5596c4ff94f60d70a987ef3200a9cb9ba6325039241a8b936fab31e88737c989,0
4ef9d36ceccdf5831be08c529bffeaaae0611aadc59c62d94901dd29b03b5fb8,0
d4f75af2bc9102c5c119575a465ea5e0dd38714c2497817dfedba58fe45b9d8c,0
e1618e3379cfc57557565ac52e5b9881604418eca07d58e3a3ce472cb97804f1,0
f6710acf9ad9705c4aa31c2d6ca0dbdd7f1f67b8150c16ef3aa1515f05697e71,0
df4aebc162bde2ee518fd3be90ff3107acdc4b2771c680bd0847b7eddf0e6601,0
e150ba2151b159c947e09478a2656955f42187e2e9e7b71bc1ceff38fcda7aca,0
f9d04945002a0c7ab3cbefcb091a324f96b42a81d667cb86f9c5530a74c1a2eb,1
21e61871d70df19283dc08e76bf17b78c260fbddbb645f88d14992a6bdc80cb6,0
ed4a0d9f95e3821c55d00a27921ea9d2204bba3f55cf5be9def83b42e9579822,0
71ae6e62e5bc8a30e3b400741dfef35c2e82e61cba5df1eacaeb89d50745a94f,0
ec291174c5b8921630029b7a8473d1977d2ef37cf5aa1a800d57c5a52b212e1a,1
4b460dbc0b81d136bf8f454abba617f0d5d00d03392fcf94a10134ade2c01f20,0
944b0b73f383593d3be24d4a92bc561613ddc3046cc74d69f945a80b13f81745,0
90e2373c337a6006cce8877b5873634121fe09ae596b63ff295503236435f403,1
59bd89869e2fbab5a93d1c5c667999bb8fdbc8fbe588e41fe5b6f0d8a6c55032,0
21fe817bfd2a95083fe15ecef04ac697d8c75758723cab511b7967464308f3ae,1
5a7d5b95215d3c1c74f06b139270f95301d4f861bac96450fa5dbeca51963e89,1
90c47de23ef3fc1264bc7930953994e92d3335ddb3993380a49be7e615924a22,0
a8c5977b51027251559607754a7993dcf5e6dcc36aa132f1e37bd9a3c3b6fd7d,0
64474bf50f5e201fbca7423afd5a75d1f9a7c2df6e960ac3442ea09c22a5e75b,0
87605dd63cf95b9a71af6ced0047a3ff408b33e793520dc4404d0d6bcc063a48,1
fdc077e556063649181a4acaf0e290fbe9b0a00dd07dd2053fd7149dc0415b9a,1
93f19810f05c91b3645389bfe9d31d720a71cc990299e0ae103389b785090ba7,0
98b44b55841d1e6825bacbec07fb88417b131b44608cacf05dffdf45dd3304c4,1
071e6c9a31889485b166bc6ad487ec369db1f53d2cfbaa6552c70e3728a3afb7,0
41a8220f4c639f4643f204b117cf82a9661522f7131fbc423a88c47c5ebb4036,0
87c0792386b5277b1f70a48015e6905a421e3b13c324565320699776b478a157,0
12eb9f650dfbcbe75ca92779b19be6063c65a9f6582bbb3f63ba8bd5c8cf3900,1
e0317cc33d4f772bbce55727621413191486c95e594e235a2b67a9cb0c13ed9d,1
d7e30cce1dbe53e59e804c543f3df982b3d00d3cca8f48714bc0c6b8ccf224e4,1
ef91128bd61c91df9ef2f197d7de6262f8840fb49c7ab3c0cef62cc15d7a409e,0
f745006043c3f762f879949ecb7a1a782a493f8e5272679639bc6364903c57a7,0
524f5e2d15df97fa23787c175264bee8abcf5184af583d5146955fb86e9df488,0
c48628626fc6c29e1ef80fb04f62762b93bec825d7f04d56880dcc9c94525a7d,0
ea0a20d28f48f4f901e7e3be9998ff9982740b16142276ab242462caaa1a5325,0
9da32be11b6a5c9ecea6bcfe30718577d89a352ac898bbed867c68f967f98a97,0
85087d545a92f832cb3d5672cc589149c0185954f4fba61e05c97d35656287bb,0
16f692b20f1f2bbbe639b5c1204f9d89adc33ed8086254d16df3f4ba18d062a1,1
2acfb6c976bc9b2c1175943fda5bf3ed4ca8c04e6405a9d59764569f294d7de8,0
b3095f7065be85bedabe7f42b7a0a37af53623a2edd54e5b75c9da7727cb842c,0
c24b5177afc59e9baff796b5e1f2210fdfd96149a61b86e5cee7e1ea0a353c7c,0
c1d86b187bad0053e10cc1cb0f321a18879fb92caf6af2a8f2bbdadcd03a6e60,0
508584c252385044cca327844907c389f2c3c0bd090468c0b2ec2542f2d33921,0
7a58baeba94398910f4293ee97289b0b14f97868ea3f9f8a090cef5d21330deb,0
0a346d52733aea16d3a280b6b2fc5e6f8f0f310ea666048120441d61ede1b0e9,0
efcb7f90a0ad702107ee7e5545a27ed01e102f508245930668c79dcd19a05f40,0
29b475ad008f42cac32d2e015ff1385d9b607529a56c055486bc32a8abfdb2c9,0
65d020adf1f2eead83b5f2e5997bfd0459d77759b4cee45545dcd8e3e6d21699,0
7ad5a15f6fbab48cebf5749045c8889667f88034b99390a6e88bb2721c4fd774,0
a20a933cb262e8a4f870572bf1c42b187fc41d28332da38479687f68990bc47d,0
3dc4abe26903e82fecab626c53c4ea0e8b7a470c9127a6b56b9692af25e252a0,0
d5aa500d38c5900c3b7fee734e88f2502c48923ffaf9426012907700bdde3908,0
f75fbcbb7491599973085d58c37764ccff4f986e735e55784a8810a865e1e527,0
bab7f3ddc2e58d80b40c41bf5ea9fce2bbad95eec650e6e8fceb249c805b7971,0
ab539299a7f568ac6c00e6d4b81f1c9db7b77b877b3617699fc92fce7106dead,0
c5f21c99b6780b5f507736ed8611cb36d149da3e63a0c92a92f6ab06365a649a,0
22f86902f3357fa970e24164851a9a0f7d21f39487dcb8e1e1a8629791680b19,1
95a2d8874ba5f65184a4d3669f4a3dd0fe9c26898dabbb5b6ee19b6c55c68447,0
27764d1b35e3b97b1ec0a07b364a3d0c9c76d91cd6ae67113b32b88bbbdd6676,0
a4ff07958487756b857e549d69ab62ffbd770a2feb99e8e359010888b5d6e5bd,0
af335b3c4629effb99e9d069273ee430cad28f374cf41dd29b043e35b08b5789,0
a9b2b4c04d3adb3ce23a660854912df70f9d54d17223895a9808094121d72cd8,0
adccffd5157e5f0d6c67b1d82923770c78f9a0579e5734e02ffcf084c7bc9e72,0
5b45edc26dc7d8f8bbf78e9b5a8785f2febc71eceb66885d4dfc6beb0c3287a3,0
ab34753c60ca63193a92d6726c6434acbef59a2db63efe8cfca03f1b496db283,0
45d562924a91cd4fdf73151518c62b5edce4ff1a34bb7f45496c360068efeda3,1
c0946a49825df5c7e2e798ea897cc6bd2a696cad1c7732f561b5601caf7fa60c,0
bbb1ce6469a5243120791eea43c9a256b5edd30f9e6ca6bc41739368061f6185,1
5a340ba2f56fc34fc8696d31b0e86b2540ce757bcbd5eabae5f86256a9f54e5b,0
d9aaf20070d37748e3fd90700e9426acf6c798efc056d96bba1c98d373897d29,0
7991a78d77fd2d911939ef3f3456e14594e9be33860851f333d59674907c4e6a,0
48c7494c4c3070c14a89c00a08b4b8909d83e5f41f7b8bfb07ca4eba0ffbaeb7,0
7a33cf1c775ab61ebc9ef07dacde46e4f77d773dbd44e9737280803bcea66454,0
539f062abaf50007f380db20ae6c94484855d6b6e635790b54e9500ce858b6b3,0
32dab2338d82d3fce5a37f274311b30ad444ab4df2c7e6a9f1c8643943a4876d,0
f82fde1e9c2ead457191b110df64fab3265cd971f6c84607ea17a52271ffdbc3,0
468615095b702d08b71be535bba4846d9fc91b14378934f3d5fd7e5fef1d1fb4,0
6b6e5a4d1f8db56cd499f9a3e1cab5c82120fc194e9bc0d1e188dd4fa792165b,0
f2b7630c04ed519af8cd5cd8e6e99b71786dc25e9e61f698e797bdfa29f2251e,0
cf300c420f0b2db546c748020e2540fc7e8183d93443efa302c38b5342078b16,0
3402f852c688dc8254407cef7b4be253dec7515e2cfc932727849842a19b958f,1
b9786457946e45ad1fd93461cf9a30af58bf00ca0444921fca691731e5ca8229,0
497fd090fa78f38c680965e69414c24ae24dce4cead8fad95540e9596228d77e,0
097ae3e4b57c376c5e1b0dbd67b40cba409fcf24aef4f032904c1ec046824598,1
1549f06078ee9ad21a4a95f6eb591e416a4c3e7e3490f621abb38d97c1be5b2c,1
6746f2fb9efd1039f69a6c1cc47cf613c7a61dff0af3fd78fd6378f4c836730d,1
339286e54b64fbd8ec01de704ed81d1cb62d027987a347944a20ed2934ea5ead,0
c3759a43f089ebd1c8fbcfd727bd0270ecf39e2b1e235e8149a9430a701ba63e,0
7d1bc905a9f46eceaa87ba53a258baf3a9ea101f7ac9daa4c797ae707359b5eb,1
6454fc42f7aa74eb1cbac2806fe428dbb2140c4a25a875cec0220ab519db81e2,0
4a2c42dbfd2266abdb78e1ff3ba558aca3560749429703e4dd44eeebcfce85cf,0
fed5e6528da3b191a0f7d49928296bb7b30aee5fc7e40869eb48b4eb6d07e7fe,0
bde51f09c748d19e2aaf0185d9014fe169fb66812c6c1eee741a5ffaf5a75b8a,0
c29641be2401165e5e5c565e40454325fc7865699a11ae17a02fd5c0c170002e,0
8d02a95562543bd65e6c6538b8f22417b69d3f683e8af974f918ff7f513fa3c5,0
d074b76afdb80f7b979038d078a4a63a74c4a17960dc731f49e228209982fc6e,1
9ef0de14631d8691d27e932b81d743237754d5571863c902950b5bb9cb3160e7,1
d096cc356786befaf4ef49ceccfedc8a319176b3d110acd1a42ed5bc70e8b50a,0
1b0d348ef770bced5a82d72811d4c7f4db81d38d72174239cd9bc4f43e0b1e8a,0
1c1ff3d1d0f48e14dc16e74d3c90bf3a827ea5eba21b104a21e58f4386330add,0
2739ad5f53b5501cf562e0b207e883a8b52d2992c6b1ccd205557cc9924752d7,0
815a6d5bcc9c9e8a659407a06b05d054fae3f8fe32b970a61c4dc858c948d8b5,0
13225491f5d7d5633dec4c59b25702dbacb783d4af5ab982b2c4b090e38a7436,0
4e33d381b16332aeceef117ad72cf73a30ce62f269232298cedd1c86df4fb115,0
a0b5038f5bce2cdb938767a4cd30b42268fa794b79cd5553307164046f334803,0
7928d2f848e00da92f8415dfd0074caae63d1c99a911ce5ced7ac809db23c0f4,0
3333776a1b936137cbfdf2993fac769ff96b7f87421d8f45633e705f419ebd82,0
0733659a7131a9194d17b68ceca69ff8035a846d29a53763fcaf0213a7f1c7ee,0
3fa05d7d9ab9fe8e91dbd3ba4b443df73451fcca3e0c75d1c0dab98a47087fb2,0
b4f7762fd0bf1019d6839ff408696e1e4b09c76437359a4fba9f53bb97378cd1,1
458bc0a6085c4f95294b789cf3a7efaa8d547368166817d24305a933ea8f92c1,1
b1927268b6f094433276203323d69468691b8a8f23eeefc716466dbaef9c415e,0
39238d6603e447a1bccb6a42317f6121ded6ef082c15a33f0d8fd6997622b427,1
3e17ebcb7bb2b95812ffbee8ef0b76c7db8fb59a874983a687687b6d20867e80,0
76307e04ae401c29ea39d26df1eda9ac18fe850b8085213591b382e82ac51ec8,0
cc4b662c55219d079b65f146ab19c7d2762557d2625b12dbfd4ee90c447a0d72,0
0bbb54573b5b2cb56d124ab208f6ad02693a510faaf9c4edd87d4f90b36a97c6,0
bc15ded8b7ea27a78ef05618540b9ce616b6a0b83453f48ba7bb9853772c000a,0
dcb9c9236227fc950c227ca274b9d9c955fa9a600312741d8703edf968aece0b,1
f74b059d3fbedcb735832629fb827f3bdd5b306ee0b85f60e33cf642df4f9768,0
83b16d1a14f382038ad09c076a14628d3b0ae47c0364191e56ea787af10add2c,0
b73c318f422b3a1f22cc4a8f1340f876cad99f1266ddfcef92ebc3b746a24e85,0
35f4656563e49857d13370ab74669a1ee5a6e04d76fd838af71c0b29eeb64fbe,0
9b563fa78e20b1cea9fe71fd06bdffc77f4667fe6530f5b74ba5f772570fc759,0
42f65471f8e5f17e70692b5ee255d666c8a84bbbe442e8d5861972a72fb1d66c,0
1dcca90fb8ce23a6157bfe97972ad00cf194c11402cff3a814019e0b6bc5ec63,0
c90bd737920ca742721f8cf7e9eb75e1efae31b008a6d82322deb9d93b774c32,1
d307d1ae877a91ab24cbd5250ff5d05b62ce011d41044580da4cf79123c34d3b,0
6bbe153f94ac38c80984247533ab9ec7b9148b4b939b2bf4e549011ea4a02e98,0
17f7d3af993f665a5a31e5557f91b01f66ef31aa0134550810b2184323582b5d,0
ba7d32b8bf0ffbbf65b71c518596e2cee007968a08881409c401b125f9a572d6,0
40db3337063fa3ab810b5cabb411816b41496ef66cbedda36225ee0ad11c7f03,0
7741221a3c1f1ff58f83b2c19c93cf4f42932b0b05f092d5d519134f9bbaf391,1
48b37b60029a85705692373ac63c2129398acdfa22e25ea3c840c17229710257,1
7546000a3bd4d731312b009826627e23c1f60687f55215a91642f9aa35e4134b,0
192464a694a7603b9fd97d97b06613a9bdaf7cd7f1b241f301c24f23f6da632f,0
c55f79d691b6faff99649e69045773cba56c8f75afd93a54fe50875c68c72154,0
b73bf2a11ab5c00c6799d95f1765842fc065a8e69f6cd3c69712d53a8aa37e3f,1
959412d7293cf4fd471824fec4cb211a55f335a0083bbf03401fec9027b2a1e2,0
b85b3da06bc36fbdaaa4381c187e4b26fbacde54c59448839b3c2ef8e7e551cb,0
d90f93fef25e744f12030f2d7623e5b3e6ef72b66dfd28ab7c09d894cacab201,0
0004bc112396e9fec79362fd7b1a440c8dbdebab2414b99b1dff00d2ec7ff544,1
71657631260620d9e7319c9d66a4b1015cde93215d50fe42bcba0af98703565c,0
899d68ff69697659150f8103b473f85e07493ac80691e1eacbd7769bc04ef691,0
6b2d23cb87e245e1574128b1f7a981cbcf277831afb3ec97c1e9e49cfbb66123,0
694d5a5d64ad819d8bb538796aeead2e4ca4665ca5c1f54db6f8dc4f83a06e0a,0
9eeefabf8ba80977cffda5e2749b8f7cf7fc874e653313c1d4622ca3ee39c52f,0
bc7d0cc644a16b3769ce3641ae04c5ff8dac3c4368af34bcf90691cf7a92c110,1
975fd16f208b5de1bce94c3096cd604394c63e84ae828285416fbbc5de4369b5,1
43e3567f8cb10433e18ce0a1d7f4b11ab834adae70a21cf1d1a88bc03d73224e,1
4f07bd937400be7d95a196da8fd2fe2bc2da943d3b637b670f8ff039b5029108,1
b87b911c425e29b664c01d220480fccf984ee579de1a7f2d5964d422f71377e6,1
a863aa96a9cf6fd30dfb12d6efb35ea5744b31703cd48edac4ba55654df771bc,0
62243e582ed4a7321cdd7fbc90e6131f8fe27b311a037ae33b7d3edaa51479df,0
0814c2a0fa6a7f2e0b6812a97aba86469d27b43c6a8c3b2bdcd873d002d39714,0
8177dfb62ffe20a45e98936769fcdb4ebc9b8970b76aa0154e335e221f811825,1
a71a6aca88f261b10b2562845a66400e4b33eabcb040ea91ca18625d4206e86c,0
cc7edf721440a241b5ab6e10a90c51b84e5313ed5f9650e52dc1834034d81313,1
f6644bcdf4b1501c3a6a4b7ae5566a110559d9bca7dbddec29d3610602078163,1
4d2d393ae579ff611ba4c9487311b8f46f661a24d7d684991e10f83baf888393,0
dcee00bfad545ac66ca931014bda89558f569e1ea590c216f472a43076a51423,0
4debca0bc62555a874bccbf3535cac06a0b72b5ba96f181cd4821edb3752a27c,0
a1e0bb04060e76e7cde3affb305bdd6dfc6b686f95e194a4fb2e4ee7b02efde8,0
a15fa1ef066738a11b0f7a94159d85b8e57e597fae5ec9c0d4f95924429935de,1
a97df53adec9d36eb99a4b60b446c5a00d2d4843992b0207342d4e15532195ac,0
93464d27d892d8efb7f6b99ffc8f2af725046ded267d25093bcc19c02c5c46f0,0
eae011b24e17cace1cbb297365b6ab2f1a1ad3f530c694cc9ccd89e44c3fa4b9,0
0b6a447ea420d548140d24b9ed518d9b2ff51d723fc5ce818e7f516236c0e8d8,0
e0dd75345d952bdc6b94f46a749915af2c169554112102e5190e6c734eb37e42,0
cf4464794a125b265fcbdbe1ad975d66a77a57cc627ce46d67669301f10a835c,0
18318705e7c114250a32d41f330d60ed084d82f94f5242776fd078aea14afc1a,1
fdde47f26f894feac4b095e8f2b4e6cac2a4115ffc342696716b2a66fd1187be,0
754343c6e372dc9f655e4a4dbcb57abe1b99dbdad633bdd65422108d8124db48,0
899b53e5c937b0347e90b682e41fd826ae494bde8b16d715393a917a09746a91,0
b3ad62e343c288e9c1b3f26481519e08916c52d9a0232f48f0ecbb8102e81759,0
135143b42926222b7a38706db0c27ab254f9b4ca5c8c07c63880dd00034073aa,0
4f09c23bba6dc23388958c6a564264233e3cf8f5ea6a1541d48639fd89caaeb2,1
cfeb3cf49f2313d1435c3093689ff80a01d1b0597dfb8b8beb885f6251729a58,0
1627170a0582b2e30bc63839f6f1badf693999663cbbfc639a532a4f5e60761f,1
7f6cb7b3b5bb4d7d9bea52abed30e1e43e33f334f1c1f71fa164c09fc8879106,1
c7fbf01b40c8a78e8e3a15ab5a2629bd8569106b362e7d85c2a2a37410be759f,1
67174ddc334a475f73cae929adc9dca62a33a4d03be4b53d5114404a660fd7ac,0
12553b9205f466a11735cd6c253171237721a49c9f46f8b97d92ebf59d33658f,0
3582843d0ec3b6bb9966cf55fbd28ab194076afa2daf40c2c040344f424a64b3,0
2800e257c31c084a963dfeddcb0fbc7969f9f414c12cb6ebf1f7c974cd6b2c90,0
d1bb11f4586a3933cb935efe90b560758a4e8aebb9381d733724dd542d9c113c,0
a08a3db95e76b5d82d387920d36823f14dde080f6a8b35da88c2e1c069b7d807,0
66162a6b0de083708073ca4f1cde83f5efb03f22b4a6fd3696f9eced0db70a09,1
b1a0b0de0249fe9c4d7ca0ed8e998de0c216dacdb11a87b9c2ea0f89492a1871,1
c2ad4940a8abdbf14352bf8232f87aa29eacb54074f2ae16e3a5318993c79f12,0
693a841a2ed52d312e90f5059aaad8e236f7fe910f1c14bdf4bc063847cafcb8,0
19d1e0a579a5ab2bd1a60bc903443d057de91e7cc340425a3264d001491a69af,0
aa35852dbdfe251ff5d493564cfd06b46c36c0ec975a050ad06bad4723e583ad,0
339ae0f7dbdf3dec3f8a59f12b8de6b170d11ec798f2bfe255f6ee54c8ed8ffd,0
5b18c285d49b52b34db76216b3511f9c2940568b9de65b13a7e0141d890ecdbc,0
c400e6f81b9c4827901429b74078e50741f352c8fa028ee7337ba44795ec87cc,0
d57d05af2ce33da1043739fa02b7e429a635443e5eadc22c1b47f5eef02ed554,0
c161a39eb2dea7c6d3f6ec722a32c6cfe322ac5013667374aa2296c76d466e4f,0
d6f130deb82ef85727efacb025ca54b26d83576218ba9d908f3ad984894310f4,0
2778508fbe2d87535480a0c26acb7f63da1a97fb392c8c12eb021181cabe822e,0
09024646825eb98e25be910e360f6f698cf737e56624784a77a9e4c3f856f5f9,0
110d85538a5f8fdc73382dfb587bbc97500b3efc527fa0d7043ac2121e68d7de,1
67504ce91cea4e3d84bab12b001907bb879dd4d1f313b9c7e4468311dab28d93,1
eac36043b7043862272eeff571911d3a485f4c6668f59551e98e808f2d2f55c8,0
a3bbadbc416afe336e012caeb83815d6b865a80189f84959ed1d258915d13620,0
18610a580d059a3fa1dff85a6c56cd1c8394cfe57b00627496fd263e0bd5ff92,1
f2ec70ee405159eedf667a1b4588baeab571c1bd1c7035ddd8b7bb3ce5c5bfa9,0
15c1650e84f955c97d70c6bec1561e99ff772684860d11445f82d5336b4f42ef,0
384401ab31f949a3b0866c7013b46d575bc5b3eff915c06a0cf12a601b1a3a6f,0
c10cd9835bd4e0701c155002d1e001d1cccf15be5af768fdef73b483b680d0a3,1
f4a7dd8bf0f583afc635841f5191743050951b42a23372112e816f8599b3a268,0
ea182178774fedb73e7eb36521804c38a47b7f580a29a15687c35ab18c64e0f8,1
878dedba858d166e27dd0f3f9b3f2e8fe902062710010201e0c01a6d1cca50ef,0
9ef040d30244a3c7e453940372e8029b34f84194fceea8bf78861caa711cfc09,0
b54ddc9e0d6c89c4160a751c8d3d9c29e7e22cbdf66a0ac930f10f246653e3c1,1
6f0515f59af0f09c4333f3a43915afdf9e3dddbb6f167b30f3b4a57faa050e20,1
664ed97737d0fb179849d3da868e876c5182845a8073d23ca663b34d9f98756f,0
d6a1535375a8665e9ec62b0c350257979495abc317220b889b536865a2f09cdc,1
d9ebbfc1e387fdc5137472c73bae6d6e2a1f4409f3f95e3e1429306b14829482,0
f88345df3f3f75a87b49faafa1e17dd3294f4050d0e277d6690859b358d0fb84,1
d4f970e53bd8fae990e9d25bab2eb6b544b5dee76dbf48b81b83910f8745e6de,1
66edae4de7a7156e1029a044900e8cda9778642354e524f6c4a24d5f5903b370,0
3f0b733e9433fba2ad7ac500c707c43cd516a146bfc26cc5a63cf7f9b803ab50,1
2a8362d47986cdfb60259ae469b2926f64c80537d627d6f52d9b4e12e7c7d55c,1
81cbf953eb75c3a3a5a05093a6c1948718037562d590c2b66af3ec1560c7454a,0
cc82f540fb4b4977b20cc9eab369b5e8409d98ed55013f7d4487e3dac899adb0,0
05117cc46dc7f0715bd732b904e592f65133b107e21a7a4de6acc09bba0e1344,0
b8896f61d12da4e6f7f3490c0596fc4e0f59cd03eab9ca6ff7be86a2d2279f25,0
9e46b3694b8fee2a58532c238893174a4ad16c61649773f64239a1ec2d6c7b4d,0
30b8c3279d842ed3197f1bc2f24ea1fe70ea5214496bd881b2397031ed3a6080,0
e4f1d9fe92f3e68e9df95218efefc6e9b5bdc11004900564772ca562863bed69,0
505e9aac078b8a351c3bd194ad574b55664455dd3e93c2143e468b8fa5845588,0
bf5d1494902734b834eb5166d7d342d7200c1cdd5f18823a6dca335c6775dea8,0
d675d7e6d1be21a5ad854362f2d6dc7f5c2853388b357b31c95b1b05bf8f0d81,0
70941e513b3333ffc015c3db458c36e3cb3de0f1a9458d75e4ff54446a7814e8,0
e9c10a759e5dcc163166d903ed6a20551627dc10f6cef998b0d80d7a39ac1975,0
ae551bd0d9ede96065a32254ec65069d5e23305d293abcd1900a9b46017c107b,1
81fa21895443608251f3ffebbee9757117bccb95634a593fb3507d87b6c34bc8,0
5fbc69444bc9621b92827b323b7af47f3eead5ee45f72cb6606bef43752ce810,0
c3f264aa7d1512724ba21a309c0757867f9ca6af2a8d2ad9b8b5aea5e155ebc2,0
dd7cf5b747085f70a5db438af21a3452ac03dea1f45a7f4aca35b2aa6df790db,0
ebaaa8a86f115311c91a85a9cc343c88ebf495111721901adbe2690a00b8ca9f,0
26db7374f768a7e98ee3056856f5cbd8e4fc085b8ce5216b5a4a237d13c8c23b,0
fe71e3625554321ec485a440fb20ff1b4e75eb041174ada085fb1c0c7c31307a,0
a0b2d8c9b894c7ef178c9b6b1accd19056fa48e670dedd0f1f4ad9e77c0137c4,1
d489454cd9c83d1404f80a0424710ab433b7b7715e1878e96dda5a7e5e4a305b,0
53edd6033362c215a29fc2908801f2489355f204f1f5ddf82cfb1c238d23914b,0
031cb7969945e87e2dda7e6b0036b480b8805b2ce4e9f55f537a9437b005782b,0
66da1a7e379274b923d89ab7872794de0d02cfc8cc16b08168d91fea9937d334,0
0b2cbd660ffd1a70cb14602abcec46f11a3cf235c589aa2d23bbe41934bd6a1a,0
a22f753ecd3866fba60b2b0eac9cf005e85cec364929ab709410451a3594ac5e,0
4bf7505986b30f15f30dff0e8490f38cfcf3875b8978704cc466e92911ffe73f,0
b3ced95def0aaf562f0a16144736604051dbfeee27221e83cab625d6723a1463,0
f66111b41a13279c1ff1fb54fd9c4727d1e2444a17f60f417e8d9f608a9adf97,0
439dd17f03c84d8d6e91b0b96765e214afd584f5d22f262ffb95ff2104df2228,0
81fa42cedb9fa33d574a0d840c2ebee3eea227b97b613fea79e52e42f5dc2c0c,0
26055ad77fe66641adf5e0cb32c855b129706c44d84a74d7ddcd46ab925c738f,0
cf42ca71c7b8ff6b14249886e32cd39901f2821c7b74287aa17e4c82af0be165,0
ec3308e8d1794a352d2d67b1cd4c9662bc42b8cfdebe3dc47a36b23d6cfdebad,0
5e8ec309f3edbeaddb8026a150986a8452661b515417e435729ab8e2adbb36b7,1
9817db0a250160370a933d9504a9341aceb73b1bbce38cce43f7c46e772eee9b,0
27cd1000995224a7a21e5e1bc43b6d6ea9f9ebd132eb519a8d4d1c73ac36a139,1
43538906f54f147b6e323a2908e352fc1d97597e81524d15bcf7650220763834,1
3a0129607b88a74ca6412a978e60c13410b289002095e4a5f53b54fb9c9d6465,1
13f0c4f73b5a84640e80fa67a2f7b4535f8cb21454241f397d204e152da2b796,1
2a021989e680f8390b179ce58c07ac49f11a23572584f47645d259550752cf14,0
61f390d7c46c3119da6ee68b35bba052d1c58ab2e7771a56e78d11e5753c463f,0
3cc7296e79a18d4986233da4fb6e7dbe7794d8618ebf60e7c0dba65d71b18f3b,0
6f4021988380c58c2de0b31cbec2f77a433fc66f33dead72fa326394cf7c996f,0
fe5f2d094dc6b92941ac2a749ed2686e00d2970e22d3243654edc68637571837,0
79c05ed322d0441e804be2ebf9b6b1930cefd4368ac667050418badc15496118,0
6ade2122d3ae96b239089ebf81fd889cf925b21379a84b79398739ddba61906b,0
6b5d2eb694de9efff967197fb817b2f9499d3854ebed5e211c309a8b76591a4d,0
62835ef4bca8b4a1d89725b15c195cdcba5e3455ab6dbeb2e49564e25fa51ee7,0
2cc85da9aa6fadcd99de15140b892d7204012003f136d501cfdff26fc6c0560d,0
6c519ccda16ebbafb9ebcbb4d0b28f1bf14d35316db9abbc2833b72f512da5e7,0
d54ff7634a088e1df97e73eb3c6e89f2d928cf349e42c07b2343f6a0218b5347,1
bc2f4745ffdaa11eab38018c2bba37015a81ab94c0e4a083e50154ec55f2c79a,0
fcfb845ae47ae5d5f9e07aa0aed5ad1c78a20435959400581c9f67f744d6c0c3,0
2cdd8137af1497b78b042965442b394b7f4ceb75870ad40d122dcfab3a13c210,0
5444b254ea8edbb5b736f0e71f7eed65d91f330097f2a6fed622bc3d1873fe91,0
01575c23e5ba3ff51325029f5b5d5e70d6fc9a8187dce33c69853657453ba17d,0
70c097ca2f98af1af3ff77c937a123ede2cda1292e69b7c2c373bbe66ee905d4,1
51c91fbca3408d7e735635346507b0cb5ccb6a82771193c6de1fbb9ab9f068bb,0
93a6c2497354685fa5bf34ed1b7de299235b9194ab92333b3254c9ab4e1573f6,0
99d0f9098475d033184c28539f1cd486e00dd09a2b73986c3ca530d529b7f6b4,1
d86572217e987c804d08bf2be530a1e7ab732bcb2d06e6d622e7d7a7784d68c4,1
38b5fa1c2479f4fa1a70213df9b652da8eae4a9a366660437d59a2dc80949271,1
6e2ded990ce36603eeb85ba2ed8cfe76e720792cf8a9d5bf053f090e4dce5c83,1
5553855feb652b1828067e7df07d1886dc705616686d7a2e0ade8c0014495baf,0
0fa2e388d4b612e10b21ddbfdfc3a6759982f7799971a2f00a4da5b0dec1ae8e,0
da5ee0ee6ff4ce55c99cc4d15165c2e6c422011c9a7c1a91d8d0f60a7ba868e7,0
98b789ecbe08188bc9d7318643b6236311b840f3882f622b7d137f1afe04b0ff,0
0304f80d49ffdcb443822ba58afc4f9c3810f35be4253abd0ab6da7c0f877563,0
59a9d906ecf0ac8589cd5d1dbad8c936aabfad81ac64556f07d0275cf3506541,0
125b0dc8207ebee52fed9cb52ba41db861f18f945f2d2deae8447018f9f37894,0
e0f6e9165a71adbd5c3dab0f9b78e0641baf94ad304c0068c443b494329847dc,1
632b7588c2066ba617721f67eaf9d6769bea95790ed7e9b516a3606a1162d92f,0
7d2dc98e97cdbd1075028fd0e846504cd52824e4f2dadd478f88cd891def96b3,0
5fb009564b91079ebe60048e367d3847d03c8ead37e180c3949d4c008d523f8b,1
5afa971a000f7bee9f26b6e08daa88ea9d0e1bfa4270c18c8255c852e866f2e2,0
6c22fd40e42a092ff98c1271333dd91892847662c92f56b4ea1b613a4f745f9b,0
db56acee695206f23c5ad7eda4334f677afa167385bf2c9bea8ffd7b950df736,0
f757e06e50c8802b8fc04d47db32c0c03179bd893e9cbecfa2e99493c2ab31d6,0
a177b61d1d6f577eff3a9f9f243651d0ea0573d39d801125fdb7af17443fed73,1
e2e3ebbcec4e0cb7bbd62f0bcc0e6afb481c522ed56fcb361f30507025a2a86a,0
6ad78f780fd1e2df10025069730eaac26a73f96d35b06976b7b67683cb109c50,0
fba41a574a486831dbe47a34f32ba1a08abfad63fa743beaaf46f0dc607b441e,0
afaaaf03cd4a549206d62fa5b277b58d74d7e15c8bb0c821fbe9d070fb4d3ffa,0
dd30441643cc2b9bca88788a070161fbb24f474e02ca8d4fe2e3091a5a18655f,0
8e0047a6042a33bf5e0cb060c9f752c1945843ad47a0a6d2c4d6bf2dd2daa669,0
872675d485111408a530f0e5d9011038254341a942a23bfb2f3aaabf028d0860,1
fba43537c794e35d139eed0b9507cb92e9f0993bb9d2a0511e55984d08061a6c,1
425226731cc8b08fc63338834ba0b3c72135ee3c9bd20cd5a46c9b0157422378,1
7f67a45ab1b2c3053d8b3afe71d4c00a8e6d6c12c6c3063365242c86ba4fe4c2,0
09814ebb04f5d5c12b3856fd0a49219253a2f83b219ce6c18352fe9cf9f12ae3,1
f4b326109e8fce28326db4f61aa52adb3b547f1f7dce420b77ab238cab7945e2,1
fac4415b4e643959e69e0b7d5afb5d183e9ccfe389f22ba8580eabbf1e6d736d,1
c1c0ca1a4bb98497ef4631387b43ba893f60da567cf7c722e285bc58e230c390,1
5830f152f724bd3fd71eef9a54114ff7fabd1a1fde6591b52d9c13297296b9ad,1
ae6292da51431fc919ccf4824f2b8492108305f374ba544e7142934696c1507a,1
c1e01e386aa180c426a2f40a6f37bdb468621c33793e1cbd44d3bf66ed8ecea8,1
0d6c5b888fe4288f54bb3ec94dfb3328854f7f11509624e1128816796b956b3d,1
26a5c8195bdd7a3a26dd03597377dda5a1835956ef97ef70ce89cb6f0f63e49d,1
30352f49d5ea0f96d0b527b921141bee1dcf52407cd762d7ed118571b4b76949,1
353a8100168fbff236a5b0b79550570da17383c40b2744f470fe642b39b82906,0
695a1007f7011ff811758d50abcf792b7a1a76d3ce1eb48649afb7e42d32854c,0
f61e545ff57dd613cecd4ce5c7bed4ba1a72c9a98d6f9a406be257ef002d08c3,0
f33748afd41175ea3fbee12416d95985add862b71a679191bd8cd4b5d73aaef4,0
856731a684988b41d9c7e39aee2bba08298d95b149ae6c6c0685104f5da2930b,1
7b68eb0c69e47f7027bc403b52eee4ba05ed0220e0b750dd0db2ee880d31f0b9,1
4027729157dd4fab90559f5862bac21b56b2a1ec005bb4cf569d9209579ab526,1
32fa17e00d3b6557030261a9a795eb4a0c9899ff0ab09d369da4517f23762e5c,1
392a210b1a678561756ff1c640ce7b2566b3c9e3f66b4d068780cea3d522ffc1,1
958a6a5d06e19fbc6924d7e3b04ec5f667b9cfed581f7fc15a5872cf3f22e855,1
490adf69508d6b8275f8d8326f1df7fa175a78a7f7326a8b978d407a48ca8792,0
ddf9616b4e5f8a450ecbc5d3f21d1f058a5c13ff562fd06454d87addfbe4b779,0
eeca78ffa217417669aadc610edc68551994e5c10af1c97684869bd78485cc41,1
891c5c590358146ebf086ce91c3656cce3d7fe769b513aa02a79bfb00a28c61a,1
90484d014ca394e5d90fda4a4a0fc171473b0eb7a8ea2b31af4d30a139cb988b,0
91afcc1b27276e954b8c194153381f73e43af1b8b4a03a1d393750e8e627ce92,0
a34277ff49cebe999de1edbbc6034e93a4bb76fcb3c10d8ce7cf3dcaf3cc92be,0
9444bb5adc09a7887f93a678e41962a2a2ed6efdf3ad51a0b703611808ec43e6,0
87f89b9444de211e65cad58e99ae817fded43b78fcc4092b6004c428a592d330,0
c1a1db1155728a03fad947af80bb7bdc1ff6f3c8240364e7b23fcdfc1c5135c2,1
82848e2082b7f0307666b7d2a57e9a2c5bfbceb5ea27a314c2b7cf2143289875,0
baa20c65c8208c2fc39985c1f9e48c2a9c74e635688c016255d8f00dc549cfaa,0
7a7d6cae46bcd7e67c55c6a0bd4f56d72890cddceedd9eefb892f0767f4e7ba4,1
5a50493543be954796edc396d95ebf4577f1d289100fa8dee821be3e1c88baf5,0
43c1bf32e41561d0ac025fac6045130ca2dc1796fd02e789f9612653c1872840,0
b0e8afbe01303c386e460bfa7e85220a9a11feb2bd812083c191efc7eb15cc7f,0
42745ce0734915dd63add496840f287cd8c250fbb121a68c5869db598d651f9d,1
300c06367977a4c7cb96a702402b17dcfa3f37bd3d53135e241bed6d8eaddc70,0
6c6c30ddc52a8a07534b00647471c3017b64d8d1938be25fb67ef75e0b04a139,0
8adf5da911d375916c077dabf742e118c196410b53eceeb7b3d9c0d5a7bf8f35,0
70bf7d22597e76e595bd76ef06be1324749d37c46f9aae1485e80187dc563201,1
1f335a93c5fce33b8cd5a2e6cf68ccd8f1d7ad350f5cdbb67beaba895c87a1f6,0
1d31fac8d5c087b1dbc0ec57e3fb6308739bb3af64c42415c415b5c4af812c03,0
afa572a019a72cfc1508608de580a7c853e6b0eb836813eb700ddbe8f54695c1,0
540406777e42ef82beaf2d9b7bb92629e69633dbf5d18599aec847243db8f744,0
5ce09c97edfeed83ff8a014fd442d8f5ff114970ac87825b1d2c0516aa3cdb9d,1
b57d560d730d59325f1a46cee8c4d8e05222344ceede3a6cb26a1ef392eb5ea0,1
0c3229f9cca1609c7200b048579f399b8e8d39aa1326e378cbb1f63618633191,1
d220943ffc999d72dec50822409a3ffb6879428b588eb7e9e00f61bf2d82e7a0,0
986962714e9947b9e4883849c6ce302d5f8a26ed2fa073225869cda0639230ba,0
820033aecfe75c375a4749d1a143fd6b242a3018d621f803b26540df51c93e45,0
44a94ff4edf7915be3bf14794565de200d2ca32658ffadb40997d6c705eb0385,1
569cd10be0de76751178ad74f15642cd831d0ee0c990ad2f7f45db8a9cfa5c84,0
0f2bd3b6e39aca580bdaba6e8441b38ff4ba2ffc359501554ee1b4641c0e609f,0
215264fff7c82dd703c521b1c86ffcad88988ae3d039d7a216d193cc180f6040,0
547b477e1c3ddba9ffac08fcb7ea79a2ad220fd1704b261b7063d5b5912e578c,1
dd5605195cfe9126e6816bb35a72b6953fc30bb6f02fe10aba5a14d51b15c462,1
028016d4c0e36cfae3282814fc7c030eb238798627f045b131fcf16c6aabd7ad,1
c9c13e604ea1161c976282c57aab4ece6385c74fdd2bd83299cf823d85dd7105,1
e554096595f67f65e7130f3f2b449ca18d6137ed6eb85339b1361f330da948da,0
a7cbf82fa66bb789c0acd95fa58ae6ed44189b0c491c260e394fb1954bf09c5f,0
bbd718210e217250bfbf6cd3db133b69226fa1bc7a3d940aa12891d4d8201e1d,0
31d800588a72c0530c5d561abcba80620eb352e19bc569efe40eb39167651048,0
5bd2714c137535ac1a863f4bd63c5683db3981e80efe0928078d78afe39bf698,0
5f0d3e1e63f6ea5eedc0e530ee96dbc808a7598d8718b650e1412668b3448794,0
92c2f83ab6b82246f40292f32233b585bcba3652e9a3eabc767182f55e1cceb5,0
b25c2cf0c3f34235089e416bd465866133bc3bbe9ad2f0c8453e4473199040ea,1
41dee1b0c30e23d7d8214ba416eb712e0448352adde1c9583223d8c9974f7ca2,0
0cd3ec572e078a7d10ce0424e3a8dba353db601b57287b51b568705984102b9d,0
87c6539970b0c8ef9225b1267c22262b3a45dbeaf937515bed869dc54d97de17,0
a9cd4e7463b3e56767fc39fe52862b6fa1cdd2f5f844f0b7158f910ded893092,0
2f31548c52181218889c6e795e2c9dc306257aee8678e5431c9576fee7471307,1
2bc27d607081b58fd036f85d117e918a9761d4bb6587880b0f20665f62bde388,1
2c51ea42f6a122b11ef033257dce118f8946319df3f01c1624480369edc6eff1,0
73a8bbc9a6e5176d8c4c13d48b6c86e630a46152e561bb2c910c4706d5747981,0
ccbb5d924e4de8b250d6bae90e63dee45e32a3cc5cbd99a28922a0f174570a3d,0
221f5202e9e85de8aba992faa018b1cfdea2a7b0db7df32a39dcb3e7f2bd8810,0
829ba1feebff88ad4309531b1456c04fec4463aae0e5d7e97e475aee21909245,1
e5a2a58307952e460e6a432bb643f2d1a15753726fcc9d3f8632d4e338bbbe2a,0
f370d835a58af8f15cfb3683e04479b72b4503ce03d33140f6e66198af5680d9,0
1b30c97da6da695c27d76bcb706f4225e25fd98d1a297cc297c97f1b7fcc1b9d,1
a2c1aef32025774fc96e9f3c62a0b2ee1f548dc93a1649c0f4118ef58cc2175d,1
1e0e7239a3f71373b5b4af13296c86ff3b9b86e702462ac8c4f690beb32e0658,0
c14dab90180dcd852d4ea92da01e3755a8a0f2a0b40b026c2ddcc2dda213ef8f,0
5f6111a9c7190930ab785d07b498e54dccc5a59482d3ad4fb6575acbefd9d0e2,0
029ee91be2978b5b7a4ebb8821b838f248979e9a04b603e154141b14d6217ee9,0
f2e186fe943238cc8c3cb63de1ad535d3677462484e15c612553cd3eb64a86c5,0
aa51c8a201d09ff27d1326aa653a3bf1d98733ffd8bcc3da217fefcc29e3b6b8,0
ca5ffbe0ded1a8ff742c89673a3b44b28496c30a49ce1e7aee82266d3aa18ca4,0
ea7191d80e885882ff7d6f72e460c2e6be90d2a198f971819497a22bd2a5c9ac,0
bb71c07891f448bf67e3484617d116d167bf866a418fa92f7472d0a9acc05857,0
ef10b65334419326de6af31535d113eb5c6ea60abba7f7e318b6ab87c8e7bdfe,0
dad489157faa504959c6f1e514a50f1cdbc6647ab4e8a5ae6c0e8071a8597885,0
2057f9b03dd87093b399cbf839ba61cd5d8ea6db7fa274d607321ff3ff8fe94a,0
165de528902969d37759a0d4bfdd8743fe55f80ba896d2c68007cb22d97c8003,0
1b2d6ff4062b2a7c7a667d92be475e0f330a6ae46c4ef4d726bf44e2c8ca3972,0
1c9470cfd0e314c475faa5c8b85c725da3a98ff4723a3eb8f6f0eae9d72abd45,0
c4349518bc2e10023d8e59adc173e1d66a53d9b378afc59526a37c161b8e7d71,0
ae2a5ef8fe86c3d1d68eb7e20662ce10aa666c895d98a78e3fb8a1be7f02a010,0
f3e096866d935a0a2f5eeb3bcfb89ad55f32ad244f7c3c8e7c4979b8401aa4a3,0
9270baa87d279b57d113b9b3429e4837883a5a5218669b882f6ca73f3728e144,0
27190b9087038951eb6ac00b7b1f11f039091f83796631ba779046cd0bd9d319,1
5ca3ad3d5f789f43ab27b96e5baddaa0e23a51aa2708d41d347578f480d1ba3f,0
d4ad47e514f4c23b09046205159bd04eaf0edac8e1af3b4fcc2128fcbe79ce8d,1
67d878621e81c428f1d6c6aeac080c8532b05ba777f0c2d212f86f3b05a70e63,1
4932050b4f22adaf5e8f188a7b65e44378414c584dac7c080024acf7f3934bd6,0
1a75490284aa6fb73ea58c78b3bbaf65978cc471de0acaed41c6ea1d0a6a0abb,0
36c1309c4bb26590921c51826d3d3db1ce0ace49aa71a8429db6049df0462b7b,0
60d46c8d441cc6cbb18d90aa6e5cfd53e44d0d8644c458e3c45013cb3e250796,0
033791f26f55f76115a05274e713ee51131c0c0ccae738e5a427681a8b59b22f,0
bcfa3815e4e699b378bd6083bf511eff29dc22ce63a10b8031b9414876dfa296,0
f883b034db8e5dc5ccff4de47f8dfa8448bed5054cdbf753478e8238f8a5cc5c,0
ddd4814734f92042c46532aa116495303333ec56a3dfb7ee1654bd96101eb715,1
10fe56b0aa6c044bea43a73cbd192aeab882c4ff5e6e4436a9bca8dbc3a9c7dd,1
c0e4a3346b4b3757a588fa6d24a59cab4bbe1c8fb3a3d28cd371c446cbcf7fa9,0
b4b014c55c2d8581e94c4b846068754eb4ba85c5ecc2e0a457c0ebf57aa8bc4b,0
4d8b3f93ca141b0a7b60c832eaec0fc068e47bf7effd6e6a398754c49a0a7b34,0
079412811c7bb7b513bbc353293f43db5600307740f74a4f744c3ad2f7bb2ca9,1
7d308c4d731f8e7eb6538fc2bf3b75664aada759a89c1e3e73e26cd9a23d4c9c,0
4df51f01e406f414b42e5aa25becd8da8d2678ce0b790473edcadc392e565396,0
ea19918f8c0d52272c18102acf675cc882a2fedc391b0d39b74a795a54c6d466,1
214d7f7516f8980b5f10cafe905dfb1da5e4b702cbadfc2de328e65df48fe774,1
138be049cf1720bcfbf637294844eff6030d193ea6e104a5ce48361daea2b4d4,0
40775c8778d1d5c7d2bce6a7322b0db51af7a16a832838d75bf909ca07481c65,0
d565ee1d2191b815bbbbefb68567308bd46169a6b04f743d00100d8e5c124d6e,0
019931115f541e999d72d41eb45037c2fd763b7a9aaf784bb4a403b6b2c4c17d,0
5f11f346d22f6d914d4fb3a5e2cb9bae9c4ec5661849230d0690874a247c0c8a,0
9dd8ebe36477ad1e018e0e5b2d681f1f1f94b1fc6cddaca7e6a2209a7ac4393e,0
072784f7cc6004f2b78c07187cb960dc3f81bc7c262375db340e24ef6725ff0c,0
74266688788b9d5ccd6ef8ee668f749ab29ea8e0dbc3f8408c36b6a36049f6ec,1
5bd0216dd25a815f23a242d3be192bc759ca52250f3d8c787807d2350481ba90,0
d19a8ea7247cee03a6fc740790df9492571c922ac4c6174cf7725a1024cbfdf6,0
bd9d1c24ee6db15240d8f2426eb9dbe6c4d7687427ec6f34263c5a37d5cb1185,1
b6a59fe35dbcc5e9482ef130251801012d051de11cb23f00b5aaefd2f89eba74,0
8446b34f9c9140d9e33f57e37104186b7204dde16b5438dd953b53b282870f56,0
3b4ebd13dd5d8ddcb2da49301df672a6721aefa00851632683a6fff3a468526d,0
5a9660caa255017fc13ec4171ea6c66d55bf122648536aff35563d0c8a106e07,0
6a04f028f3cc9e8f695481c12b41e173b9aa0650bd655b9190428ac4fd65f9b3,0
162cbb08a941ca1ae41bfdfc42199add2a1bdb883c8fc43bff62e8eeb7a6baeb,0
6b7f6adc6d99ed177fe0281401a84957e69d127a1aaf8b15b0374fc31896b436,0
db0d34d099d636652044c8cc812311fc8ee0f5cdf11e1666bc3a7df4498c465d,0
fe76c61d24a7ebc7b709603d92e892dd1d9b02ecb7114f2f02c7c17a0cf79f7f,0
a7cd5d7ce185b41d17553d04413aa373fda5684ddd3028f2e8dcdcad820a654f,0
319771cbd173583338914b529db6d72ba3375ff5ead8da193f262d971de65e89,0
a880e17d4d8b45cff914d735edfa12dce5a03eb8c8353a37d412a25b5e9601e6,0
3599bec411cc945cfc957b13768aab84ed9ed0da530a6ea2514c649aacb300ab,1
f874584d9a4d01d51b93470b7dfebafa93e57dd394462f9c68eacc421ab575a5,1
a858cee81276e297eedce2796a307e4a683066a4c7c161991cf09f773736984d,0
a88715bb6e006faf11fd2f5a4b24195a79803ff4ffa9ba501d63d6c7cc637e4c,0
7c4a1b27d925f9a0513631c796afffc9181c983d7c96ee448adf0b321f75ccf4,0
8222978ad083e48a0aa5e67630dd2c297129e89b56f4bf0b8dae26e3b4c5f2b0,0
50bfeeab556a377fd7c0d0f9117ee933dfdbfa9cc1533a93d74bb80b98380dd1,0
1cf6af5c29c8ea9ab24d5536354c7edcb28477f855c616e3c20649b85d2db4b5,0
ab8cdc5751917550e9c2dfc200854a18c39a03b860af7220fc59ad1ed0e81127,0
37f73b5f2c162c3c378aafb55dcaf13a740f1191842d8bf09d2253d3d8a33d0c,0
bc1128c2e5e397ea8170078c5e555c83002a09debc1d19fd66179d5bc35518d3,0
cbf55c6b21f06075663a58fcc7f1a2f1dffb1caa6198bcd8924592e3b0188117,0
d3ca6128d5b18d848af48575496837d1d575cc66ff90edfc718f051cb16bfa31,0
279fccd4ba5efa7107f8c5b2e466f4440208ff87c873c362aa9f9d6a896a432f,0
e3f3e3cb7c4bb3e5b805ed9f305992bb0970aff5d22db07c2a563f6223b23684,0
b5ef474f64ec7e1beff863311661e27779e70140673f19634a438caf8f81755e,1
5751e3899fed73d39f25c66cb51dc5d1263f427a6fb484a437936578797419b7,1
eecfe68b0fcd654de100f80bc4bb01e1e4c7f46762300f4cdb4d02870f683ead,1
b2cc89654ded2c8a779ecbdae9e7d869a0690e904a3f413a56b3c802f43bea6e,1
600b05a6ced2e2e2e264243387bd15a9dc169cdc308b34f9ebd37c0081dceb36,0
e62c4f27ae944da4fb3d9d5647c856c544dde78c5b959b93e387069ff3122a57,0
2cd445f9621567e260aba3968ddab0b5c49bf8610541572fe2b999a828f0c2e6,1
311fa37d4ed3b8e207f393e48e0766cf354374804c9985d0463a4a84b83c8376,1
5e2ea556a331f83aa6c58719183f12cb3382acbca5b76e7c842ad27a35fc6b59,1
ef264414decae34b9522c01dffb2a4caf278b5a7072e20fdd02c699c30c90175,0
55bca1bbe47a24c0b730417575c58eff713d2e7e54b42d4f0d700187a2685f69,1
c048db17070c7cc66ff5ccaa894183c91dfab3cba06a556b5e02096d24f51bb2,0
983f6cccec77bb0e998c2bca16910ce618f6914d767c9202ed1d25a31c70514f,0
0ba11df4a0b73246c11ef3745ff3b9b924e12f67e602fb8f0148505b648fe2c6,0
080655429106645e5a7c4dc8493d1ebe9fc3d6e82554b3a2b5ad4a9cc9423a4b,1
f91010c25e601c7eefcdc6f35d33cc790a47e48c06576669c130b6b89de727e8,0
180da9a53b8ab4e190c0dd2345faa1e845f1f89fbbf081b176f89766ce6055e4,0
10aac17cbb6c5e4a30274c2c59be7b6d035f1dff1c60216178972d0f61be67c3,0
9e92dc8cc6694a4cd44d090b0bfaba419dca3c24a4a6abd216b8953707799695,1
57806786d9991f0567d33abf10f36230b0be2955317f82392a5ff15a28bbfa8d,0
ffb92ec64c08e826d724dc5b0fd39f0693f4100075570c77687c46d4b2d4b753,0
7b6ee90dea5cb1240dd5b0cd9ff50e5158b5bfb92b26d44e13b970a8a56b08a5,0
00af6f413d71bf290cc490b0da8aeb4b1213c4c689e132985d9f5b2940755dab,1
27a622fd0ee64f436e4734d7aa5af5f63ac5e5b3c981b432362adbbb76b54a8d,1
7003c8e3376a5fd2155baa2da6132f01b614cc01b7d333956ee3c1b0ac21b212,0
23f732a258b873398d5ab43b5a6d9242587222b5d1d05ba19730597d749f90f9,1
af0b4d054bf5058b80a9f249793a422a255c38acc8eb8e1d39db68a9eb59e5c9,0
5d9ad3fcf0a2953acc8c89673071b3b5297092af94dd0171b76647722345b6d6,1
4fba0298c6ac8393c47d01b31ebabaf9368a5c49e17969ee6b9545cababa41cc,0
6309a16258cb4ab5a22b4211bf2605747aff0576b930821466197da6b74f358d,0
c4aab788854c527b266dbe3500baa5b69799be629bedce9d07575c5288fb8052,1
29ef6761fb628f6b7b23a9e709710b8812831734c2c22131b611f07a05849a75,0
1e54745668dcbee51f5dbe9c89a4c5497ca0bca35cd6a37ab23e1fddcdc351bc,0
08366b232a2e243bff71707e42ab0746507d315dd0c2ba2d6a72ea9aaca28a5e,0
b9dec8a5e14fcf9b51ced2cc40ff464c7f966b21f81e77ad519914828fee54ab,0
45a9ef5d1014118677f894b36664e04e04a98874c0afe4955135058a365e9c12,0
b533976e7a675cae9c774f7dc4f3e5a6578782b9bcb4d52c1f5fa3d01b900d89,1
337b5e364bec4577315cc2a7cb386faed782ff243e89e28fb47cfef1b0108c8e,0
4402e5f33133a027fcf50a2f54065fce51d44c47b4e97cb95e8ff957aae6fa45,1
5b7af79cb588887cf392d18dbd900417e961b44b39aae354b45f403991c88de0,0
1557b0ce733afd8318a14010439b3c3c88331afa96a505021900568e23d99635,0
4b8caca25f9b032becf48b904d28b00fbabc134d8e2295b4fc7bd696d191deaa,0
fb5d3e957e40a762e586b410e7ab1b21e302512d243d68f6c0f5b0e1fbec8223,0
a239f93640fec5a64a869951985e980556cc832a7a8919705ddaba31680a29ae,0
e5934dd4913bc68f8071bf0caa7181542c88386424ca8382a84dade1dd894571,0
6f6c5492bf6d924ca9c5e6cc5c80d22f8c49e1d6c9faeacce346a93b4fb85207,0
112d06d41b5e8fd205b9d7d6faeb8ffdab344dcb37ed58800a8773575485d505,0
f51a187e105e35ad0998a3f64887fd7e36f1fd1225475c6b5c24c7b2c36bfe3f,0
e2369f8f53a67673413fe9c97f9beb695c58b28c5091cca9e375ca6c6dd20c56,0
8e35cf25c52ef960c11156a73d1cc81b1a8aebe7f846c4cbc899c661a9241170,0
0672d7ea12de4413ce4ee69e346e8e8fa32e5948a625ee9f30db1167691407f5,0
e602e122e91f9b526955568c44062a4a8b458c9efbc472df3134b460184e873a,0
85fbe5b1d7f166afe66fcbf70e0b1cb51b4940eeff07b7f97f065c42aaa4c7c0,0
9074e8ccd585d1f6e47acb89f9fc3162956df68f189b5609c304c7eaa8dfbf98,0
abb389f3b12e000725b533d1e8a7b85055450413000fc455a05c458eab59fd67,0
071cb5d0139be21d559254b5877f0b59350fa0029f574bf6ad1be68621fcc1b4,0
faf616e362134f5a2e600ef725644a2d4b64b827fa3f1be4f96d2cbd2a8184eb,0
2f06ca02e02918d62e9c8776cfa4e68b63d5cee40c5a62638b1cd4b6057faa98,0
8c1c20772c81be50b4365a8dda664cf7f1682af4187c44429320ded632929bf5,0
d65c1c108cffbf98ec671e17a6a9a7311bb2c00ebddb8f94206fe988f417b33d,0
553772bc1e25ee143a04ac98acdacca607b78da16408cf58f1bffd72e01c8ffe,0
3cce4709190c11d14e1fb928375f8f5888dd7178d9a5c3f68cb7fee2dd26e253,0
f84ea085b72b8d45e144e46c2e75b6c820d5ee4a56d0242ea5cc000dd8c7a67a,0
c4f3a5afaacfd0e3fca37c3745c99a21328eb836b43efe87cb93221ce8a139c2,0
cff37501d03f7d0ac432c53e4c10208ddad6d1ae618cea92419507f313d433f9,0
47be0239dfd2a7897b4295c4495758330466543467f8a2757c27ab100426d9c3,1
0ab529aa6176aa0d712b7e3b89b9dadbc1032d066de6c93dda9109eb85e3c7d8,0
d2d04cc5cef4e859e4c5b749316cc60e2cd692a58bef553ffa2e1c245f0caac1,0
fbbd5abbc1e10fda33ae925c3d24dc2e35fac3b3c09da988ae10b207ad0ea986,0
51a12c16893181b143bc0354915d0931f5fb2fc8227b49f6ba10f3d625b58239,0
ccacf8095349be240679de0a5cc3f18e0c55944183f32e17788237db51f47889,0
ac045249bee9d94cfb85b5cf73fa2cce00455a5503ae996848c0f63690379d2d,1
dbab9ff0658056c9630f0d4624a2ee109af9b1f2664cf870fa35fa790ae43a9e,1
e2621d8bf6994f60e80ccf88479ac6dfca61128fa5e9568c6447ced9339ca940,0
19a1f5f56e554057c1a022013b3f7fe9462dd3481ef32e2685842aea746653a2,1
6965ac4417c29db7ea4a76b9e483a6c517bc7fa6a543a3d30974232b9ebd98ad,1
95f1056e75ea2e4e0c346aadbfd69fb85d4543908c0d0ca213f4f1b33f66ad5a,1
24c2e91dcf2a9cbf52bfaaaff98d242615cc9ceff9a87050c33265f4d01def4b,0
372430a4bcdf771c35e9648ac861484a49a9fdc8071684e4befeb1541d79e1b7,0
9331eb4c7531e75b6715867f80c32f21cba3c5a95a4fe302900b0d69e23a1629,0
4dff3800d00d25758a56865078e4b2a5788a8daf70fa90b4df13df78bb246882,1
a484821c4e3b04346c0a6576fcb30b5c3cfdd3fba3e078897ce8cba0b16e388f,1
c4155f9daebcbcf4a99a15aa62de6162719176d7310e3588fd745df055233f71,0
f501a3a2540ce7798431544c95fe9f12c8206724bb8f5bb571bde8905ceaa45c,0
2b0405703f558b27fba3ccb94395e51f44325bb51aee05c303235c1c1c880458,1
3a0f03f31e7b32aec0378d1a222ca4f2c0ba3871e84a81a9259b38defa27bde0,0
b5071d2d65644df30b06de2c73c130378f6475783a86eddc507eab9c1044ffce,1
fcbd5e5263e6d7fd56ff4ffbbb2897d759ece6c8041993beb79dfdaad1bd49f1,1
a3e8013c2f478f679148ee5ceeec91eb9d8a63cf1826117ed2a63f105096d6f8,1
6ffc67ffe999115386fcba3378978d9f2ac2d55cac462b14a40fe072473764e9,0
f20be72f0e3f3fe795aeaf93bd8e290696aee964fd6b833961939ed3d62109d1,0
f5bd7c8f23f89e7f35ad8dc617fe2a73caf7a7482fe90db43ed8acc065b6408b,0
1bc63ad1220653561b1e37285a9ea4346ea72f06865ffba986bd932c920762af,0
4f3e64f60eee7a127f9a4b0e182df0bcb14ee07c2d2ba3a875a86a26f81ec39c,0
301726301bf2eac28a1b634fba3ad237031714d6bffc669a5d6fe1bfaed08bfb,1
5f790daaf1da83e2e88175d014d7d08bf022216c23a1e23d63a837bbb4ec4405,0
1985c14945877f45d2708549dbda145cf608ed70897cadd447d0a39d457ab6e1,0
b28ce7ad90e3996893e8d07bf3c8840c39e03d6c12e54af635814137c65e54cd,0
eb7ef3db20bda7c1846d2848d7e20205a55db260bf5579fe819868e72c6a1699,0
1b382ec1afb71faf3c042a3cb2aa07261ebc72d3047fd3048385b066cb8f0bb8,1
8fa00df93a8567da218e1729e38da5fa9b4f5bc5848ace29618d04c5217f365a,1
308421e2802c17cfdab96d32c07e041bd9d3e291c9795d1c25d38e7f53476fb4,1
8027eeeb9892856f3b9d66b371ca34224496bee7d27f783672291417a7a55967,1
b2b45e7c27b17f1f5fcffb3a1ba73c9a0fa616962510c68d336678677b7d1243,0
193616c44f6ffd6142b0138d0762672b8a208a14aa8d37733624d3e6b129eca4,1
31d5951ef02c8a44deb81ec5965d9d8eec7960ce6d7c07d47c9b616aadbaf024,0
8dc5d7796ee084e858ae71d672677d05898feead302f487fc4c6d9baa609dad1,0
0ac8a172d85a8a396b0c3182f7f1eae2f0044c0d2bee06b453cef67c76c976e7,1
34974f1440c0c240ad7aa1b4946618cf9c24d2a677e252a75a7c411664e68c62,0
aba2ebf26ce30c6d9f5bdd2e33c5ff7aa5d8bdc67841d81e6248e33f0031e5d0,0
db5809c22517b78e2ac15d3ea59809f6b7592dfc5f8e818bc713fc62a87a37f1,0
acff1b375d7101d31cf2458d36cb3a6eb0f7b3d7d84f949055a66bf5d1eb5813,0
8bfdf9a70b5c1a8f9ea0fe9a018e66656895e996f8ed8926af1b302a6819eeee,1
f10291c30cf447ba2b5b541a9ff40b26138f44e5ff65c70bff9180fdd2816079,0
314477f4594162df3bc665af5af7b987a5b9d89dd2723c8b3f7e68c3fd498f1f,1
63d48c5a840495f934f4dd05427b5e2a434b1bdb4adac17a9946923b8be33767,0
2d6b98b16b07c6de297a5382dcf6599cda2ee13273633b101129870851bf169f,0
f8fce885d282503585e42be800275204290a0b8155fa539253e50ac91fb160e1,0
d96b1f58f37b2716f41575b1fb473160be0a929a54242f4c2be0b330dd243e31,0
272e9abbbcd7b24c337c9d477b97b43cdbb67998d2c63bf1e984a5d9059969b2,0
d0adbc2052d02381e6e2740075a8df7aad7c1dc8088a02092cc05d90055179e9,0
19d2552dd19890d5b73bea0714eb97c98ea30cdfcd3ce5a8304f93298f09b5cf,0
109c67c337fbb7ee0fbc08bd69b1b8a845c2c96bda5a769ca4a4b22a50dbceb7,1
254ff30a786128dc300706d501e363a8bc6d7c611eece06a7ca621b1077b9110,0
b5ea58ebf6946c8e63813b3272e49b46cd4b0f21acb597672a51f99096792320,0
9d00e2a7d20bca70017a7e617691b719e685562aecb1064463fd3bdc38dd4bb2,0
2df342026295a6ade72051c055b9cada2209da4260773657982f54b6bddcd0b5,0
f9a03c235410c74a3e5b297709ecc2b242181d3a8215d9c09f8f01111aee7d9f,0
6e38f1931fa1b29401f9f21c6083faebf295971abec82cc2063ac6f3d802d07e,0
21f72b4ea5cb6f1b31a5556244ec374048aa3f966e55036c27f8199ff971e734,0
4f25488ce7f727a1c7dafc0e3dd1df8297a06c914a71b7a55ec9923d032b8baf,0
4d8eba3d8d3bed71559f9f16fdcd868999cf761cfc2fb4ad9a3101e152474890,0
cd91ffa4ec29fba7e97107e13f2781b3f2972b9050c26749f6b8794e19080525,0
2e4664ae360ead68692aed2ee5d1b2b6a0372666b4634a04783f2e615389fcb1,0
f7d8446ba533097955c05bb0cddbb28c823b59d85e91d9cab8fd7b63bb5127c7,0
daa6f841319d42b33679577e257be6b0ce2bf6c58e1f2c5dfbce18e60a3e32e0,0
3ca2d67d8a5865295a54abedc7fccb61d6a486ede5adc2d2c479979876fc224a,0
20a32d648b601445527ae898c80ea432ea593324238a11a7f36e19306305641b,0
458ae3ec25f04bf71cb1ab9f2da8ad9fa4952fb8e354aa0da96f2f1038cc2574,0
8c09996f899ff071ce0333278664242f7217a0e66fae99919f2b5f17b30b520f,0
80ca82a3a6ad8efc5ae2a0d4dd1b5fdcc64606de7c81cd577f59394326bef988,0
bb8ba9051497b7572ad63f3aa0dbcaab2d64fe951d8394999e6d75960d04ddc8,0
9a6c047882660d997acf4d15d60df56d5cd622bdf1f96f912f2daf3ec4d710a5,0
166da2599270d4e74003b212c3aff9e08d1baee4f4513ff9b38ca1eb808849b2,0
c9f7d2c68f7fd415f7e7955b928ed390b5df05fbb92acd6c3449934171b266ac,0
851076c2252721b99d90c05d003cbff1b338859dab11f3a58991fdc2863ec4a3,1
ff3ef120ea8b8122a8d71622a4fc51197067eb2a1fb84f02ee794c0c76be9b21,0
40071d7e407b745aaac5e1690ff8a53dcb4cd8bf7f9f60ada9b21f1712772291,0
ddadf135564b754b27bab9bf06136878eb8ce35ae4db587c207b615a0ce957e4,1
08b20164c21bd24d11bf2fe9ce77391fcb85abd984f2a86e60249e5403d0e5ea,1
f45aeb933825c7cee56e117be7bcfa6212907a4216bc4ab2cde945e0c3d7c395,1
0e1480784483e2cd4bd087c71e31f1d01d5ec0cd6b8d7ee9d2eb40c586cc9c8d,0
27e17d74f68f9672d1bd2834353881e037df6a9cdf27e2cfb1cc02c516b37117,0
018e43b647e7332842f6c6e038f16a849bb2467f47581631d133df6be754e594,0
1ec1c48698fb3f4dfe28d1824a88146bd7e1a1062ec81fc7b092426842be63a1,0
584c87ef41d979b81271ba700d435be10ab06b1fd3afdaf318d4b63b6900e067,0
ef616d74e1778856f41d7716620882deda07bed0a7f48e380485150ed863615e,0
294f6fe6a41fc663255919afdf136d004638528e7eb9e1cae1d620bd5005144b,0
f373c3325d1a4f0ed5a40ed286e405346d8e9ed3db6088a47cb914d3edd211e0,0
7c001aa6a56f250497acdd6f5e656c5205e36570662c8bcb4c92afe247012546,0
ddb3b5937b94aef6a0fd7b9df9545dd44c57266dc377a43c61699da9156d9e55,0
0af579a02034a4008e3aa263d1b6d86c20eb387c7492cbce2481cdb4aeaaa60f,0
480c43551ff1526f3537dc1d4cfccd147724b5989825b0e073c8223346d9883a,1
8916bcec53ada022bd606eb67c497885ab925b2e2bb6d5b4c42ae1822c8e5edb,0
390d53e20a55fd5d4864a78c8b31349a4a2194f9b30078eff84846a392970045,0
bae4a11a26de54ac4ee632e104ea08dbe2bb62b4ec31bf3795e6e2dd3c8d3bcf,1
c794611b4edc92b4884d07e47b96e4974b794f25dc73abedc79824b9b9ec52e3,0
59bdf53912e80107f6343ec6ce31b017fc28e6305fde2a9663cf420da0a8182b,0
d62cd933d9b752a349f2495269777d5925609935f2374b9ff72975dbcb93edb1,0
e832263d0f3c78d429c77e5e2cd302ddd76efff7d3da4f39fe0ce13163c7d950,0
00d2bb5d473a7ba58d93b0459f8390b1685714bcd4c8fdfd88b807c1d31ab420,0
c1194429162a65779b2a020850f49156852c7ef6e1c839bdfbcc629bcc4582d5,1
cf8abd063789899ae61e59cd494562a6762c5ff9ed628c3ce1c1ccdea7e2831a,0
50aac1c697b42412289fb744ef278aaf023f7ff90c59388de6bd2bfc578b672b,0
f96d372cc8ac9d728bf3f248fa340cbd0b4e7c92540ca4cdaf68eb9a5deca8a7,1
21e4ed95810d0a18e475c1e69d41222234aac9f04cc0abb2ccdd85b0c51a459d,1
523b4e2d0eed0663f4ef136a9a53b6fdae239e0c8d689afd2ff183f04dc50f27,0
fd88664acb3b65a5f41fed7df3ad026247a9d900419c9fc4cef80740cc835a33,0
3e149e89f1cff321060f0d50a035d37558b40b245354c8c2478b85692fdfb98a,1
50aa05b2ba34ed496aa8463aeb923c515e4f415dc3d350ffa7c036c394e4ea16,1
21151b105fedb54df8a9faf23d2c91a7efde25a540c94b347f58f0a44a93220b,1
8af0901a8339114556f005885c71e444f7ed58b6d49f23fc2d38c15b37a7a527,0
48a5a9d5e1481b965c2e68a2ded02f8a4932f42aaa2621949195f0446286598f,0
7abcea4cf8be3a6ce051b806a83c64a703cf228dd223175d5d6c9445bbda683e,0
c214cfee621b8a15a3ffcb009ad2ef9a4fb8e1b12647573f47931304cefb16de,0
07f6d35c61eb0f61c297098ca7ff8565922a53ad3b1ddb17e04d398c6700decb,0
6c5d5bbdf39448a37a45052da523140377b632aa1e3c35e6625d8991e7001503,1
7b5b4a442992d0d94d6e67279a612c2c64256ddb4fd7fcde2a04092db5968b87,0
1326e64008cc9bcd20202cdd22f0e4e3792296c30738b7fee7206826b308986d,0
efe06974480d2f7f576c22ea51d85a093d9f7e1404aab240a174f280201524ab,0
604f7ee7445cffbeaec2d6279d5487a9ad8ce8de04e121f42a51297f3e184328,0
650bd668465991ef738d7dabbbc362f163e53230159ae8b0539b5d9789d8e302,0
0a9ec27fbc13f07fbadfdc4240cab1ec9584bb538cb4a75d4e1ca182d1bf66b6,0
dd94bee905428728a5740cc48d64d265d1c75b0d84d1d731a5db68532eb691c7,0
c97b34a8b2b86bab4e5e2488ee6d65eb932b7d7d6a9eb8873b98969977da5835,0
4e417e216eeb78bdb9bb70f203a4881aff23134b235f7df7048181e6d431a45a,0
3c3047f7f94965b91cd843f20a9cebdf19abce1629add45bf83431646be08734,0
6975f3dd7871c3665aa9a189a9d3e469a973ef91c889d56ffdc7c1e9314910da,0
f94cf513700c579269e95bcb2b9aafcd681d952d685952ebf8bf2916b0aaf621,0
ad92c3d73aedd94d57896d8111d51bb20a9b5762b6af5cc4ae5c32eae249702e,0
c50a53d1c1689acc53ab431d126f56db605076c2381b8fe766a103d15c81bd7b,0
ab9d0a4bac285c98dab77823d3917959586e8fbf125c28b92137d032baf83e67,0
533d95d78db4b736d2494bf76d695e430f68c118ff4d4c525a98a5f8ab96ad7d,0
8a165861c44723b76a7c0515a05d2cff71737e9f4231435082eb0a4090db0e07,0
c0d6851f52efb8c9764543ad2d09f69d0155d34ac126905b24d2b1a9ed8b40b6,0
525da37e126cea654cc4521eadd4fa0f364480701e7e2f6cdfe67357d533f4b3,0
9f798e015987358dab267f8247bc383c602c098ffde78042982649a2146662a5,1
857d09cf9a3600d77f090143fec11d810ab128329e2a6d777f7fbb0a9d3eaa82,1
05d7662f448a42b3f1082913a43f9f3ec845599f25d273b98b18a77810baf7bd,1
c49303ee8e91d38d61cc52f5eaf0ca405df68ebb6013c28638bc443b446f7599,1
5a22c2a49f0715a10c225ed800baf5dbbd0229c131f2922d8bbbf6091f76ff0c,0
0f964bd931374e086f4c1c75fc54d740b21fd41a7753f2f684fa492771f013b9,0
ae5e7a5c0b1153f0a698cf3e28c4e4c1c6482f9c7f14d26ad66a89a269e8d71f,1
c563577c5d6e2d01a8b9d9e71223eb2e4344fab11d59a45621f71de00520185d,0
99010135d47e23771fb8cac3caefe20c4eff41d6b8b8b2cdfca3f7d1d8f1a2a1,0
b343afd7f64a0c38dabf278a2c6b823d04cb5c927c7c74489b6191b8466bda38,0
2cc8092fc74a76003216592b5bc01c1ade05efe29eac4f5589ecd81496169034,0
c2b8685f2d7b058c215dc40f05324d59c2d3263e8c09f2960dd16d96cefa562d,0
95305576571cd6f6194cf7489a68f28de21f694b2737cfaf3cb7a9669de2e7f6,0
c89c197a34598dad91d328e904bb35b581becfac60bd121034a36ec43288b1e3,0
d55955a748cab09ffdca39785f783d219995511fb01f755a56759abfb2006cb2,0
96c0af4f9dfc36e454ddda564cdff72f7b3ad95583ce610a808b25a75f8ac8eb,0
6ec52daa71f341cc9917dc815ae69f382d5af4e104de1123322a82638a195c17,0
4f140967e84042c7b0ceef4481d7309d79c9f9ab789a2fa29ba85cd9c8989851,0
86c882328f4714088a0a7aee3a8f17afd96e6f30b1aa229024b237bfbe3f859b,0
9bfe32c975e70849b52a2e735b910b4efd5bb635298fc5589f9bb656e5f990a1,1
71e34125b11b5cef4bf89e1da728f80f9104e3bc5995c49514e1aeeccdd6559d,0
c70c6df80f5e96b4fa00cf9c6eed6263d92543b8726d6d8b71c16a2e7b1454b9,1
7ee5334dc8e998a0b506f8ce05fa2879d5bbfad3d659bbd5cea09dd080b536bf,0
c4848d327e5258f0b947af8f0a684cf252194a3f05d6934ce17a17b36794d1eb,0
99a4aaedfddb3418a37486d399cde09e99ffb0224b0beb6ba2549bac28b6a5f5,0
c764e47624d41650e7ee1b358c69c1428824e30eef249b8ffd244bac9631ec2e,0
8bb6277955504fdb4e3e8c6d3ff162792c3e99548de35f86bf5ec74484ca2f3d,0
0f402cf82412ec7a127a34ec9f29209737655b7f12a1d0c16910be539c3a2bbd,0
a106d123d79a6c0965a792dee2d5c2620646c69b6f237806ceb3d6f9016c5b48,0
62608fd2a035007c09bac5016b0c93bc56c8b0bd9056d9f211bed607bd3452ec,0
90f314769f3871dbf7ca0bac33b951d8af147f9af2a1cac30c29426274df0920,0
192d2fe06a6f8d60e9354d7c883524d172294c3d7fe7fb329f11e90ac14d31e4,0
35f8365801b963d4df39c1c980b173a0d607e4cd13b126a27e3269e33345f424,0
2d80dc5b9d542b9d255b04a2b191f0421f671cafee15710218e6041532945345,1
ed7d64dcaa5c9b42177f68e11ffc18250cf1f753d06f07b4703feae168ebd3a2,0
870b667fedafcb3a7a647c24b4b4e8999409ab1be14f328f72d8ece9e89124f0,0
6f14c5e1620f1e6560f693dbeb5118ee9134a76bdd522cd667c72b9cdd22626f,0
43330f3f6c93181799fa75d5434152a4e5f609aab5c2caacd1f4876549703e63,0
7e557539d32289fa6f7198f37457101956c356e3314b1e05cc966b229b1bc97e,1
cf991342d21a5ce6c3fc95d6056de0a557967339855dd344dfd668eb09ed34dc,0
4e3fe099ad0cbbf568d6727cff5e2e5d2200cd461dc849243d7c10737ecf6f4b,0
e599b14195e2d34a1677e19b6d55d1b16e2934021a6dd022b8ac59cad5735a78,1
6a5f07789638615f0cb062639afeda4bf3e25b20a6e6704f6d0a02a39d4fd515,0
4f9b818817793251cc242caf947b50de6e0a169dbef26acb3b2061f3745fb816,1
3cd21e584a6e17a775053599954908e31a649d0849e2b603d3ef7127a0bff025,0
2510a933eaa3b5ec4c0913c5da7d65bcbf2b602d23b2d22f99fffcb5a7ab8393,0
d4b4cd3060cdb7a6ff359b62f483eb7bdd65e37dbf34ad27749c95a3b54f380f,0
ab491d8e96f45f844f4079d239e1daba6c0d8d6e651a274bb1e0bd60e5616ec8,0
03d3fb69406c940343f854894241b08be3414a7ca28625e02ed1f1be557d7fec,0
78ce68e185fba6e9c8bcc4d0afabdc40423ea4bbd0f5777c51ac0e8b801b38b9,0
832d8ceef6857b1aa8d04d1db6d546786f6c3f20ade33f0757c3807ee2b86cd7,0
934228f25a0fc9a9108663e2624523a28056fe1bf00e4c0bab046bdcdc2aa9f4,0
f86431822a8e733b24921ebf2871fbe0ab99fd50e6ea1513531b18e0f26c91fe,0
65fceccea5990a6f3ca71602f2a67409ce13233b5c7756acbf4e0dc5a4860d4e,0
0ca728521306e325ace848ddeefb0f6196915c8304e2b5daea29678cb8abad85,0
e874389ddf509e79e8a98fd422bf62a615a24c1ef3a6aaa67f5e659407ef1264,0
7e617a3c714821aab97bb568e0f60e26eb6355b3fa4f0f4c30d1900100621e2c,0
5e2f0b283e3dbf5d1c4a4b8ade7e25f979d4cf80ccabb5b9a31c5aa4c72ab5a9,0
0700385b8b06171777e598ddad7425f172da783d6c62ff76476c3458f188e76b,0
60809d29a74a7af8835b08610caa8734379f8d475a1d3ae98fd61e2bfb192a8f,1
a74ddbf48584f0765dbab43d483993259ed019e0246f63d882a7345860cbf56c,0
14263233e9ff99a00cc4492a6e007247aab1d86f8c9881a3f6a488b91fcd8ed5,1
e6a170b09665c83df4f4a2ca4a77798ebfcae0740c068b916945af04bb2d2d23,0
99aedf79666872e0a868f74eb3e4efdad5606be76cf5dda2a73d1dec1932bd98,0
547a04cbb2094288da4ef0e8511bf43d4d96a8f4f6a086d27d1af745b3ea9125,1
e45e32e4353195458808c7c081df5656517d1b478fa6db588438f7d3c95ceb2f,1
08576ed7ebfb6b6987e47e01803e5a4d9da9d6c86e629ee0a5c92f8fdc335656,1
a81e9002699ecef5c0cd13e279e6db558223ff487609b1938e054797b6f6bd5f,0
f79509e17e4f14d2a89cdb1e8453b487a2d3dca037a250ac80915070f28e8a66,1
fdeb88288cd85770ee98a27d3775fbde0db542966e807b79247babe5d266925e,0
08515ad4917b915ab6a0e979409751f0b3f376d0bb34d4ad7ca04c4ba6f51ed0,0
710ce8d034cabd3dca01312e1b1c51cb2e6314d6b07a68a873c14fd785180636,0
f9bee98004f83974dbf42b91b45c60ee000708d4905d18940f2363e6d3660f1b,0
37f6fb3abe7763c24d43497cbfced37095de8c2453969c5763734e0756c96da6,0
714eff52217b6086b131b9b28cb16364268e94676acc691849d4c1af914a7ca2,0
6ca2fb4a2649ef9a938db4fea09fbf8e1184de1e34095d1d4cc1549b5936dc51,0
53ddadd2f6f8b12c57586bf15c831ee9c239f4e421fd3283043e55d2b376c7d7,0
6df20fc898a69c19a98a53be0b6dbe342318e9085790e02185d42387ab8118e0,0
bc467b9d0f9d3022ff40cb07012433dd61ea900c280467bf2232d8982a2c056a,0
49baf78a69f764a5bf83e9f0d9210a951bacb2ee70a48a05f75ae451ceb4d920,0
15182c6979b0b8eb51b284302d8dac005cc2ea2bd5d356438e2027f2f77d010f,1
ddeaba55328e19c252479c45eae722a130bcb0f07e4d74336f5173a62bd80df2,0
a2a223777c7f6a306c6dbf912bc56e649a4bd06059d564e111870d16aebfa420,0
7dbeb8edae028107024e054d8978729f5676909ce66373f3127eadfa52ffae23,0
44025d2f6f1f995826c80de79f215c342d5894303e668c71e63013a265ecdf24,1
1375da4f702d57a54ecf8d2f77b48c65598cb2c73eddbc24919c324c0e754eb9,0
25db5ed8dcf46eb149c3ba675e088b311e7d350473d360214b1e66bda9fa1ae9,0
9b5315b1000cac82895528fad8a0092e17149df5b64a683a0c4707dbce036a6b,0
03792df821dc7cb6e9d4daa04a2f201569edebf5b1d5424f822e9863b808a0e2,0
ab0b897dce82f6cac44111701f26efcdeb8b2630265c4ee7c0511704d2b2f3b9,0
e9568b0680afe79aee5d30a690e397350a10edb785e4dae55daac757c917dd39,0
9d12cfeab025555c59475eb37ccab43150c5fab3768838d4d76d9cb68c240061,1
6f8ff0976986303f18b172bec647aa38c9d10c8c3f1f4b5036a9ea5a9b96f55f,0
fce6366d4b79ed88680f8f22b0dcf9da94a70d8b3ba76e27c656d612d9b877aa,1
f22fffab7627e61e1e948b64e483ddef602396750ecbae6156609ec561b8c848,1
3f837c8dc0b66eabdc3a4eff5e96fc8a4241fd60716d456131c817fa3b65d649,1
1560efa5590bb084bea355c03c9baf97da4af1573cdcc4648d4be93e88a0a604,1
ed315c1dd94323db42679d52bab2022ff7162ad80b48e7532b57db5c0ebd4c0a,1
7bba188a6eced8f4ad196cf8f71aefce2206f0309467f033c6f976634c94f163,0
04feb26426d3f7f75d8c9b2115efb9702d5a06e6d07fae20bb1c2677b6cc7c84,1
a30bd18a8b9648b6bcc6a178384ab84ee893ee712a060d3c32e4cc9cc4d2bab6,1
7ebf8aea9dc3daa9bab3840dbb4ebacafe9c9ae4f05a9088774e91a90b04e60b,1
5a148eae10e25b9c67bb7f57f941218c06822dab6fdad730e8c6aa032c2e96ea,1
849016331198cff3212638b23ec6c2ec424192bb5e7fb3a561c85f63eaebd09d,1
88cbcf0a3af947ba28cbabfbcb54ec5767c63ca6261d7248034ecf88f77b749d,1
7505ada3face52cb75f2a0913637f939c707cb399a8b881ed5ee17e2c464d655,1
ae19c3bc42cf6bf5ad93423d4f1a3808ce8999df6faff07d1407e3eb11bd5f36,0
3b903c7f5294bad638f251249ba48c543b785effa36f5fa6ca805d5695f8d18f,1
a0911ebbcae61313cb53d46ec01c8fa1cb90a8845327646ff9f280874129f55c,1
907d81af6168d81e01eab061edc2388cc44761461b582a3ae03c19997ee66e19,0
cda66fe7460cf8afae6b3adc39d5844e27c1ad89e59dc787e425bae69bf25abb,0
a5101176795c72555d6b7970d169d10cdfe0d08b9dd8c14176207a1cc29e9ed6,0
849575f001d93a8f3df235a7e8b388d83a637a41ea42e5b49aba16bd13371cf5,0
e50f8cb8ab53eeb5712ebc1f5fdec964c4933ec10d538e18b4ca095e43780122,0
5f4c99a9bb3965de3f2a7fc83b97ca7aa13006b03a4ba38b1184dbce715c4248,0
a8b7e3d5e3c865c42c013e0f0b9854042157294b8ecafe3a34c7120f762b0260,0
a6516070de8f7b7e29d83c475440b4c40ae405029a48d96ecca2718fc1d4ede2,0
49d336987af1c31af99c34b552048ffcad697ccd41fd9837d211412a1d50bcaa,0
bb54f6d5382ad5bbfcb6145cf33a1554b67fb338c37084275de911f0dc788743,0
eea787dbe25f5a286d1daea5e715c461a4bb29f8f0cfce4cf837dfdbb36bc634,0
49d9ca6cac3266f294573e1b4fe3b8ab59d9ee663ae342d639e09a8409fa49f1,1
1435bdc777ba79ac1ab1686719417b93b0f4d4bb38f4f3bf11ddb995c30f2505,1
c4042d24255cc94ec9912d2ecdbb353d935cb020c561a014964c6031b454bce3,1
068d0a2923feb7013d3ca1ff0f096e4ce73ac38d7b3de9577d7e49eb5a157fc3,1
59d5d13817b9ab46676e33fc6b77819720fc70c6a07325d593aaa132a3997190,1
c7b0b6906c48dc31ea43f33c94fa34e22a701da9b9a77a7f66058fe6115ead78,0
3c355e2830b132d4c56c8da3ff4dd43a49f47724748743528a2f2ad490a49a12,0
d6e6623feb206b6dc99e36eeeded60a69a9ca406a21a6e8568c8a58808eff80f,0
cc99959edf058bff8ffdb1362fc57b71d9c8df2fbb0cfea8c1d19d5f1392dc8d,0
53650dd89681fc003e26f631e72dd024d37e8885410943b4718a27bcc0c5f2a8,0
d69982f8c5a00f6e14c1b561858fe91aeb7fa016bbb41b490985c13cfa01b6ca,0
a1d304efac2606d8a7198ba49b37089a97ec288263d5670897b64f2b3399c4e8,0
f4467abf11a179284626d859a163de7e0b0700018981620834c6c3e731daa058,0
486bbba4512f6a599bfb452cead0919fdc85aa93117e4df0889926eb8603635a,0
e49fe2e02654e8ee855e5e70222a87283c7a90f29c2c5e23aa36a69d79e54b73,0
1621d3de06ddee1c72b8b2252a2244aebfbdb7dfe25d63bc92863e07edb802f8,0
fa3398e784d4453eeccb8a97ee6e7ea856b31d13134d501dc2600bab4f53cb4e,0
0b5862183d4ad1b2d300dff7c08c59d5424c23c82345e02fd7a7a7d92e69ec58,0
bc4a537ae6af8294d6df1de58ded3f3d8e30a8b72ea8a4b77dd2cb34067cacde,0
16cb292dd8bea3e16e01fbdcfc35171068a76ceef5834c3a9b4613700c83fedc,0
6ff1a24059251aa595fcb79044a3dc046b502786519a265f1bee420487ad8ff3,0
bea064fb6399a809df12b0ebde8f080ce2a88cfb21e25615033ea0c92b407ef0,1
21d9749d478996a1b5503345edbee0ac723444eef02d7796f0367a501e0745ef,0
5ffdbd72ae01f3057c098633ba8821a715b96730d757a799b36345e285f25c59,1
55046e49e09d5ed1aefae69f2ba451a2bfdeff769fe9f1df2084b6d09f56441b,0
d3d11883969eac5867f4311c8df317ab9a54b6b0f9ae929292f8564087c02c5a,0
e0a0d525fc7542ada172b2916da8aaea49fb944ce3809dad2149c5284036c418,1
4c2bc4d9e0d7cc8cdb49607237a0e5da4c9490202efd534df3bcaf32624f9671,0
937b25858a8d2b0c1b63ec4664dbfcce49873c5f3126c5c0a3aa669fd1ae5dd4,0
574a15a5ebd2751d8537d4a101cfa95f35080f5a059e3d704d463f792a5415e2,0
3aa8f1795a401aee932ca3f9c6321ec56cd190d293eceac65189cd7a1a44a846,0
7f6678384629ece9e6bc2ce6bb7fd0dc6ba63c2be1c34d4b6db8c4704a2fdbf1,0
4d0b675718e50e8f33f36ee5875b9df10110e66545a65f5a5618f78f3ff256d0,1
507f2742bf5ac438ca762ec10a81edb7d1dfa87f934ec54ff0c606d6d813e0a3,1
100c90ad6ab36f754eb3884de67cc849e49da8d520a6c95a71dcdbdde0729087,0
2ba307b458dc557e4c69c94729f7e19a2de536124628e5e280f56ae484237a70,0
92592c439ea16625954bd8c3b372ec8694ffcc63466c191101a73b426cceb11b,0
5a162c3abcae3d0745d020e5346fe87825194ab8b8b8bf2032852a749becbf1d,0
d2939e8bc8936ae3dff37f76b9c0909eebde87503a9ef79d2baef0e410dea24d,0
6596ae757f7398ff3edf2f4e14f29387ff34fb9485f65cd87b853e051ba31a6b,0
90dc4d136a23d7593f537b935358a129e2bfeb17c56bc3ce297504905bf4e7db,0
001d6f4c27710913cd3350f875b9c3c1a48a4c8bd5efc37ae5f6b55ca661916c,0
87a41ba51b2875eda65af694521445b3966862042ffe7dc262c4315c0b78e04d,1
7502719526848ddb1d850ad785a491aa0e3fcc6dab58c7bdcfb03e6d32b54e7f,0
9467644e241362116ffa9c243d6336c5ab2e48a43e0d88f865836e7721e510e8,0
72180ebc61d172e83869c7936815bad0075b819e3a3457fea46c321a27c86c2a,0
624aee84b934621414c367bcb6606ccb0ecb42cf96b407a18445fb120c3ab572,0
ee772056b34063feb259150dc8fb6322d539f72792970a7eb1a9be845983e54d,0
df95810c7e3a08081ee37b723889ace0d2dc6fc9b65542cf38e018190ce84588,1
43ebcedc91737bb8a04718adc28fa6fe5e1d86a2eb7ded3494fe5379cc98bcbb,0
a068f6179b676324d9c0fc30246d90c229ef07e51e410298b25bca9d38d2b4b4,0
a56a39ad2b4b51f4352340e700ee4cf2a3b148b58f9eb8ef828bd5774b5edbbd,0
f429929c6d3b1a3ba04261d0a2122dcdd445535256a9e03da463269d4301e45a,0
8a7c133e0da49a4c8649d77fe667a001dfa7e4547fbf49cf2f903907d730ae34,0
baf13b7a7a4670e2f498db1e926f0bf59ca612aa52aaf7546bb98aa9ad0e3974,0
179dbef84b262b7579ac87d97a29534983cde0b199df6c68f931e47388f30e62,0
5765432d22f83eb608a747e1f4db4cbf3ac4fd51ca35d3491172748bdcb92571,0
262906c625980dbb5c83a32328a8acbdf7bcccbd4fc5f0bd63c3278854a9d374,0
af87e57158f09c70cac8934998c2469e0b6de7cd5da845c69833d6e760dc1eb5,0
9a8051634fb87c973c08add0914b6984b7e4ad5832771beee7871459b52e3c38,0
7167480d5dcfad82c38de985a7aff95a163d79fc38a3ccb377705e4b39db1650,0
d7fb97014f009730c536c3ef7d075550a3c72799a7d2933641fcb9b0ee10f384,1
0a6ea96b659d5af1d62b396946d38af81c432614be7f75af3c660dfe2ca9d26b,0
ef3bb1e468c4a7227af08a2167c3ac4ed16772889285584926bdedf8bb0e19fa,1
20dcfbbc3d8916086a6e44ab1aec0e1714011706e6a5c6effeaa7ef94f2c95bc,0
bf155d2137f4f8fa3a85b29f0197b65ff4aa7d171903634cf59749fa0f5d4ad2,0
ab1a2fd7c116abb05d21eadcbb83f44a5f60f4d7a6bd79fd2110c49c4181b7f7,0
6a80005c2499d6116e7138ec364ed91c02e6d7856bbacbad26bc1f760286c1a6,0
53cb5610b3eb07933c5cf0fab30266b816bd821ba19f566787d2fcff8b17020c,1
f40fffdd1424d5d61e01c5ac6851f9f1838aa2fb5a466627e5f1de41c19bf15b,1
e95f437a68863bbc61c43c17a326fe0c4208dd2200fdf265bc21e9443652352b,0
265188d467467988fab0acfe1d0663562b972246b39c67bd518092dc1c4c609a,0
fa3bf51d209eb19991e4b78f11dd7084343de4022826b20a64cced227c5278cb,0
a8a63a741f8646690450eac02f3f74b8e7671719d0ad164bf53ab9e208c71b18,0
6df743b9ef2b34516bf91ad288e609fb4256d2a4b734d161c7273fb0530bc373,0
3d91d343b27e7c8501bff6120a90674a991166c38a638093fefc461f388cf135,1
1dd023ea40d4c62842158f1b0e11422cf8f6d3a39f12b920375bd180485171ed,1
fa6a00585a019538fccfb316ea20f09edd47861cb4173be24d50dfa9aa3093f7,0
586a7190a912efdfe0ef59e5d55828c660e36c5ca496f0051aa71a5b918ed584,0
8d110630b7daa00cbc24cdb6162ea3d27c5d6253357f254e54680e5bc85f2196,0
28a4a433cd70f7e2a37a394e3708bd6ea3ca6324bd283a8c6eb5a62c54e825c6,0
20bf34221b70c5c049bd9f9ba181d9f6e02275752b46a43df1e3cf5e8e51bb2c,1
cabbb73ba1bd5cad32a76eca74c146a18a0169e4de856b8ea55f273475110724,1
7c55501968d638cb36271a33a9c53bb88b9d95a51b9bf5c5741e3ff7b4490f72,1
b3a202481a7ac5e546dadaf50ff9d7c8a0542218ad9a3224b3251002f7afee73,1
cdf2721cabbbb962b7b395682c85f59f1fefc2411c4d5c08c51ba2fddc6f6248,1
757956ec99d9bfb604a5418a199b07685580c71a2edb6180201dad55e344f68d,1
f32697e55ea83d24453a4cc8d2e5349614d7f148ecac18a61d59664c35123762,1
92fb999c7dea5731e44d29f455302b2e93b4ea7b2fa6e5b74716272a572b905a,1
9a1b976d1d722e8bfcd4f344316f87657273b179c1ece70bfaf9a1752bbb0179,1
72fa2f6c725ed3fa967b11520dd3025d7ce3449dd687e29a6b1416f39e213100,0
edd0b9d3b39eff7128e921b9652a676120b56837241a6305f673bf5a4c1ece7e,0
00676515ef2edf4341a79cc163dfbafdc2158d21e812cbadfb7a0e5e9e4774b6,0
55ab155fcb3f29c6443a1a4502e589655ac61bd2b901f9df502b4e34ab433831,0
7a35fabdd4b88c18b6f5cac636097bbacafbde8e3eb371597411786974f1f3c8,0
708a9c2f0b9a7a3993591f31725c8344ec2980cd1b62fd9da5730fdf5933a091,0
15149c59b82037df2234e786cc6d4e670987fc66fdef0df3e23fa178deec413d,0
be3566e3ccb072a6dfbfae467f4047ccf323f98028d13ecf7aa1337f782c436f,0
5ace354d97450f8c002548434ec06d74c5e829482c4f97543e7d0b140562b63e,0
3a37105830126439fba5bdf7ae00e037c04612fc1900db37558a759a60555c27,0
8f7ce0eab33df42a61a04b51feb99f83bcd6d5612584cf52a4290e283f04f32b,1
284dd0328170c5031db2f029b3ab3857b709713206a8691e48f1c35474f08386,0
1b1a484dea9993e5131d18be4e8fe6db63dd77442408c3c4324034e5cb0f8c40,0
638aac489d9ee37c117f2bf7e92cef3ebe5f227c4a5bdcba5e445b5677336bbb,0
bfc61ac4e03dd527bdeade29c090bebef6a0e849ddc9b13c9c70378a7fe1e6e0,0
83705be40f2f0b835accd9a6500bcf15154c6a3029cf7f3b4abfd11a25009a27,0
047b82b57c14ccc748df391db920e16e1c08f76e377fc1a2e2b55020ec79ce5f,0
a15b54623d80d5c5f5191827caf1dff5d2816cfbef1c8541d5bc608d507e135e,0
d01fea7a362954e6bb353c3dfa4ed7998f6c69145d36021cee7e2ba241a18b24,0
b95ad3a7f1090c39188c2251f0124ae5bf37cd2487d8be8af19ec6f5ebfc336c,0
8a16198af70fd941efef348c260ede968c5e61305ed9ee8ea9d1c0e29878eac6,1
cfd60c94c19f0c2c9ef02f9a3494921d9a7709f0dfa9fa2c2e6c51fc8f72986a,0
998dba04ac50734ce6b833d9d04b741e98c2f4b72da989747c534c87a73aa189,0
ba718238e7595d67a6a7b0c071ea029eda909973eff37976a708ef2b4ef7d754,0
48739f5953a3901c3acc6693935a505f580183e9ee5bd2426ca057d647ea5c65,0
52473f39ee8ebbe142fdb887cfe056d7b21f31e1296a8114b1edacd121fe251d,0
a926710a5db03ebec56034da303ecec3d152f870cb581a8b41509e71bbd028be,0
a02be2d78c8dd39a0253b799c1713af76980754fb02cf981d038cf3014ba2a7c,0
da41bdcd73f6ee03f780dc79f3c2333a5de5629f42dd6bc58a6cbb2e8d0b4bca,0
a1f214ff8f18c267e3b0fa08a417d0a6fe95ea60d10d2662a3410e2f09010e6f,0
54ac3f09c9fd02743474e5f6a1f2c1d0cefc8db95e5cba03d67c95587ab69e52,0
3eb86acfca464831c794d6e6e52201612b3099e991376074bca7b9d719666b5e,1
d1bce46c3744804112e180a726a91295251954c097c684848ef591af701055fe,1
0a35f5514deeccf56786e51e3b8d9bf9789bfb4415a8e43523ce6e16d03a0b6f,1
6e1823123e4026a7e42e620b870866c938b496cbfa98ac6a918b50f0cf6dbe7c,1
6a9faf59d348fc40b7808e43833921ee6935768faf8f4f4725eba535029fe891,0
d0066bae04a5c35a555d112661b45a70d651874b8d974aa572293d8bd40c2856,0
ae371d0292ae9d832acb4a5ae6535cc1ad74af02fd62d46a469f07ce45f652f2,1
ccee7798066e71bd588d946ce7e422332cadbd3235fbcc839a78d353eb4aa01d,1
39c8edddca98bb57544fafb8fc638df9c8c2fb62902507e8283d0eb4943b2277,1
21efe9ce1e63fdc5650ca7773691bf16ba9f7c005d6af1b5ecf30dc7225d6ac4,0
9c00f954727b23cc02284759c60b2d586b5cedfb813c2616094d1502c40d87d0,0
f9af47a718a650a4d5976bff51a8ab8699241825af6ff16a9b730d8f93affc23,1
743c7e94824157f5a368b906834c46dc260f0e99fcf971a2b2c3b6f66d4579ca,1
a8e2745adcbd4a7a8bce6eafae72a98f7c634b3fe16e296ec1b75f3f4f72bb92,0
f2896fc419e67d851fd78ef38421d1fd59b1ceb6d834480f757eade8943009d7,0
e7fd6fece6d1899bd08dce25ad5ad768c76130268fe86c25c00fb0b2e2d64d27,0
be35000127e0e782a1b580ce3519a487f14601e7cb3459e19cd9c75e30953f7f,0
1fa4dba220385d504ad667859fb21e0b85ac7f1526c5ac937386f58f05af622c,0
cb4d0f585f7dec21ba75ca3dd658cb2a0647e456ec5c7bf471d46d7ae886f67c,0
41f4d13f061d819a9fdd34cf6018fbb178149b44dce99a6e333f2c4cb1375f04,0
ee22c0b20b60e828c975e40db84db6f82d7559c2e12012c441bbddc16f07a174,0
15bbb49893b30c98611a651fd0dac4b63ff0974d5fd123c9c91375e85d68f3b6,1
5f4ba8afd7ac5e77367117fcc7503897c08106da767b5f036669e838ce6f074e,0
92e5a0e1379aca90912e42ec06b3609bc973db83b60cd923ba0fac43a1bcb3c0,1
bdc9a8fb89b9dc4cecb0d0517e35fad125bc62869f12b1c219d92ccd6e43700e,0
18980830010cc1012d5aeb726c3a40c54ee311ddc3d5837806790abcfb2e5190,0
6297ae1c4e4a503794a6649d7717c110244f29744fa80fbb2e582b17c697120e,0
d5555e31a88fb5131b44345ae0fef73ede2bd6a48e1a51441841bb59ce7a1630,0
9c19ced7b8185dbfce69a65c15564d335db104a9efe91f9075b970fec92efa31,1
cf36e1e6119dc365cd8dfe28d255fdb04dfa04c64b37a3da3c28b1f85bb0819d,1
979667dc7dcb6ea4d63dd100ffa20c7c43d93d5dfb9bf35410cdbe6cf2047304,0
a8fa9f88399efd1adbc28554c92f455ce50aeaad35e43ba44c5f9a2ff3a92aa8,0
628a2ec20f7ccf355069f5fe410142ece56fed4c01f37925488d1f0305c47cd7,0
a640aaec20adb214d5fd31a5c91cace06b53cd22aa763255439d5810052e5b90,0
473927cba58ffcf4f0f9549cf5335ba27d5ddf892ef26b3e9bef0cbfc6113ff1,1
9a7dff8e7c6f3795fad81ad8be56d3635b0658d9fd0d028066bd8efef42a56be,0
5014312970488a46cd7429d7efe0ddfeb1891293f40f0185efea50f3f13a9f3f,0
bbc6c0780c506348f15d092ed35f0c8ee3cce914507615b5e86ef030b64c11ec,0
9bd108634bf05b2cd97addc238b613b2db93dbf7d9a29fdb3133ce2e3a7aa206,0
f2338fbdd12bc4d76c10e5f71e0220def3e3b6a7aa4b4767fe9479647e43be6b,0
e4d0ff3e4e8b3c9ddd38bcbe687da8297fbbd42c9369887e6d78c688d12916c7,0
d0e61a37c6d74b9bda17b6e3142f5eb1fdf66ae642c0646e27a899929a5c0e8a,0
7e520906a0f5e226da2b974af2b24a5bc3ca2f5e1b594658171d60fc9f134bb4,1
8a0a625ed1b3b7ef512aff81e0a7a958c8d83edac83cbeb9db01ec43d6de703e,1
b16e9b8e8d2883c447d3da77ef7686abe7ddeab2803dd826e68e9be9a4219c4c,1
400bc40e53eb256a71bcf546114d5f56ac33507e97d49a0e88f03e5a383d98f7,1
ba2f23563b680e17ef0fe74ab0f0315949793cdb4e3f4ddab603cfedd25adbcf,1
1224cf62d078f3ba390ddd6e461f074fdd1b385ef342edf43eaf52779228199b,0
fcfdce073664afb00d5d7f91dc3de3e1edd9b6eeab3d68ef91100f4cf0f73b99,1
7f183acab43533a777da515b08da9b51269b4afc0cf561849a9084fe69bdc7dc,1
7b81463a16edbc73286496b660268a32647ad5c41af11c021bf88d57d0794063,0
651c5f598ada8e42aedc3f4d490449dddee22e4f7d0421052ba145fccfe3f6f5,0
249bf2ddf64c63d9e13730caa4b4f702a59aedde7e43938973be29aa0733129b,0
438e1fc1bb1e0261d6c40bfe95427ac60c3378b9c872ca7a5cadda4ee6f30a37,0
e86d87c41608011120551394890eeab2bb5f559df3af0ccad6e252883c0e9828,0
6b3ac31d46981b23eb4fbb05d29e460372ecb9d4514ef94d4411a9ba696ebda6,0
f96e2dbf4491750015316e0ea989a10e5c3b014100241665014a9e067ef8e5b2,1
9ac54cdaa98b36a5aab2e55571f9547fccea14fe1d4480484b00c6c045d3ad34,1
e11b4bdf43e3a13c17f1d33872556067729c119d5c9155469aac1a8a69749b14,1
489e73f58470d891917c905e9bf0a2fcd3b88042b5336c160a2677d7987fc087,1
153d63053ceb89884de146260a4b0b3f1f23121bc1b0d8b6b433b5e1c5175fda,0
ca6a990a17e174e1f904d798a868a245c16798883faf20badd14519716abbfde,0
5d3b28ab3dc80d3a4ee079b8d248051d152c80007a68d5fcfc2c37f61d496e67,0
9c43d1f47e9c3e73cb5a75b5b4c62b1436852440cdb7ba92444187693d038fe4,1
a95c8d65b46a37864cdd4462b18672260469c8f54166abf6f7fa9218fc8611b7,0
5f79954904db9525e754a9c5e9e2ed1c0912430c32468e02a2ad9095abbea8d0,0
1d050cafd00a1a5726839f3bf249a21c6193d892aaf4d9c72a63fe93f9a0c0e6,0
fb8c7a2deaf8d92d2cd188da8a5f1930f654cabdfebadf62359cef5b9cfb891a,0
493f1b27a9743d6eab7f37aececb2d71b45f951c99ce51b312409cd6d78d872c,1
af49aafcf5504706001d86e8918c4948331c5b08e625ae7083546df4c75403b2,1
2ec5661a809def973a82a6c8dbfe17955aba180358234a79cfc41a93fc02997b,0
63037b7ece9b92ee7cb031de348f10211993150b6cd57cb623ff3f959610096f,0
04c637e04a862938927c009d9a1226226c11ef44194c30e32dd9077ce9af5950,0
fad525129f48b817b0bd02d70fc621f19c5b23ecb207da8cf73001e9786dddd3,1
39ccc93074d30dcffeece3bf0cc29e4dd73916de29ffcf0cb010bce4c676096e,1
c726c30161d6ed31999ae92457a58c386e0ee1b42f6162c6cbc53052c3e83afa,1
b4d77e780ba099104fd0d038ad441a5ca4162a882684cc52627a415fdd5f4d23,0
415e7bd9dfadb2fe9f70e10f3d39314e5d862d3b863299cbfe9bcd74f060602f,0
ffe6f21bfa232dad0116919f663e81a75ed3e8eed56b606452b94fff0ae5cb7d,0
991a9218216df4223d81e6052f51e8a55f39b4b4ae1c7263f9af12ec85564452,0
1e0b0a89bfb63fff3d20aa29821696c733d02d6029a2701195a3888158c93bfb,0
da29e258d61b9053b001a519bb53de320a68afd8038a1ef7329083e6e41d68e2,1
719b2e7331214ec322439e482aa603d615bd8cb09478a46f7b36cd0d116ce281,0
d2836704beb31508fff12de80787062fa383cdbdec2edd6d769e81425333768e,0
92ea528eb633292ad8de5b6e416269a532b1f3f433bbb3e8cc6ab5a388f1de97,1
7ea1efb2a6fdf26ce58d03f27e6f7048077b3c2f2ff516432dd3d1112851684f,1
f4fed0c15c631281880c419a627653bc335f3989fdba372103405bbe6c5643f6,0
a6a6b144e10db9900a8e5c9a09a0c79b3ec1d1b8c9684ef13d35dab43119b6aa,0
3ff4e73cb75887948a023914cbf85216c3d2e518c3d1b16a705811f8063f28c5,0
f58f48c3356254be7e2579d1c75688fdca1bb7aae6218bdff4e900d3444b3e62,0
0f45aba7794e2ce8db35b8f857434fee8e1d3ecc7223191f4767b1c81e70688c,0
83359469289398f7fceb809668bc5ef75ae47efcb428a9f4e57338af7c236700,0
e5f74f0d4125214a0a087ea2e5e20f844d9fedfa08a2c0e6df766d4905ae50b6,0
a0883a61dea6137ef64b6977b7f0ae12d6a2f5945eac12bf158a46bcbbe57838,0
8322e117549e7126ac7819195728c091b269a21d8a49d347b42e9ff4042ad38a,1
2b3616e507473476e5dec8bcab28b151ca2c0df83a965a8aa1f1fcbe8e29b91a,0
845fb8d2f166ed02860411a2d227bce5049935d13ed0a81fa2e9943b04769e2c,0
c40cb445b277c963fc85a31310ae343391a03df5709cceae1efae1b51bbf626e,0
70d17ad270f4c9ae40a4959c13d5bcacbd2bd2b484f391ef9f394f637dc00b65,0
2672b26dd679d5b9f0a0d9b98d78989b698f8fbd9e306a93f41bdebecb379884,0
fa93e2fe15a1db0f98f5291d131057276153b588c6eeaeda016d98abd2ee18d6,1
7af3721e7140ca5cc9f098a741369cfd3fc1af0142dfca4b101cfd611f1e53e7,0
0a25d6c218ed982fea035de2bad769f4673e3f72a7ec13999d265f736f998135,1
0cc94213d91180a9a74b76fa451956eee8c1afd854b2d1738ed66370a31558be,1
b68f37182ba862b2c46b763bdb9a2fc05000c9d99830533b09ab44b69a267acd,1
2cca669c3429d84ab7a524318c098e42c35f2d65a7ad4d7d6bf4a270484913d4,0
acfe73e739812cf437fccf4cda4272482bca7bcab783c7a59a0ca3eb43c5bf73,0
2afd23aa11e6807f0e50d35dfd55930f6cb6f3e80df8a63d31f4e51af06f139a,1
a9b49bbbc369cfd4d66c20ab40164a7f9d55b8585df09c106c032ea1bade1ac1,0
1d6605cef0814854ba9875f2790b62608aa3eb331b6363fef3133820b160202a,0
40c594c7de427a5caf9132fc7e42918c1c46fc7701f949b9ad8e609190afa542,0
1947096a7c5f8363ebe1dc08a87da52c638d185291aa6f3cd65c47aef7f0198b,0
77340aa4a0980ea75d02511f1861fe24508a22c26fbf6ec01d16fc261a8a6abd,0
66dc0bb7b6c9b50803546343adfa3df8747be5066431965a89e8c2456ff122ac,0
4c3d188f157be4b32275110703569a82f2da032128b23a25d6f93730fe338e75,0
ab3b1c0a337724b84374097d5c1632048f1f54b7da888e9de4ca3c0eff4e9367,1
4038848a5c59eb96841e1c3469a1f169a4937fc059ccfc8c85993aabbea23f41,1
30c44138b2652c1f3125690b13a17435eb96274b749fdaa01a408d4b3412c38c,0
d4d2a4039a9b7ccbe5887f16a008198b3f75897cdb5b0718c3416042da807494,0
9ae47f5855484256add47d4b64a76a4bc89fb59803a5db913e641e316f85e42f,1
52ee751249ba0a35dcb6d6f4c6b3459045ad8cac85bbeffccb62f7e52f1ba8cf,0
7cb9adb1b53dd9ed1f88580f7e890fc124b26a0eb7d2ca551a972695b1dc63da,0
7f4f40769c6c9db509318a2efb2d2aa467612020c596a970ea8ef818f715c437,1
602b1de58bc7dafe2e98c8102c602a8321be9bac2445db2878d8e44884131a01,0
4b9620a092ff399a2f25cfd2a3b12dde7f87eca01e54932a917a268cfeec55c0,0
c618d621e5f6c61abfb00002105edd8ff843b32e52f773b0844e174b16b74cd7,0
d3888fd31e8780387f5d65d78aa29e0d01f8bd49b4674cae1d059034300469b5,0
136e22c61a22ef4400b26370934da300c80b742a0806808705faba9215fc6a8d,0
70287be3b4f79697d8faaab034b95ab1586f4f177630c23a9814b967b065f2eb,0
cd63725c45756219d58f4047c08de72d785cb6e7dd665c2f2d6ed28651e55e39,0
4f0c92907febf243baab894d6eb64e17634c478f872888435b54e00fbc813549,0
ff75fe9d4b80b18d41c16e3a5b1a4349e45b3715239216ad38c5d2d5c968b1d0,0
71f485f127fbf3202b69d272b154b684cd1668d4864998a64853e0c2f5c847fd,1
c7f15cf1d3ddbca44b37ecd239e2610345bcbb9fba391a8d1db87b7ac0660975,1
50559537e185bc7c040befd2e01e1d8c06893806e51350ae06e82638a9d5de49,1
e0916cf19a9a41f8a3ccc3508bdfb2371bbf31932a6c2b1b2e039781fcb46a04,0
6677b7fdb953b336019d4d6a80b7c35704efa10479c8ac2cf806314a8a96064e,0
8a0dc79128e22e3f88fc7c206336b5d0f612273f70c523665d9d18521d4950f2,1
9981cbea9680a1820095dc71ea32e926a1a2180eb8da753feaec22753373450d,1
73b6312f77cf239e8c5a2767892255ad886c2bb5fc967fd9d239d37dde437cef,1
802eb45eab05492e3d433a0cb3bef516ce7c4680a66f2b4e974cf2935a7421d3,1
5571ad15632e4e2229614853d342fb4e0a9a3b5afb12bee1b13db983c8a30717,0
66122e64c8bacfa7c0d86044b87c480d15adf192250ff1220329f522cf5c8abf,0
c0b339652bf77d7cbe2d38491cb783b5eede094a7c2af269bea154fd5fb8208b,0
81b904ced9b66f428afdc10b22910ddec8b6f8dd07b588129c8728ebd2ec9d3b,0
919f2fd80c8defeb2ab0457e9b8834ab33d874453118f9387611af58c3035fea,0
a3a055695224640863ffa8bfa6692a08ed16b61cb42e93d3db3e74994f761f75,0
bc57b1731839044c6d43da64a1c9495d2adbdb311a81e93c075092babccd0684,0
227190e3febcd7a0976dac389cd6b338eb5eeb43b933f2295b5105e3ba410754,1
664ae456181bc84cd70639c9fd7871c1801ebeb1f95b6e9f618f1fa5f67abd8f,0
0449e84d46bd76f6ed8b2b45c98fe3363265ad970789eb852d93e7acf2d11c0d,0
52e73b3ed8e86bcf2f3c26b42e987ef77d3d748a5ad2993c693d381570b41532,1
3bfe622c13bfb295de276de87c273a7ed94b0bf6e8afd86f625ba0c48af99a1c,1
20d22cc21cd8b17dddb6e3281d9dcb95da3441ca765be8753ab877d3d0cf7518,1
0fc986c898667caeb5a719680daeac9b9424d870d692b0a4a8d8bc682ddab553,1
cdee1d9be4dc2aaa321156b32b57a36a4acaebf3981ddfc13a87c1b100e35bcc,0
3b9c968b0226df545fc0ed396d7276094180c77dcded989197f0ac1d7497a528,0
47409ecb34e80fdd11a092484dada870204a5dfc58aec406855d075ad0a96e14,1
ab7389d7a0ba978fac906ac2e73ffd9756c4b6732544a286051d977ed177451c,0
509645917339642e73d77cfd6dd04297d5125cdaea4e0f95181f2ac08bf1226a,0
2435db0029be13cc140d0e2cc211332edcfbb8dac19d4c1e1f2aa261b5e66a7f,0
d94df971846900c92b9778ebd307f66060251d8b847e280dfef2fa688e94fa9e,0
fffbbf9886627e38a567dbf4e8e15498a0ddb19ab36f6cdedf6a69209981aa8c,0
d03f7089a366fdd3fe8d74b86a5c9960adf8aad99d7ecfb91cc58039adb9afba,0
b4abbe9f1fbcc04332a396ea583d7fd5301a52e35721497fbca717046723d6c6,0
5af8cc4689d0af767a8b5b691b3c151763ab940d9d51e122a6f2d9f229221209,0
197f54295c805ae3df7b02c55c470c021c13c2651796385accbf02d0cb7e7714,0
7bb84f83b67c6a2dc3d8a6978b2e4bb419917ce1544dcdf6b4614fad72564f3e,0
0cbeefef675af69864b85e2e8aea8000c557661d8273f499b89075fb5165d0ed,0
412c1ac0f447c39754f72b59e297561b0e92ddf52f85db94190c4b4aa7856d04,0
1bf87496475e260ce1ae4a5e2a44e9b3f78f1d23b0d1bd5c69dde3651d1f3952,0
cbe1a8bba84e45558ef014b81eccf3a3aa1149c34fd3baf1b57ccb140273fd20,0
c5b3c9f2e6086b8efe3caf397b30714881f67492e4c658d79fff24ba97de6503,0
fc38cb1460726016dd2793993b26e4f8aa88fb8b6105d7ee4a386903ed6bc23c,0
b5bbb26393cf0978546965272b953e72d77963cae00b2ad27bf8ecbc61826897,1
9828f48d2db51d2fce5e5040b4953ea52fea9bc12fa7889df3fd1c23a09d09a6,1
fb533453447f3cfd23539cbba0cd1f8f0527c5811a6d75271fec551ec72d63a2,0
e699a1aacf2abbe5f6de4ee6ccfbae61a67f01de4e251d330cd3724c09e598b7,1
2c1d2746d2ee06e9944daa2e826858456480e33bb2f49ed1208d4ab5236edac8,1
a6a8258c4fe77590fbe6e914e6d50209d58b31a1aab4de60f93e4d1466b46051,0
72390c15991493d7c6b0178eeb7209b1bddc07b090f630c0d7193160b3037894,0
095c5180360dd9a341fed28069532a8a05619986e4beca502768c2a5d9d5e2f3,0
30e5a827e8a0231c467aa3c821ee62e842df61920f182b05595503c55449321d,0
f3d805b6b9d956df4199b1742cdcf2cdb812f07626661d601c41c7c6042984ec,0
adcfbf059c685a61489bf3afa411c539afe8eb582b726b6ea1858b2c15c9a265,0
f42d3cfd8b535a5f0f06203ce3fb4e71fff1f39c50007ca0ee2e25c7d8bd7b3e,0
88af10d71b310a4e6966315a8436773674c200309bbdc0a9a39e13b975eea0f8,0
a245bde964382cd732b3250239ec1beee0426adae363bb334cc79ee05ae28666,1
aa09701e74d3014a387b989026c432753d088eeee4eeab4c5a62b3a9af61b131,0
80f0781af5041181b79da7aa77bf1a60ac708d1fde686f3743a98fbbed71341f,1
cc7db7c8144ea72e94425c28abb8979a1fb171e06c964e4df8be20aa08eae0a4,0
86dba079610bf3a12464dff4e922c02da20dfef49d8eca2d3dbc86049c5bdfab,0
dd47563978437664aaf1978908751eb876cb94e2797ca41c3eb553fb037aa752,0
ee4041941b46d986c1871bb2f3d31c7399feae69790b895b6e83c0091faf80d4,0
e5dccaef337b9c168cbc79a7da6fa012faf058f8237e1f80f5f0722c6837a11b,0
043336ca40294a37ce8456a68681cf52cd7ca010a8ab0adfe63104ebb2e6f910,0
2f0ba5d7eb23a9abe449ab1753022c1166fa7f252eb8a8e2bbb03396d0c58836,0
b6d9b16bf8ffce3da4a8a7f49e7ca8bc4d167d21c4aef5982202afa6db74d6ed,1
aca857461c95bcab8e98fb28de944b0e051e97bf9181c033d4dbb05ab400f7bd,0
0d5e70785c660be75e17b3d58b326dc928d37371758c32a8760a8e9abcb550f6,0
2ed4164f1d69a6bd8bfb2e2e02e290258a9b1419d49b1e0e1847f090c906e254,0
84b3bbabc309325e3f979cba33a0ed3f755ca2a55b92b8e643867dc0509d0853,0
bfc4f3f7cc41d9d33dd8391bdcbf5dafb8bba6b46ffbd322a5a67dc6caf4ba64,0
43f6f575cada38f4b2cdc2e1a6c7de7acb708c9f50c9e39815294ce2b66209f9,0
5e45484fea106c8c96d127ad7022fba0746203597779dffac5202cc321823bdf,0
4d73b802b84155d3e589e45270c1e1769af5c5cd447c893eb005d31cd4cda83c,0
4ca1db726402c8bb925b5570cdb577b06eeda4322076c4010f908d35f3eba601,0
b268bafdad1e92777bd6f37e049a70c508084251dca0920199a1a548c6b6afc6,1
7fd2747e9d71af2f22a713e287acfbf5f314786aae9494200e11f2b6e4e14b20,0
68fe60da1e38bd4c43b484b825bd956092f45be3d295224067e2cc9288cf5ded,0
e7e099b60c14f673af0915f17c756aacebced3d5796c3a75fa55a8a255290f4f,0
5df0fdb21946e3a3d1c7cc325f902f61255e29ca1418ab248a8190580cc42190,0
2286bca5f375c801b8dad56a5e314e5d68c811f6d251dca21b0a42aa92b171d8,0
0f5b38bb13cdc128fe80c834eb098c1ee7d4118cdd1c9a059631f87500bfc0d3,0
d6eb82fef19319b2a37ce6e9aa67cb3ef1abc136242288e4f041a3f99593b45f,0
78e1d1cc142b2adb93e18614f2fddc81561f5a290fa404da716dcd044c44da19,0
fed198098728ece794d7b14968b335c0fa79502798b7db6e6187a1d42ebefad0,0
b7c4874f914beb92c8dde1ea8e8277ce3d555c22ebeee2025bbd982601602ab5,0
cd441ac42ca1157bb7b76ef95709c38dbb73630df4b29510889ceaa817498cd8,1
4d4744d5077719b757908d17dba7b0a57afffbef4afbc148c7e8090a088de810,0
788ed90319a8858794d31041caf2bea54e9d9a858ea707bd18d9217ec0dff6cb,0
978dff64a62274dbb099e802b7b4e59334febc11358f91b3abbb406bb8be9b92,1
95fead4cc4476e5b4349a7e54e284f4325a5739bdb9b1dbf3729af3953468061,0
2b0ad56bc894ab59c9846757c5ea5b61ea2e60fb1391d7ae5db5182ef8c6c713,1
34a85b45453344b655b247d4ceb2dd1eea554c57c2e4cba715dfe092fd021f81,0
65fd0996d2199336d15d93669b2c0d604ac26266f51de136c9ea62c64a4375e4,1
a11eed9b1a15e18bf987b923331f7f5117f57ba90e378c8c437f4aa1f02e0667,0
6a813bce03448b04185ee89e1b41fd541388e3eb1108a577cb40e4e43223542e,0
f7f1737d672364555287fe83189771e88792d9e31211f1968da1471ddf39b744,0
6fee6f9690897d6fcd47289f40351bb07d239c54dd0854e0982dc52271a36ce5,0
b8c7af318cfa16f7b813bdee385d1dac168477971125705c751127cba66b4041,0
339c0db7c7ad97b7a360d77bbcedac0372f7aa5a2adf39b678fa2a8dd3860d65,0
abca7dddd4c59221baa7d8b4e478003c777fe8fd3cebaafa10a3ebe46729f603,0
ddccefa9897fe596168f255e28c829a71c999fb0d68d621bc501becba748e971,0
c9ebe59dbfc947846b0d2fc84b529877489a28918afa23cdbfdc9b247a937996,0
cf2538dff57c3a295a6d7f9a17217867ebb7255b87a7759613f4f422b54990ab,0
70a486f3c80b6aa259c3345a79604ed9278e46e60eb0ecb65a9c254c2a7c5f4a,0
b444f780eb2d8d689038b362a11f15e7d97768a9dcf3bbde8a088f37db58e419,0
c6e10d7f16c15a3909ce681b723312a05127d98c055968919ca37bb76336f643,0
52e5533f778cb436c166f0c9b791a42cb6cc0b3d62619da90a8c62bb43e98bcf,0
9fafead86e60aa61aabf5da738085f16388052a22258de467dfbdda089621092,1
ed98c61cc71e6bf6fac9e9c0a4d7ea01658c857dbf11d92b4bd64a9ee9dc2783,0
71a68425e5bba1bc4aad76d9c4922abaa31959c5e18b3f96d32a3754e403c864,0
eb92bbb0f94b33fe8015459d392aa9c8fa9dd88402cf8235657e88883c862736,1
315c2b8aa64237345cf5061bfa5c9c417a1462407a728eb2a0d29a9b3b87817b,1
dca5cceacda44ca88af844e06e1540ec8691a0a3a1982c4fb2e230912f841d85,1
efe2be093ff8cb97c5a85d4e0b7e646eabdc47fbcf3fcb8bbcc9a6eebb70b31f,0
d3f896731ef85f117047bd8aec476acb7af3efea725cefb932e9049d53a730c5,0
1a1acc2491ddcb53fa2ce7e237cf92d85c303f150746b6ac3d95ac3cfaaef633,0
6ecb97a1dc774f519a565967b463287b811a443072b22ee981b237ca016c34e8,0
bc294110bbfbfdda4c5a4971168353372c5b445bd076e3ab04efdc5004e2f143,0
3e498b6a05853ab6fe244e0008d58eaaa1f4c0c2d8a1b7cdcbc83c1fb46cb535,0
6b1fa4948d5787f053feb98a525ea78561a2b89cafb9a6158421159f5032f352,0
c778445225a5a6de51ae8cd23df2d55d23c43071d670c50903900dfa158b3948,0
9b21f3a4125fe0a67d010bd4014a00d42926dc3292763cba9d9d0fe54f9102b3,0
f8d618b2ef031aa9d02f131646a4255319045f2f6faad9256097e022d2a4b0c5,0
bdcd2a9dd46bf8093e178cef30660f34ae97ceeecb9c58e5f5bf321d6b2c9b19,0
97459d8359b42385f2daedce9ced76a24bd3daaf1bc8a59d959884044105db9d,0
8688a922df7e193bce462e17295762eba53609bba940d92d5c33b3ef78ffe5bd,1
4347922a4dd466e632ce199b3ce3dacf0f3153805872ee5dbdf60b43b5ee604c,0
5b91d5b8453060a1e20340570e2a0e44e8f827c31d69bd6bb2bc0972e7743cac,0
d2d332ca39e6691efd6a125cfc2d54a98694db0ce94431dc9f8973157cb88274,0
bbaad556475fdaf873a8f8c034755d5e0dd749004d599c0c34c078116ca2b625,0
9edfa62a8d783bacefdfa886e5f6a6939345691f3823e39d27732c45fd263f99,0
0db946644b5e7e9562eee0d4ccf96609179734f50169c3a8f347d81867387f9e,0
c72c3631c65d2ccd541d0d1f84621f2468c440bd67a882b757f78684193171ba,1
fd42d62dd4aa44965d4dc2e27c74c5ced74a47100d1181d8acad5c77d986041b,1
17ad094c2b3e1138196b1050279f77b9be418fdb602e177320a2e330cd91ccee,1
54a76fae64a5355d6b1d5876f84e3b99dfa2413a126b62cfc24a1e556976eda8,1
d8f1bde5c1d24efc120d75458cf92e2b7519954a5fccf33496226463ce2ff636,1
58e47d5682b7ddc5889bb889bcc88a291ee6972473f61026dccf598d856655aa,1
3d4a98eea857a33d9231d1b89648851406870e82684b91da747df8a50d178dc1,0
65e367f14b20c07da6504959adba8db56bbbae1c18f0e39eb1ab737d8f1274b1,0
83e6bf3e470a7050c9b63dcdeb18fc612a2b3fbdd956d32bed55fd518592866a,0
89ef8e120541556667430e3bb02fd67e4249c79422be50356fabfa2691bdb1a7,0
8b34fe31528262774e9ff741bee1190cf87aa2f93b2e64a06ac9a4c80178e4bd,0
78d46d9164511be211224029692b3e34bae037d8146768776c8590d8c1f62aa7,0
8173f91696bbfae7f4425734c7ef4949e8fe3b60a5f819636ae074b63844a62f,0
cf03a8085cfa36b06ab3cd307f74e4a821cd3bcd1b03a6d0182354fafa18f004,0
8a6417f498d2965e03ace29aa4eed8a5fdfc338cb83a806efd11e30964db7c0a,0
45738d01af7c9462cff15e7109496f559a6e4e91b87fc5a0a0f7ba7d2029fba3,0
22b264bfc5e2210c77f6fd91848ec32e0e5695e55b8a77fd010c8725dd7e84c2,0
3553254fb91486912166600e44f6cc3fed2e20084ebe0105894713abe70ded91,0
bda4522cdf2bcbda3de1ed1e10bacecb32f0b19b629be7878a01609b1d91280f,0
4490c6b6c140797c51e66775396261d557a8c18ee9ab185d16dc280879232fbc,0
e6584a305f686c3b87612204b5d10558e02da75e65b5e98aca25a5742e44611a,1
d17edee6d1fe5fef5e5aa23130c09e687674eba25b4e3bc3bdfbd4d94642214e,0
f117dae6bd00dcd02bc76a0728d924af666ac9be28409b0046c758df09ced7fa,0
0a7e0ca66e58f7f91fd7e3d45bfc8e3f82fdeaa4f8732d0c1b99dc331e31e925,0
14470be57dad7ad8854d5222a1bd2bcbe023a2624d979ba515bcce852188dcd9,1
6b8d6da0c0ec8cf3395825fd6e68a0b8d45ab9c478dd00edb52d1d304fa4e036,0
088c760fdc8dd28c9a5b649b34c084ef97719e4e63fe184d4a5b492ebee0e563,0
e9bb653624f8273b25c1341994c79dfcc1e9359e7054717ab1bce9c27af90c46,0
a6fcac98934b443771cbd485ce5eb26afc089e3ad8b09b0c3fdbe35650f953e6,0
24691e0e5ec191b9444ae5eb6a5752cca5d3cad76f41f4fcb16d9e90abf5b62b,0
aa44723f243e520dbf36612f2fc2ce7d53de369df70ecc435eee64faf78b1a52,1
4b36a26a01bb22fef3a8d289dd1f0226f23039f6a0934143a8b749f027212e30,0
926d110b16355b00c0a913aa3983c045e0ec50463d787fdb173831fbc86bbaf8,0
c9169aa59e5957df30565a771534520438913368b2e1b82155ee2872aafdfa54,1
e5982f20502de6ef2bd51d4ebe508a577463792362e4d977c67b9432eea710a5,0
f7002b3372a4669cef3a73436794692198b3399a625429ea77b1fe91e3c60b6a,0
2c29aef8aa0b5f1a95af8e3450f8b5f9e4a1e30cd3d39b18c388447a6c12afcf,1
4efc402243aae78011faa9113301f479ed8783721cad607ea0d3b612c5988a6b,1
b64ec0622adaed2bef8dbad0f30894ce1c4689b1e056891eb7e7acff0c4516c6,1
9f6b97843c65f0e60ea7f9cf9b35c7acbc21f2917549023c88c08953b2704517,0
481c3402e9d5cc0b6993f6ccf6c1b048ab7499a4e16171530f25ca724faf437e,0
7ea64b3b208fa4d03ca3918fbc37c43f72c681d7391a81ef2d1f832bb2089e4c,0
098bbc24f37c350a9e3c24b32351c4b78cd9b8eec1ded1bffc6d0cf8a23bdf08,0
b82b9b433828ad329c127b5b9c26cba6fc2d113ec77b71c51f66f6b782289ad8,0
80796d145a0f65e1ba98779586a42328c4cc309cc954e5fe289eb928169bfa9c,0
0babb5a4b0e1bd19a8058bea534047e5c18f1957d7b15f00dab90f01d57b6510,0
87831dbb53fae2582663f719b22db11ae26aa5845d574293daa28573afb66c14,0
c88ba05658e3e4662cdf39a4131f2cfdf2c2f368aae8fbadb9748276049425a2,0
b16167f8224bb3321cd117cf1f8261873cb56c942d6973e0012d42b860b24d60,0
d1b0937260eedbd6591d5cde2a4757f00ee96ec2ccd153327d169b43bcec521b,0
811ab557f60c939f18393f7320cc77943ac4b4bc7e046f5179b2dfc3035c16d4,0
9bc3c11c27a79ed549f0d6eff91f44a00d3506b35db74011ca101322aef076a4,0
20e3603cbfa6c641dab52a6014d4f113dde779de09b9dd2e6758f434b0666176,0
fbc2146a96c7b2e3d0b1196af2238795efb06e62f7ca18b09c13358a7f9568af,0
cbd3c69af3f5ed6697351bd81325ee064eebccf72410622a47e4a7a11a0565ef,0
7c53737c21511549c5896a595eabe0bcf86b8e5f96b7140e912ae309111406d2,0
58074fc7bb9a1bdeb8f4bec6a5ac84d7afa744540cb1e2c6b91168b149cfffbb,0
12eeae5197228ba1991dd345bc2b7a236f6f6c100d8fd114179c8a9a6778381b,0
981906cb1e1480d6bfb2ac517a8368734fb553c7128412f6648de1806cc266fc,0
7ddca4df3c886d6f9fb07609591a9cde655f9277791f523e7d7c95caf57563b3,0
92710cad67f18a1d4bc56ee75b402a4c0b788dd7297aeefcc4277cbe904e21d2,0
cb0f29697bdd0c2e00a43380e4a9358a1ddc1e4313f7cb6b1527f76d76a6b21c,0
396259a0963e5ba315278a4b478bbdfc2bd04250c561c6822cc935e765b6ff4a,1
4c32582099e97c7c08b2a4118b6478ba2693d79bc4562efdb2fb2942766c3327,1
0d0d0a176bcb8f0b5a6156145ce81a4f0b7f92b959d185ba35ae0335c63ec785,0
747f4aef92ac702e421ba0c7072c367c3f9f1dbda4cc29942a647abddb8ce5d5,0
dfe1ffa88297576d15f933385537f0039a0cec908dd688127157f4b33a36b261,0
5d33291ffbe5bba002e272c62cc5be3b5f6fec677bf4574448e4631197990eb0,0
ed8c2f7eb2e7cb6d6864e1f09d6b38d25674776f7ada049f31084a508395dc6e,0
cd41112c7d15d57f88bf14e4f28f7e99d2164622207d6880cf9557c643d3f3cb,0
fbc90c95e5a443e3ab96346d5af54f69bdce41d5efb57a73a31545232e36f2f3,0
00ce6c22a18124da15281dd3b4e8cc55370819e30fc9ed88b20d76054c15c232,0
d257621e9cdf75ec44979a21cb7581cd7d23d2c885c5deb8e0bc1c39f8bc35b6,0
34185a62dd3dcb50ad04a1e41eaf29ff37c47a387ef504345e48eb84f042ff4c,1
f510f0d93be75d49dfc99bbe6402f3061b0cb9156b24805c4f30ebd07bb39c87,0
fb66f8ed8e5ba41c2fff35a432163bf210ec86ab7c5f1591e32cf223361e22c7,0
3a41673cc245476dffbe48930798e82008f25d446d18b1ba300d0783a7b33280,1
edb1fcc2f73cf72c69a8d298edc2cb0d1cd2d52ed4f5f383adf8a817665dc7c7,0
f427ea66a495e067554a23899e1ae07c3dc64609aad2f04e74d738422045c953,0
185d9852df9af375feaa8093497d379a87bc3ae48ba4a61c38cac48107822bde,1
bfac05ea4faee3ae2f973bc2d8a7c3a55df7fa3f63fa302ba8e4965a2c6b1f8e,0
af3fac19efa625de2ba21e07f69542360de08df1c7a3adb05ca109066535e00b,0
b9524c2d8cbbf6b2fcbfed395a2311b19b1094cf7c23dd04449e6debcf38631d,0
fb56c9f9d417ee0d165326c9c32f97fc2ae41789c8ab50a32971439f2ff2e43b,0
f2a40c25dd96fcbf639602ebf92ebdf0ae2ffcc53316ef2fe007a3138fd31c66,0
a39170d8a7845ba506216e38f4558e1b9fb784dacb375cf1606ac39dc1922693,0
e71a3ec9b4599c0e72c2523dd17b0a1026b8538b06fb88a01b0223ac89781999,0
1214b64cb8fb9e1966b93e5f870b8a83119799e9bc6d5c858af8c3f7637ac23c,0
7e562cb1b571a1f5f6230e3f06c42808679e237bc4cd43b03d9954e91dc48cd8,0
40e341ddc39219fafa0e9465397e214ffe2e7c992ea8f05e9705aa789867ef09,0
350b2653332700bcc1e91e709aee516fab7c275441862da901ed0a7c252a9cb8,0
46fbf137cf492054596d86d93a23b35544ab6eb14889553df7e093fa6da6602e,0
3e86f74d2d71d9bebe5badf466ce97f213b6a4fda865180a5d03d804ed122087,1
7e06befc80524b246e9345b2649aa4bd8e1c2e73f159d1a6ea9e5febbfe2a3b6,1
277dabbab8f60a4be649130d9af5b197d84ef7be53f8744d80f6d2c91d2aa683,1
54880db7e64a2c1ab63b6311023d8a5757eba523a2c61f7425a0d6cbcdd16581,0
5c774b3f8c7fa0aa77b36da1d22865b1868b03aff8739baa36b75756e9f7923b,0
730feb0fdbb644f0bba479cc94301cd47b3c45c8c32e85f8f347b3d5dc0dbab0,0
c77c60c3c34eeb1fd789ee3e741413384450638bb85ab8fc015ad9041cd4b27c,1
74193f058de0ad573b605a13926f93d539f9fb2833698b001dbba8ef96d3703b,0
14f4e2321e203a3bcb2962f781acf17ec086c8c3dd5fce484140b04a508b6249,1
b61cde7e59fe23a1442e9d19ac1a4af7aa0ff23808eb3bed3dadffdb9321bed6,1
6d48e2cf02a392750d5a081de92fb60ed105861001cafd9f83f2c8ac8532de5c,0
f6ea29dcf48967419f03f054dd4dbab835033c687d6f55da5b7bbaf158841f3e,0
fc306a45f3becaa2d53d38563b789ad20e566388c86079fff55e9e87b6811203,0
07c0bca1937704b0dfad169d626facd65698553f8b90f51efe3ee7ff11a070c2,0
4b153ab7105ab4a5cb8179a7fce0ec0ea13e02d196759d5a52e2832820c45d5f,0
067eb051fa0486ecfcc1b30149c5999e93f4c5221a4fa7974b54fc8bb0364603,0
62c416a7703409d1cb74e90f21e5acde43efa6de46aca93f0a77c1d6b213c0c1,0
f5b83b358e23490bca17d6c7dccaa6e3a74f532e302924f5e1ecbaed8ee2079a,0
6293f9ea30a3f002daa869bdb6cbd74bf1588d10dfe1f794e95cae6dd26eb218,0
4608c2c99c86d95b73a004777a16bd6d495b274bb2487139ddabb3d0d0b52fa1,0
de5ac75e315a90cc59024be6af04667686475c1cafb683a7cfdeb3376f1fd35e,0
a40e4698d62e7ddd3e0bd9247534be2a3e0c7f545c555c21958bbd312a9d7403,0
32003370ae7ef66d8932f9cc852a00cd5d6532dc73d8f184c8156203938ea0f9,0
1e2e6055beea740cbda8bc5697ece9e69d9b1f9f63512c78654cd28fc73a1c5b,0
407fee8d8eb8f058c716bcd66a898502686a4603530ad79c6865bfe57c5feee5,0
242461c13ba111a218a61e5bd37629659f2809beb50b36089a05db815313584c,0
2840af046bf8fc4aa10ceb922209f53bfb538a0851c91c3c72de5f98a8b411ec,0
c00e5bf13903336fa96ebbdab6ba031e9e7f21a2ec22a696bd76d8e3ee288ca5,0
cd78b2a31f6f5f1431b9f499ee480a28f900b4d1e491f1c819cc151e36f1cadd,0
d0972b01ce7e7d3dff94114137ee27f3fddaaba7a9a941f2c5681417b7dcfeb2,1
afc5931d6037e2db7fd41446a3b7f85a44818fe8f596061ce483f23e385f0ff0,0
80db470721c042576b505de052fa38423b7849d3eec3ca406b5869af31df7279,0
6579394c2f64c215835a2dd10aa43308e2aa473a75bdc6271458a0bf168087af,0
d356651a2989148d3af30c92821d30005732e0d86501f388a1af8e3e29dbc6c2,0
8a56f1c4aa6642e46392d40c6d9ca203b3c7736c8cd5601a3466607a3ba18826,0
6e312a1561b89e18f9709dc287f15d9b7ab9a7b0e6933719c566d178e81d3981,1
241f859afe1e9c23edfdac4e8b8dcfdc848571423533325b5fe0f349d04adc9f,1
475b2aafc65a440732577135a1c16ee184c332c66ce6fbbdf9c7cbcbdf2f5b24,1
36370d3fde29b87b9873c556ee37a3c18ed73f520f1641c4969800e1a950addb,0
7878dbc6d5c2f576a3ddb77b336f9500e5e4c037a6ff0c4066ec69df25907a2f,1
bb0342a7730f147b8a1d6fc62afbd47fa49d403ccc4ab7d5c2e4258fb0d62f16,0
14fee45e90faf5ed529cdf179123dd868256c386684f76132b12df9c442c6dfa,0
b89907d9e45a72dc0210ece3510d421a0bbe7c12fe43895bfa384d3b07a1062e,0
fc94117a3127e7982c055b212c0b7f2a4c5efe1a1d2249929cc7fd3c03172443,0
70c7f3e723a8ab9204827013caf7b275dd858dc5e1b68383796bcea763327ff4,0
89096e25d26aaccb3f796967d2d45ba22b9ce2a8cb6ab1c0cafaacebe7618e43,1
b64817dbe9e98f31284dbf9e16f3573026c55d42ae9c7800fbdce6406ffc56f9,1
8392e57cced38f1c172245622d4ee649dd7d814b77db1cc1ea229e9a82f6f7cc,1
bb4739113b91619b41f541c6f28daa39076459e9476167c44c29d00e9b5d3a22,1
9962143bf0127375115b5a1dd1dcde8267a471e11653724cb3fadf39460f11f9,0
dd3554f540fdbbad4342360c449f817255ffd46e16a5e683264d1351988fd1d8,0
a1fe229b0a28fbffb503f619f4b7e68bdfbd4f03dd7b83f09a01b6eb1f1bb27f,0
c4c6125c8706c35ef56bf5c338089064eed62737ce8d1e141776b66b67ba9660,0
dd41e5eb94a0951c8555ccbfebd5e21527a96139e954b031863b8a24de69d2c8,0
f2a7994a32b736fb3e7bc22e6414f441e6ae451bb80f8dd9ccd6e89747d08ddc,0
4f18ef1d47a49e6897a7ad4bcb448690cc770fb79abaf66523528eca0a803ac0,0
51cde3e3f48ad92c1ce3c5ec3178e6466fb6a45e550e2e9e43e635817e9e4077,1
53b2b498b754ccb8688bce1169dacb0199a079631d4f58b06e770735a788c80a,1
92e2ea69ee609d9a9d7c335071fb7686041d5d2d2302127e1cb332b32167c3f8,1
b5de0358cd92dbdec141f264a57397a7c65378a359d3b8ea5102a57ef96fb80f,0
d2e3718ba8acae9a846c06154dfeb0d6e1053cee035805cecb75ef575650e007,0
bd5aec556ccfe5bfe42bdd4e36998079092fbdb14767d85fb3e16250336ef502,0
cd7900a40befb07180bc90511f2d66664c5762e2de0ac20e86f2f410c00d383e,0
f82bb0057f86c44bb39a3eba02c3c76134e17b7c2c41bbe71b211d279e86423b,0
df81ce8eb348085d31ffc42e53210030062de1b6aec2b3256f20bc4fda0988c7,0
1abab3a73e2ed3699a73390e0612dfcf362f98adbcab7095b245f4e8724a8c4b,0
b49537c96c418bc9637c94e60468e9588f6c4bc3498ad172515017aaab62b26b,1
a41aaec2c45631c3c7e692af0289fe798be02f594910589c1a445dc0607b75b3,1
be6307f4002ef93847b3350e40c1dda17d59a0f4d5c793ec237b61d07bc5d180,1
a07c5d13592fdf946778f0946620d3984c1b6ff70b1048b3fd492ba6deb75318,0
0d28876c8f9aa42233c340b7ee15ffb88c4ebf4fe237b2f6254dad0826bef9e0,0
7b9d1728330436f77802e2718693077b686a2643fed22ac1e68ecef84142fd59,1
20961bb211334c35c5a59520b1a8e4a6770d24eff72275c5e3c05587ff56ad65,0
ebd4a5a235bb1973fffd803e4d1146b049e2571d09b881ba4502c90648a9c47e,1
14801d5ca98a13ddde661434c6c4f6001b89178ba730d494ec0363793be746c5,1
07e1583633e0a9c7a6459c354a31569718a8c3e6b6d7070c9d6370ec1b275fc5,1
be7290df7da75814d89b4b8dc9dd745041cf882d6b3a6eb541d1469701b27876,1
b7324e9bbc2d616fcbed8ad46f9b8bedd60f130b6aa3d29100fddaa33e0eb078,1
56011925a18f056442fed519a53d31c429189f2844ff5d763c861d4ba2a9ee84,0
9111bdd316132580a8f84956ce2bdcce92e5524357b449dd695c4997127552e9,1
29b218d9757854f5f99db2d8c3645834c2541b5e0b19d983a73c21c84c000432,0
11b143273b420827e8ef6fc87d3ffea17e37a5020d0d52bb6800a7e43a515580,0
bbcffa5bf4741ca68738a84e8bc78b97f2085d3848b3b9b7b4d6b304996a8d97,0
39b1c4827f4fe7b6b82ec71b7597b0bc70b0bbd32a365c1597f32cdaa7c8c092,0
dfc2b5ad50196a563f42d71faf490018c6447d4d1b6f3cb6790dfa3fabaf2675,0
502e021665137b113d382f4eaf012f0de09610a24b29397bc411c88a964a543a,0
3e918189359b5af05cae768f342189a734d4b833e23b50ae936e23b6ac51ae43,0
90b43e2c2f96eebdbd655b9cffa991c4253460ef8378fde29b670c3b318547e3,0
38684d9ffb232f8abc06c4b4c086125ab8bd0fcdf994237e46b13d84ead68f8a,0
475bb1437ffbd1e1253a85bfdbe5977bca143ae1495bc0e8e6aade34743c0d5d,1
c285f1b00e0eb81f27827634c0ef69f9166b036c0abbeb503811afa234cdc6be,0
62a74ab251857a84e20500cc63af7a84211d5a513d89e1f797c08b42117604f6,0
7b820def6117f3eec98d932a8356b6d8d10999eda59834842c251275042fefc0,1
d5a9dfa27064926e22d135a7ca9426c5f240f79dfdd1bf0f3a557f9afe0adc02,0
579cd0e24f7259ad3756576745d82e132eab9a06b83f70d6cbf49b96878b5e27,0
f4d7ce9987ff552a97d857b4a44110a7ad3c3627f6b55dca5c408849e7db4f6a,0
4067362e76417ef680e189a6de33542935ec5001562d34f0641297ace3a4bcc2,0
1497dbdf19bd712a2b278883ff2e63b25d9bf0b3121a84ed4da817d86f82b42c,1
4bc65b35cfe1f7422ba55af4bcf3d1fd90f9d179c9e245cb33ef1c9117bd7a67,1
b2946b01d13ba09f02c3834a70ad2fffc133a29cc2bff0304ed296836a9794f5,0
8bbfcd00336f6bbc21fd25a8e4dc271b4cabf6730f43c030f2ad44ddcd8563f8,0
71210c5c86d38c2b61f4d6bc5d9550feeadaefc62518f21951f1a23411b0fbbe,0
dee171894b1d20d6d0823479d756be780951d4e9fda8547ce55eb4e562d6d92f,1
ae2ffa4bb7e846b25996cedd5c6a35d84ad460629ca6b2de17dcbc69106abe1e,1
cc9b078bfdb3e980697ea7b101bcd627b4c1ed3ac713a09aad55eb06265a38b6,0
55efad9319a72d73ee1ef41990ab565943ad44445ae9fea72c753b5cef2bbcd3,0
b4b86dbae1e04b76800ae09c080fdb45c2b99b3b955376fa4a4f890d7b013ca7,0
aa87d103f8f3e3288f17aae3184ba911fa0d50af7d8a6f8b89890552c4550ad2,0
7edcfcf391914955a0380e588bc98860876de1c34f200807b631c962b54666b4,0
8b0ca530a5f011e6cb61c08d72df2360a7e6690aaf5563ac9a76dbdca35b8f8f,0
2fc5d5c71fdfe1ad0bb50929c1edd228cebcd9db36fb60aed9308b7100682d50,1
f4f9eff6dfbf3a766bd41651f95e95589e69664459cab0502dfda6d7c2bdc093,1
f6b626c8b3f3da0cc59a7309536cae8be264b2dfdfd8a779e412d0cea1a15c43,1
d233aceb32f0342c3e3690f50392d634b463c417ed2def1b7abf77facc960f1c,1
338d740012324a14b9762524c7144812a145ef0438c05b9e3ea414d7bfd6dc1d,1
01f159c4eba92bc5b31e5430670767073baaf9f75b3474b166a798393299506e,1
6e96e68ff87600da9102f2eb0e4b322c029c2f55f412073ac0d4e2dd2f12ca57,1
cf2994d86f3fe41d2360fe662e356269c39db06f7b53f9441bfae7f89cda41df,1
84fdf7be8a142c3d338d877d3b4b400ed3da912699b06ce5c220b441672eecf2,1
3b1b06a6242597940fc2942b9258519b644566d1f5222980feb5ece7823ee87f,1
1fd4f2e56a110ba8cf40175cbe39a94bb70ca7b0b4f5b1d27b448abb9566786f,0
4e0b8c29d01b4d888a675697fffe6b11819eb9321441c3b1dfef08a426f8a2fa,0
ac3135c4c691f942f6525def49ed604cbb107c9cfffcfec8c47456977b408fe0,1
8bdfe7cc04fce55985239cf385ec076ca1151ed38bd68b594b48dd8de236fbd7,1
424b0440c79224454e59153e0988b48151a318976b85597de014cb8639151b9c,0
ad350801ec06d617e021bddf4221c578f3dae767872a91be1e7306af70674202,0
8faadccce6f005ed25088bf76c9126fb041868c0726d09a7882a80bb3fc5e97f,0
2f5a80b50eeda286b146042939298c215b84229f32dbae40b4121ab140e459c4,0
b627d094213bf985efb0b3f0c89bc575c4ea6c864abae70b60233f60ede2d02f,0
a2e19e3bf7b679d9d38318bcdbb1fac87bbfb1e37ea3c0b8ec7d3e242030c465,1
343eb9345d8394b8351dcb0f921dac8c458d3d338c1e43cf8e6ada1ebf8fef9a,1
ad005cb596bd33db1974c778dadc9875d92285cd44231942510e6dd9965d2ba7,0
20548f91264a1e77713354a30473ce5d3dfc4bd8c347a6f7c0f064487ffda226,0
17bc4974d60996d5f9ff6a61d3b1271b68ce13f37304f5d14e0a6407b33643e3,1
720db34fc08e1ddb90a9b2ddd22efe667aa8d080012fed0cd6d1438b1bdee3d3,0
89998b56b3ad4ae0bf6f87b9cc1fc9dea2c293b223e3a5cadd4653610adf74bb,0
462740403648110826740326bdd497895f4e67d96cf9d7418951e76f230617ca,0
3a1dc460e3274df6e0a079e35384376b16bf724af9f85ce637abeb0bf3373cfa,0
2c8c201f5784e279b767a1e9e96baf235018006ee25a255736034312285fa613,1
8566981845448aebaaaf978e0ec2c5ef11652d332377f7f2800f677d0d8235bb,0
e44271401927e490a6bd32c084caa5799a90a70babea3a26394b33b20f1ed156,0
2d9bab42fc7d510252211d57b9f052179bfd3e1c95857afdbd15b23c26400802,0
12e12739d29dfe7ec8f4d3046e5b16504670d34650b3dc36e813e4bdbcb154db,1
19f212eb657125973608cbc44f2098b9a6d8ce85affd3df4b55f2e8b3aa4f61b,0
818ac68233ea50618f8b93b528613adcf981188d220aee84f27b934fa09f9628,0
4accbe8ca764ea83676c0f73c7d65aada255b97aa23c24246cd3e6f4d9b7c9bc,0
4a857cdd8a0dd321ab9322419953f7805156a03b7e122d82e36ccbbd6e88e9be,0
1b3076c81c3c976db1eb8b436bcf9d6347c25ac6f67dbe4d15cee6339caa46d1,0
fd817c3bb91f5608f268069a7b4e11b36db63ff7f09fc6c5164a6e562f35120a,0
81738bb7171608da9b785ac2211f6bbaf39e45315d51d9651f6f13a1c4adbf6e,0
9be618f02765e75e5f8b6170e72821cb0b429237ad783acdf1b285e61d194c04,0
12d1c179197fb036f179f7da18184fff59c57b8c34019488cfd3d61d19a2e92b,0
62a41ad8c26fe16e5c66f11f4927ab2bf0176c51cc4cb2b1377fed2ad9b6d97c,0
cfb9fcf5db4bb44df96054964641a6cc14eca0fae3ebd0a2b0bafa50082e0615,1
53d2672cc075147d40338d4284d828e4d226ae783675a6b6c2ba9fc338b9f6d9,0
1bbce1de99dde6ee4aa85691d6e9e7b3d3f9ce55a3369aea29a73819f167a1d5,0
445772dc6f131d643f1c3d16ec31e22cd514e1b67a89fd5524ea46dcbf408748,0
26beb1837d327950fc7a8939789601ec3d22bddd08c3a56cbd69d3a60bc4d214,0
38394b885cfea0c640b3bec7011939a5ac402cf4272d2f3cedb0220c8b3f80e2,0
9e4ba5764fda30eae72ab306bfd3535ec6b35fb9dffe2ccc8a2f6bc2cbddbe25,0
4fafad2326b45c24a70f51762a4cad385aae5afd893f093728d1adc57647a5b0,1
512d74ebe3bb925e61b0741ba86f48d6977b21b72af371b5c6ddf2c8085b0632,0
f03527abc7a1626a187c0e78c4c9d26a8636c3a45bcd438516fe89198996f388,0
06759738794ed3d69af053d8ba412a9336a2d228cd04564fbbc91897e550761c,1
0e3116b404e67610e39b4f71d9fd45e8b1d09981efd1ea3443709ff663004070,0
5559ef4a380866d5b3216a587569a674810ae59b1d68fe22574d0d8f8af01b64,0
ff3bac92f241d15f1e9be1f0a3eee5e8df3b8f0d857672901a6405d4727624d2,0
9cdd8276ab0f26de3785ab28bb2f5942e8a25ca6ca3acc97719fcd13ecfe3fa6,0
1f12aef171e51198bd913f680e5eedfd59e56eea198ecf70f91b81cb6c209ae8,0
5591d49563b84c1cc1ba20381bdc28655f87644d9c17fbb7c03299229a0549ff,0
2c83db1127f957509ce8232b3138a3e6a9d953b6818938d7d254b8d448e31490,0
054416639bfe88ae96598de8f718a684fe7d9ac63f509660a1965e0fc52112ed,0
7d49cafe1cc2bd20fec7f375da3e809875ae827c9152be9038790a32ca8250ed,0
843510e4ceb883cf3a409c0ae5963e06087a0a842a75750cba8a439ff0de68d0,0
7ef4ff64e1f2a2e94f8888161d3e73429d4a1342ff1c17f2a448753cc736d041,0
3a59c1c47b6f731d12fcedbc072bece0024be12d76cfa89de36500408edec276,0
96c3c633780647253416b8614ef9fae28ed23d891cadb48824cfb2ae69a9fafd,0
ba5d88e32c9eaf3bcb15a7505b262fdfc11ceb173682088903a557677ee6e3c1,0
6c78278d51b8598146e07b8ac424bbfcbfbf634e5fdf528542a9d90a351786e0,0
3c99290f901aae4d87480ebc3ca6a44cd136ce5dcdd7f6070dc6e357a49e0c7a,1
dd9b436aecad05a191b8badc0c122585ba01d60935758a4c507d7de3d4f1df9a,0
ee461a39cb42302fd53bae6a0873ac3f3aef4968f53b0d1ddc60f83b8ce4c3e5,0
3b45c635616d3b6c4944b76d0a24eeb956cbfc278c781988830d41fb946d5188,0
923137bfdaa7194d3359f5a0b893304ad02c5a2ae482d795c971b517ba316fa9,1
6fec444f1810b284f8c9c140f661a54cc7622e2f2ef919534bc670c6003d90dc,0
fe605163611461402d54ed3c8170c6f769feaef4fb3546ceb3125b3f55d88236,0
92c2206a7d9fd095dbbf3d5c0410880208a0db1e1b5db190a9422f687b42365f,1
b8e9cc5cc57a8553a2a18cc3c7bd86d524897e43f9614f7ef8337da3e6733b37,1
cdf40913705b7758aabe0ef34701f54b04b2fa9704a369263b1ac6e7471abb87,1
7e1e5e6a04290a11c5307fad65941dce2c7565e200706f075450b7e273f19519,0
e62a0586aefa6feb1f76690dac4e8707ca9e65ff6dba89727e6912a59bfa8e72,0
922b2b4b77d7b12c77e0c53a3a53ee9d08a58bc121c546718a7fa23d8049a1c9,0
f2f96bff0cc00f23fc4f9fb1a254386dc2fe203db7c0f28b7a0c0190661b76e7,0
75d76268f12e5b6c3615c3d49d20158b5159e0d50d62824d8e440b7457dfe38c,0
d5985d79906b27961fc2b411167fd96eb9cf7e539eef53256b4e0cdfbefda403,0
e21ef3ca6ecd15f49498b84a0435c8d3683b7c517b2c5fb930f31a11632198f1,0
93cab5167a3f11798b7dcd997a29115225b4dd1bd08c21cde02284a63aeb9f77,1
ce566312075f999f474685f415cca222400a1f384f1f15721c9737053d2b8171,1
870f7079afc6f16cb83f595fec56f3a1164ca9ef90cfd43b6aaea4400854bb48,0
fe075d66dfd71546b1fc0ea385b32e1dad62e6c289381c7cdc5ff8ec9f14696f,0
fe30c4ca81e439aa2e30a4f2959026e25b0cce936b0eafdcdcfdb121fb9ae7ff,0
46cd9818199fbdfe3f49e93689fbd8beb188d6e0bf06faf8636f24771c8c4aac,1
062586b3b2c88e591fb589402ad02690410489bad361379e00d2059655ed249b,1
92971cde2836c4e34cea8d475c48e5c2dbf108fdc45ec3f5ceb77a45b6a34c5b,1
bd64658aaf07de7b4f46b6fc175208e3f40ac950db0d214a94b881f47832f121,0
0f2777a10def136170b45298a066dcae8a500b923384601b92a3e2dff3c50469,1
0b4033f0cd76bdd7e843b4e7fb8af14301a96793a51edd63eb380db7836cc6fe,0
4f2851a5b53fcce918334d24983b0e96d336aa8bfaf2ee8ffca7f1dafc354f34,0
0fb7d0480a36d6104585a58910fb1734ae19690da9b6ea34587fe786088e44a2,0
d0dfd7fc559d4b2a0cfe9ff3c4e56c693698b2d8aa0bc0e78ba7f96ec5a56f4f,0
b1c7e436019986ab8623a2bd421c16ec66e19f86fb6881f830e95893a901e3dc,0
31c5795c2ddedc2004f743a9c2cdd647e77596dc1f78e7d03ecc59d4d75fe70c,0
fba8eb12ae1e8f578a99f626c1f8651d054fef25ea48d1bfa512d6a74d94ce4b,1
0a68efa1dc043244309cbf2f0c84dce9b71dcdb29bdf947ae3b7acbca6db2325,1
9f51fc9ed4b3c02d99042807f23961ab5bc1a4e93cbe57b93bcf3a5b4d86d040,0
bf53a7c78d7d3b5360910889ba12521b40477f06068be53b4c1f94cc14d7616b,0
f9daea855e0b47c1da25cc7260fa194f5dd033590ce4ad452ff90ec6d768fa92,0
ff3ad293befe6f141f3e58d9cfeb39f068fc97904c195c8ea0b44e35198adae8,0
8df9f8dd7af193dab6580af71b56160943a8321e2d57f2f64d94d27c4d5f89f1,0
b6d45c5712fa934d4bb88ad8c6df9d8fc50c2fa1115fd5ec663e485e2a8655b7,0
53920be96f0cb5ad3aa81c7655e5470bb1380261dd32ecebdd19a8c8f8e34fcc,0
cf2899e5b2423b5dfef0cfdb7240b73aa48b9580b81b31e1ffba223c81d805aa,0
58cca0b56f7a82348d938c3377d9b485f3e95b9616d11695584dad2a6c5dfaf7,1
d8b7105049bf50620045590443d2eca406c8de5dc0139d93224402a3283b0c60,1
b5ca5afbf6b70cef90a7a53e2fdd22427e22ca8e5da3e51139d4c011328abffb,1
ef82f349ef416e98c1b35f0b543e676b2d592cdda9d0e8343e8dd2870e171c93,1
b24b06907c1a03291fd242e73660fa4861a7f86039226305fd4dc44ac957600c,0
a8b724d3bf6604ee5c2ba88b7d1d21cf9182ef79b56498b134b73ba8ce07899e,1
d09717b6ce0d8cd69530a4ac591ee620424f448c10559f7bd10c66af10d38114,1
f9099c40c9692971b9454a3bf7b46c54b73c3226c2b0ec12080ce2714130338c,1
456dec92442d510716931f57552861a536dcf585b78ef95b773e186b28a4bd10,0
db324ec1fd3a2912e712d80f7f147773f999c2d8fcc05a380c593f4202545b51,0
090040af7af2a2ad00c97f2f9a1f2645a374c30e01f7a8548ed9fce58980e492,0
b92a7063de7017274586780ffe1953f27db577230377c1b5ae7732b5fa0581cb,0
06b48f7dd255de508d7bcc9df13625a4d8a0c488ea1286d25060eef060bfcb20,0
9212c0fe34b4dd828eb5503c048274a51b010223f864fc3e1133fc2bb1c9bae2,0
20754a2b02f38f34804184dd024029f206a697bc08da2373f450741480f1509e,1
ead1515972d518b20d62efcb06edf180ffda3449b477036e705309f6edf0c591,1
ab0efe2bdef2a0e1319e4ae41382113d91f66a58f86f7690e01cede45734b30d,1
1f2d86c729949ab9027790e87a082ee85125a91512b3d3bb4980a0927645c23b,0
fd279e4fdf81bf2df41d44b09d20c42e260249abb9d1251dc1bd9ed0c1c782c4,0
a3df8404391f5e18f1b7006acc7ec6a04763f73e8925f03ce490b0a64126741c,1
50d6bba7bf9226c74c3c292d9973a99ea4daac42552f857ad6f9241b865c260c,0
76f97af6509a3bbece0fbe2b80b89c6106d0414fb88591476777d2729b23015a,0
902558a643458b660b930766a834c0e8b1078fd9c9e76f9990c37478773d3488,0
e0005997b7a37bf69109297f656b578d717abdb3844a00838ef30b5d28e2ec94,0
721be1506a40b622262b21eb15f86b29feeae51bde3de60c3371f2da6c5a6e89,0
f640bf1b290c5108de85c0e3a346fbe9707c636caa20f4580c857f61dc9f0b36,0
a1644400e2362ebfd7a0a07960f28dd144dbcb7fc808201ea3797180e428f785,1
507d9f2f91bbb34a504426e09809d4bffa9db443d932afc3589abdde54cd63cb,0
8f24c1e95b02128dae0b8fb71ad89a178c89d6c4bb7d602faa39eda7191d9bf6,0
a80c0914e7d69c7abdd14fd83dabaa6a88dbc948619673199c60bddf6f4d0c8e,0
9fb53442e335e5109fa9621ae26cd0f4306a88498be14f9d4ebdcc373770a688,0
d732b6d5ff5e7f26c6288670857b50abe67e608632f5d6b44af4ab75b17843be,0
2214ecb977c578453af6ce34e915752583eb320e99481e77dc657cce21521c01,1
29d7b13fe376d9709e0534e7df87c479549ff17f0023a670e14c0c340fb5f66a,0
afacd62c1189170aeca6595a1e6707bd12b4564c2bf35f41bdf589d293a23af5,1
a94a5fbfd098ad379eaf3850c3e6182706fc94296e49946802a9acadd0af3c93,1
e8ee5c8a14d33315370bc5c2b717d87c9095faa1404b5cdb2bf1e1affabbd171,0
6f14df73562a42c7679ef1849a594db476f4d9f9f3d6a01500d5b01518e4d8b2,0
71a8b6964a154976c149c762b980bac6f45cc2434bd1890e25861b30b3212ecd,0
8709e55f5507ac9799bc06a426d6f81f9372c991a148671c6fccd7d046ccd88c,0
3cad56b93702325c333a4206496df7e9bea759386ae9126efc5ada0ab599cbe0,0
2e854c04257d8348f4082904592e69b15d917067dfc283c234db1dedea612ac8,1
ef86ff625bd58429339a8da672b8d5918951b04db8545a7cf511dbb6a79b770a,0
a4bfb15b07484f8e0231fde62d0789613593c2dbfa7c5dd564f28e16b525b172,0
f77280dbe036e833e4102137c28456d97e663a164702195e0232d77af1178b1a,1
70a7f268de858cb2679cf25a10c0449f1a3509bef221163804337e17d228e559,1
9e18cd544763bc9b51fd9f11c18898a701214f879dc3b5853e06b8095f34bd0c,1
8e323561306e4a3817488a825a5d04b631db171e6a3eda91d7744beed19f1b74,1
db415a031f327fbdd840c5a2cf78e702d064b5ff1c7af34e89f1982c09d2d418,1
a2cabd781c31752fa6767441f17643f5882c9e8433717b881677ae448205b269,0
ba7f55f779c326246a0caac163d8e81c168ca2ee1a4270f16b3724e148695a54,1
fe65b11256300dbcc961c10de4968a5d46c1f5fac645eb4c569e6c7498744474,1
95e1c5acb0c6b9dd2bc119a199ab3e6a50be866f6afb8ebd0c19a37e622cd925,0
f4e7f6805e63e09245938bd942763327456c0be2510a0381bc5cb30d73903dd3,0
d6e184c2b36cb7ffa753527365b21c3c9fc061b58c972ab025c27effd4e77492,0
97f5e25e4396373f512eb4959226d4f0aed31c18ca927942b58fb806c33d869f,0
924a75dc9095596e25906d629b50c38d8465e602df4590ac2dc2ae54d0d95ab2,1
297efe19b4345d6724e5f8ffc6e86992e3109a201674ed58176c6c637160cefa,1
e846db8789748ccbc39cea9ea86275ed68477268cd4beeebea77ce34c24bac9f,1
227cebc6d5d143fc6d55388f8c236498401c956c1970798cc1b1776263c507e9,0
07d2c9589c941a5b815304ee812a51af3a0674296cdb42ea07c144dc03d662cf,1
2aa03e3b6ebc41e55feb34cc93263037a0051c5dbbb93fa9cb8c11eb348a4590,0
b184e0122ce8656b18f848c8c6003427d12947ba4e28774aa7e2c3aa50c56a30,0
754f1f2dd2f4d164d0da107650d2e0b0dc1d62f6cd47eda1b17ebfd82100c97d,0
02bdf8452287f2f36f35bf97c265abb3b472c240590ae44eb8f22b1d5869c19f,0
2dd308e3411fcf0da9790b84e0b6f2b370b7d7e264b13f69044d34fa16b651c7,0
e08bd245fb1bc5f4a3908b6955f0efca486e6a3b072373e2766e8c9c5c7eae35,1
02599cd5baffe32162920d18a6cb996939aaed5917f6aebcfbc643b3442dc646,0
b86fddd58960e8a99d4c12ffd5bb61821365546cd0e9a30ab9ed34cb18f5042c,0
8cd90d1818a87d689f7dda1725ae576522631242a168b98f89627dd05ec0ea55,0
f281f3e925de09632fa0fc1ac3dfe159c7152b35b3d20c6549f43561f1695c55,1
e12b5ca2a63da50b5aa757f25d039bb4ac1624f2da484f932b7f09dda840f9d1,0
a670cf84e0ffef3a70754af2ebad1634c5a9e274d52a4320e1413f9ec29230e1,0
e3aad404dbf153472e924ac7a0bcd7a729aba208765a4a119c70a6aaefe97e56,0
45f2221cb1d6c109d03dd609e38813053f7f650f8b5407f601137074adfcd383,0
417c46d845c5ef56673da6950f54128ecd7828f0c681514f648e553b83180a23,0
190b5185906d4fa61ad3a6d2785f24dd2c5a9b057e812a51282aec15aff11ce0,0
316d42043340887937de751f293e1f9136a30e23945874784af44de8e586d9fd,0
85e8ff612f3299b550ad6491e80bebfdd016900e314b14df642368db06142ce5,0
aeed726c51679513eb966c1641b16054d83815f9d3cf3c31b240429e2f8214ca,0
bd761cdba2a2896d15050f0a4ea84ea68a0194be5e8a91bcb9e120ff71a6657e,0
005c3e4aea3e1145b0cc82a939e950bf6628a0fb185445e63534aca9ea13e8ba,0
092a22247d638ad46009a0ecd57c658423304d3af6e9852cdc4ab8ec31f0ce69,1
410f6b6a78e8a0ab5615c976984a62ba4c06dd963e00d762b7cd6239050644f4,1
60cd76b7ce901a06da423ad93e7dd320cba6ef47d94a2a1d5952c84eda2fc489,0
42790c7eb45826848a1ba807e8cf99da804bb411d8ea49d32575bc137275293f,0
d9604114367c378b710de6a846a9c4ba1d0ff362d0c5277b3e040710c9fedbad,0
5861774dc6e94dcba3691b1bb993ea3737c1ede0a5cc55ce02c03a28b66fd143,1
c74521bfccfbea289144af274ab473d9bf3e12c86935542f71477c4f82037316,0
472c09aa8040a03f32b120cd486800a17d4281eeffc081435b39ccd15992e250,0
6338cdf288adf502a075ba8dda8c3b4ea2190c9df437d535be951296c801df28,0
205319a2dfa5a26a0f4a6dd110687fcc2b440b2f7ed8258ddc945736a79bfd7a,1
543cf321372c5b5ead69ed15f5c5be95cecbc8280fcb11ed98cd5da98d3cbb1f,0
39bc3b6294bf9061c566ed24fc2301f930134e4bb055a842e9577defdf9db923,0
82305dc51a46f83c289b8075a13e2920635b675dea5a6986586887bec51a4c90,0
9849bc0d749ad98b22134f1d21efb7a7a0ade27d645415e05d4db5da69d1f560,0
a94113d3c3d106aedd9e455b932c06aff4fb15c01a9742718d413d361c73cf5a,0
a299c23b5c2b9fa9f67bc8e0c22202b680a14da2e9520f82a5614f91a0a36866,0
d33ed8468fa5e44af86a2bef03542ebe8306e5150b6f38dbfae8efcd717aa201,0
a00a765cece44e24e0f44b4d869ddbfa2f038a7570a7acfc628831dd0dbdae00,0
7c3911504b29f95ff9548bdc7d5453d9b775520c33849bbf61e8fa9dddaf8feb,0
dc32d508bb899b8eba2d890e81dbc3988f22f91cec437886eb51d3afa3935ac7,0
c943733c9a00edc93561912cf1bdd4aa723684da0bc58cae04559b88181c4c1d,0
3e77b5a19cf9b14edd1d511561093162724f9a861c1c92a8ff16e209e3bdb152,0
846e8e9ed1710faef1f7468d6c0b3c18f84b85c4b3d1d4fa4618e862801b175a,0
b6d4aa208412a95f3d623091b34c2010ea5641a1e371b1a5a64276d678e853e6,0
cc72cb866a97f99bbd31e043b2eb69b7fba5e06bfeac2c642d3af2b6718f2f7e,0
ac6f089f71d9feebee14a9f92a0ea4b5a6c0bac82a8bd4f88442cfcdd3dddc17,0
e117fea4bc97b8f14fedf101a66d0e8a3d4f3632271a691954f887114c1e5730,1
cf38f9a6a2e9136d019425c61d2fd4192a23d022056c3b8438ec5051efed1098,1
f79a5179d134c51225d8e6922827d57ac37a1cf9c0fd183e0b53040638ed9840,1
5370c47dc4f4cd76d32bd699c2e56a734ab075672bb25b31f0bf5b7a9bd537ea,0
cf79ecbd0268ad3eb023725e21400c224275aa00655aa327f7d3bd2d237d5e2d,0
5411e56525a3fcbdf9be6d88cacb202d830b81e8bac2890033e53d3658297606,0
4954c4a187a01af2cdcc690d1055db136db4d17231f279e84cdf9e74b961dc20,1
5fd5e5dc64ed1ee9b7fb26b7ee064a97200db7cc35ea86b0c344e7c8e3e8f61d,0
c708578c9fd3dad6b8b290906202ef829845434de13b8d4ef9836a6be249121a,0
8a4bbba892ef6790ab242dcb8fa3805ce3940efbc55c54bca81bf5e1ec8ce015,0
78259d87d39adf066d4a004db212a331f4284bb13db6c5eda7c71db0f8f11d47,0
55eafdd907153b32141d8afb2404fdf1f5356d21f49dabed431ab66e0e58fb90,0
961fff44c6edfb0b3bcbfa24131ce6fd7c41ff37f60d8a6d4c4b68b569a61269,0
80d10093cd4fdf8d7e2e02cd3610d5c2e591df73c15c453b43eea2ad73ae1f12,0
e4b99ea5a49ba2981aa07aff45fbdfd3abb24ccb28ec9eb105021a8cdcce4630,0
ed49666ab5b41019cc41b0687a826af909c3e68d5d4605694981021602007cdb,0
2d27f31fd716dd0fb4c8c9a33c2d6a6a1b5d69207d107485b38401d839018149,0
c2eef825e77366251d2225141c8e8d2ed2f4fc08d0cf867e8676f6b8d5163688,1
85b09822092d43dbde4ae8b6fa753716d940841ff8840713de9ebea99659274c,1
8b2f63ec8a09ca7340dde4a5c4d8067c525005046b1199b20cc9bfe0bfb6477d,0
962b4bc010da20cffa74d40084bac9f4fcc4035b18736c8addccb360aaf18f1c,0
fea9f74a57522a6dc3a4f18b7949d47176d7bde5a7babc6f1572cd2eb42fd7ce,0
2aeeeedf5813f425f5325e3879fef8d997c99b36128f7f293356804a98be84d1,0
f5ef6994afb92f9b48c9cdb125495574b7434d7e9b138baa698ef9d4462046fc,0
ebd585011378ba8ae912f5415105a778fe3f0192b0a46888173752431b8500fd,0
d316242f9f02523902d4e3b4464704b0b588045cce9725b8726e31d671805e5f,0
d362c48bce902eb7b5b8da5adb626dc71246af776bf25699d297b88fe663de1d,0
cd2e7e4d54c321f1dac4581992598729659a9c43f7fc2504d1545517bee603a1,0
8bf8180c7f3e5ce68aa75b709ec70fc140d9a23dd25baf7264c93eb7176c2a73,1
0463ca54cc359103a3fe5b6b4e5dda2c0d273408e30ded56953ada3ef47b6c56,0
df0f5b9c0d41e91819c51f6d17b35f99ffd88331a56d502114c4320115860b67,0
9123f868f1ccbd35e95f7f38b488e24179923cee636acb426ba0e83177b50bc3,0
cc27b2505095c97ea3f16edadbf039fd2b9f92e8566d7e6a775065872cf13d87,1
afb01eb2acf15eb29d2885eb979ab36783c2165687366155e280b92869fde2c2,1
aac115b072f61b840cbc0198136fcb1ce511b1e3f8cb904db149209b74641f95,0
ae5afb0a2bea12b115a00969245ff087b47c1abb3ed8b82857532707a92dacad,0
ea5070d5bbdb9163d81570c7f9594296d14131a39592756eefddec1df4f25c9d,0
9ab4137b39ff2489e08c674a1c27a453b5af4956a4c90e4a739011f1a8586472,0
6a48f28b31457c0db8197411d386a98684cb0bb63b14cb1d030933fbba74fc99,1
2ff12aea1de442fb13156559ea8d6fe3f3cabc495ee2415212214b6ff5619e62,1
140930d605237862639974d8abd8c41cac992c6af8aec1a09dd29e31cab1b412,1
10ef095a3bad4d9a0c796fdf78ee73b5d7afe85b322e0ad33456cc94307e5bef,0
c71768f99a894e23f8c57e2f01775656bd8da513561c314c5e08a97137798eb6,0
acb3531c9c517ede61346672d5bf4d18699c80eeae8f831a6b4c8bac8b95952e,0
9743bf6e2a262b4f5db17051326bc6d3721e7ebe92de70b525e79ece8a3e9376,0
13a709322795897fcf4a65e5cb76871905bff13197186aea9bdd1c211906ff99,0
f5214e71552eaaa3dd1f4b8f2d5db40046003951f776e7874632cc2b6e8e83e5,0
3fab34c5ff4f9e66a8d208b1cb94eee84cbd3baf03d78cacfa2c7e77a7076616,0
cd879d120a6052933d67a4b0a11a7ca29060a31bcf8d718f569b1facf8ccd574,0
a49232e387da13a2570e30074bf13402be388a95abc9c1959f6d2ad15dbb6ba6,0
5830124bf97012f2ba906fd9c232a58a3646e4be6b7d8c32cc87284aa1540ba2,0
ab38d529b050f47730e0767a3b16a818651eb74cd350dfe027a3d167f62984ae,0
4dbed83d92566500efecd1182b106b56290ad271b34e94bca993b78fcdfb8ba4,0
b24052d4dd1e0705678ce582b5e4b0bc25f2bf662f5d26c5c8b8c33621c4419a,0
951d702c39207700462ea3130af8bf738d0b0c2546be68225296fa24e170b3f2,0
bc4a5892aa6d72c3d09a85611a6b81fc734c5500cad06c9f023a5d19d1c34a37,1
0f6866608f26efb56a24336d1545e16eb3983571dd86be7819b9835d41888519,0
74bd2d3614c9cb0e418c401c6f53d09e3a7855075d78676cc67500559f2163f9,0
45c11aeb05a76de5428b06a11e72a3f3cf5427054e5ba824227fb53bd2bef82e,1
20cf344ad6240bcc399d69b7b3bb451135494d60833bbc89764004f9b4d1b3fe,0
16f1dfb83ced492f8b44b92f4bd68c7355f9ef47195b738c8c57b6045d6eb775,1
6f3e4ebb5b5ee7a0c7579f3aaa33484f4ebc02a975cfd7a7fc94423cc0405dfb,0
bdc25b6536ddfb419c65c9c314913d646b40cb8195736a5fe8ebe303763b2eed,0
131e2367e91fd6117f0b6886ec0a4dc1f3f470fb29ed99f9fa512300161329f7,0
35e54295e764dddfb147fcf9d755065e0ab8ee120eca4527234d598178e7a794,0
70c2eda015b9129cb1315092a7f9ad102ac0b45e3840fa4d1363857f92291ca2,0
e01ff15b4b9c150e5c29a85ae76cafcb2794af0abdf672b9da66a2585b2b1ec9,0
443d174a2a58b59e53b7accbcbd22904d634476bcb83624e47f01423a37c67bb,0
245d4333c869a6f42fa3dad8711f6621a0439fcd0a4db3d743ae58818731e358,0
37c2197ab60006a9951e9ff7a7bf4a46c41a2044ef41a70a17ce9c232c6f2a4a,0
8b350abf0bde742557ff738b36654b6172a0e613f19e6ed3943498c66bd534fb,0
55c33d98cc8b26390ee20b45444e4dc3178927776d2522f1c81c3fa65100af55,0
a1670eac27cf306f4ee09b458f942bc41e41433df8579a94a58c88ee311fe73c,0
45bef6cd5d758937cb9ef08d9ca228d80a96944df685be368f389260048f34be,0
9f4c1a64b9c40cc265298d5fbbcb59a782ff83c88dbe1d71483bf79e9442f157,0
8fe40d8d34865f274ef42de67bbca2f0a38d4acd0475304196d56aa89252b873,1
17183c79805e874841bd3456942fbe25c0346a06daaf970eb3402915701cfd01,0
ed3b9790ab0fa2c76850f083a6aa23d75580bf4c48ce2c88fafd21c97c436ef4,1
a25297b32be1e98e07bd96b6afd70cb3d949faa9656e64d2b63fbf2da4dc1335,0
d219097ea2853e32c0eb51ae11e6e9ddba787efbbe454f4ad28e176d60874a77,1
b4cf98522881fbce63df259c431bacd8dbf1c40fa555738907f50218f5844fb7,0
11a9b9f14a366e28b8c6ee5165f27a5c289a05be9d8ccbe8087dfc4497304d26,0
e180620c1688ecca9b85bcfba1b3c2060f31e727132bbbf027a2cfd8df30d539,0
94fc013da7e64606b68fd569a50ea00f2928b0938ad3fea92f268627243ce93d,0
1d3348a90649fb10656d5ff75971f97c8167bbb0a8eea023900d64443dc69688,1
80697362441b6af8251e2e3605c96eb58e1e4b75094d4f9fd4f6f616ebe82de1,0
08a53ac9cc1734a1b6fc4b3ccfd3dcfafbe1b13e54e0da2067854b3264f858e5,1
400f7838810d24a393029c98b2af990d7245db9078ee7b3ab01306b8a641b79b,0
05c249e97eac43b5da9b2d077bfb4f11f4bc6fca456e4af1608bdbf00b0eb4b9,0
7b3804ee15dddbc26cd8c288a199fb00a7be5a747a90e1a6beb72322f29ecddb,0
0ca478ffca78248941ee271ef4c2223a2f479ad0fd0844fe4b00eaf0b20b2d41,0
543457b406cbb7b877828bb9f4d5d6b4bd2fc3de71e465c8048dc71eed928907,1
90eeba8a9666c50098ad40a7dd21c8da99a6e6f64feb3a77b3fd940f013b35fe,0
fe0ac2c0d4595e72090a7a63ba1d2841e96df698fa549847137023fc8938f02c,1
4ac03bb9aa542f6800631e0d472cedb5441fcdfbc24971c3ec5a14def47235d6,0
84877b929545c4ba35d812729261ca84732636792932876eeea8d11c6a697664,0
2dd117d6459fc8401b45d04d210ab96671cf9e9f26d8f3893c39dacc4398f2c9,1
89b4ff44f5f79a5c03f61f16c3313caf566a5ae738cf20d0821ebae9786cf2d3,1
39f8cb867e31404c290e1add8efac9bbe1dfdbd66ada730ca76ed3b0dec76989,0
f53cfc58ec536795baed3923984417c59d7f59a89b8e5bbcb675f082fe1bd369,0
d6dc104a15311ab5e60a9ffc3be9a7c3e04e856fda5b8f5bbd39141f747410ea,0
2b790cdd6dce8e335a0aa6475282ba6e28860cdb2082d26070625c3cb2b45453,0
2dc2220e26165fa0a2ec485f75c020d079bad8d1c50cdfa6c8e61b843a4abb39,0
7a188b302db27afc22d7f8882550f60b3b849e93cebf9e41d9164e551d3bfacb,0
491478d8346648d8722231386dd4549cf0dd1b73081797f4d74f05d1d45363f2,1
aebdbfb32bd962dfabe4bd91d019af4577504606232b778fa145b440d93e57e4,1
cfb12c145d500a825a60de58d1205444accf5951685880cdcb911ff72600285a,1
9b7e4204920075e0651797be3b09f52b94c1f4696b290c4eebb83c0b85352b26,0
321ca6a2ec8b39b3d2e1e65938ca48f8ba3344d28af2f9590424d3575090f019,0
cc416b0d2c8a8e3cdc04ab8b761e667e5d846b263904889a569b4048c2cb34f5,0
4b3f35c745830a5b68b4ab012fd2128a940a3f69bda6f9f8f540034bcc1384e9,0
a35eff3942cc00a20440ad18c22e78608dfcf718c79d4f819db55851a5c575c6,0
07c5b7468ba8c908718d1cc7cae25bd82f38122ade63d10f44fa19a172b25108,1
d15f9ffa77ef7341a1d3d5560896858c9bbcc03ab2d29b38a24e24419e895571,1
0b3782533e226486f91292b0a1a6afb74adabd352d773741bde03caa850a4a9f,0
dc53386f41e312d55a0654eb65e92336ed3b66213e765c272e6a10338fe40dd3,0
24a427217fa24ae5a3201213c5b750ff6175d6f1e2c8135c6a498c215b518cc4,0
603160906a558fef612c2031559971a92651ebea4353765e99c44caf5bf5e4a1,0
f9f984e634acfec8b0f5a824a80470d851e59162bc3fffd564b930389c983c47,1
71074297e0f49745e874ca8f09b733a90a586435843110dcb54e340e1bd3819e,0
c76a19fb4239467e4ba64575be1e7dca80e5c36a43a09a2bb4640254250953ac,0
60ca1d6d3c3d00c637c524102b0f2f1d971ffff7439e05f5c4173d016e3e9281,0
19a5f779157ce4ebf44def231e50c51d66c06e7bfc65bfc98b5b13eda4f82db8,0
b923f59a40089681975e9e88fefa07c843adec9283c01c81b3fbc6bba1bd4de2,0
78453a57fd65944e4f66ead3bdfa944d2a0980bc86028c08665a321ded2f2d60,0
df854f6b10a49d9108cfdd2595ef9f422f5a1f2b8b425bfee88ddf8fb150bc97,0
88247f68726ccc4612b0df91f98c87e7af4e57f93078ecb390e91bd0f3502d89,1
55fc0175dee7ed576ce32f5ba2e1eb24ef96a427b43ae6dc3ca6ff5fd8bf89c0,1
67a7dd214fb6c2bcac7fc15b163da090c7b72d1cb897d0d4911f2f1fe3922177,0
53476d153dcb18875310a49d4a5f4a8b9b5c3a9bd1c52fad18c0595996f383d7,0
f2b2d9572f3454ba1dd4898c3001c61da49e073ff02921cd3a14fce2c188b66d,0
3ad14194769295cb6902f3f2cc10d9bd9a0fa3bf1396df8e9b816761742e7c51,0
b2e3c9b1f01bb134e0b3afa9c38a526194cfe30daf416404f702cd87c8e95ccb,0
01145aef2b75201a20c4577fc53e0ca0d82f61c62bd7397b0b8c50f9a58591b6,0
ae20bd6f5120f3ff3212f303427ce794d99da2c45ce863eb61a0db911cfa2bd7,1
1f47dc17e6739adbcdf412b230f89c34621ad4a43d0cd3996f4409eabf695aa4,1
0e7a11b76d88167c97cbc2989be6f66a51e83e9b7a9d9503ee69119ce47e5ef3,0
2b89ce27b6d1f4e28d8e24d32353b9882037e49610e31c10c3daeaeee5bd11ea,0
748de55f9226226058a1c5e57bd3633b25d06529bbe68e28d67db41256def646,0
5674c866ac3a0374a00b8b30c0ec98e66f5478dc606627fb55cbc66ba5ec5aae,0
38a33fabd70150556392fe5df4057780b88665670228e497f101b2f891a24024,0
a34c541dbeacd36586e4b015296206113e89fec8acdbf3d1706c530ca00d6dbc,0
34c27a53d09d29748eac469fa18b847624bb197d3e38005bc7e59e1eb7edb450,0
bcc0b042635f2e0d2e3a494a45b72bc4e795d26e30a9f1d48824cc637ff42ee0,0
a61d1f00005dababc7aee1b5e920917ae1b38466f2ace78a9c62d050ff045709,0
87cab5522564308e346634c7e2f1e6994a1683fe6728bfbf8c4e8a8b9eb237ca,0
3cefc870a0f30d706bdda59ee83891ffe15559274fcf5bb6943b975d4377ebf5,1
72a866d0dc2545cc6a02070bd901af46d3c684c33210f1d25416baa6da5f2470,1
5c4d421a1de823168296bc1a920353d069c730f82498136081d65cd373457936,0
bc4951806ce7b40c0742d26f6eb49ebb234fa8f9f832bc2d058312dfbaea9d5a,0
fa275930419ecdc71077fdd0292d7cb8e5f6b9af690f1c3bbfd6e1f7a53d4807,0
4fbcb1123ac386c099d70ed265512a5f5e0af4560e962606e18c948b178a36e2,1
b85f9a4abfe083e6eee3e30e144203eda7bdbd6d4b6660394133392a3442c381,0
9c27cf30e9cb5f3aa5e3b2a6f81cd787bd7202aca5aaaae5c1531ad9cc8b581b,0
d3b7961ee026a1718ca32eab8df50ff764e523187dd31a08613b96c9b6046d9b,0
f8ee796684185e8bbfea4242a358fb9f1acf65f9cfbe18ca6f0e88fa7a32ab77,0
77d002a76f244b329b9cf5fe70a1344d89cffda4a93f1706de920e1c223b7784,0
002495a1bd1d1e982841b18f59d76cbb2af7a79b93db34443a7641dd86b175e3,0
c974b9093ba000a3c338847d6cec3892e15f90d81a5b0646eda69a342fef2e38,0
e9ef5e4f89a36a0d96c3b6c4739d97e20e3074dc7a52ff69ad7247a758ae4b97,0
2c52c6001169c8dbd10c169f5781b0cfd53689ffd68bc588e00977febe76d2d8,1
a124d055367f020dd5108dfd106ad5471ce20fba3481ec4b2482c1c42613587d,1
f9485c0e7246e1a6223b08ccdabe13f64566ff06116c3af7295af5995684772e,1
295fd8838ff285563ce751589732859c2049552de1702b0d779bdf5feb78f0ac,0
8bcff4221601e98f2bb95075cc75ca4a9bdebb4e9c733a99af458e650ee81543,0
cbd68b6e0c756b91842952c22730368a0a081bcbfb95ef834ecddc18c12c0a41,0
7188ffa1bd48e4d895a740304f45023f9de3caa4d8fead49e5ccba1b68286a5b,1
ed00f535f2da388c54017f5d81479ecfdc8e56ca05ed3882446ce584114768f5,0
e39ff829214c317817de248ed8ddba70949b581423d1512f8e6f9c70bc6c70c2,0
22e8e38d1b04cf6e94af9a065477b858a2b0baea2a963f31852064ab3b0c86eb,1
b683d64bbc912f527b9a0cf9094221e33dae454ab42b7551a14c09fc40c98029,1
6a4ab7881ae013864588715ab2eaa1f066db780bda49e40542c8495585207389,1
119e64e1a6ec57050c9707d2bb2530a6c75008a1b7595a7f536547aedbb8863e,0
2073a6345a166febc82a0a01ce7cf523a21d1e0cb6b16c8bab12ed99337cf515,0
f247d1b0cbb2544ed10e1b18336c60fd15e7a144c7c1dbefe4c4b08695332451,0
29029a0145ce7ed793b9f4d063b413962060ccfac8381674cee89fd4a7b4557d,0
90c39538c2e0c517b6394c7225bd5d0cb8aeeda761924725e0e5fd40fb951ad4,0
b2732cce4876fb81ebd0df3e14fdabe291f8a6dfccbe34bd6b31973efbbfa91c,0
b87ffaa877f15e81fb44f453eef8e69194b3a0d2eac5dceb1bcb1d0db39a0058,0
b2739f0f0a944b66f12ad62ab40687da17a7870da35b4f2b88a82c870478d123,0
640b978a8118003afb4cb49b696b572bf4d6a9e333296aecca71988e38b0f1e8,0
375a13f4d1417b45d1131fafc9e1edb49e411d61fb8ae616c86057294967039b,0
745eb8193e28ff11b125a94f1e650eb36d375fe2e5b325c504d20fd89baa85e7,0
b16361d3451b4f931e365e3297a470313bb6f0b334c1d4edddf174dd08a4c1a5,0
2f9b9d40a5f38d77b66a67fb49d6eaf278a9f543b0847a4be7b7f8330e70e955,0
ce1d46cfa7bf59fb51c7635a41d7b682879e2d19ce15d350b886756c2416da4b,0
3099ba965dbaa9defcbf350fda3898b612710a8319d2faadbfa2e31b0d2095df,0
2022ee5f33a266c71b8a26eb9d662b8a7101162923543342999b10d81dbba42a,0
67346d07a4fbb4d7ef4b967f8109b12f0d1a8b3a09adaa9abab5798ff77608cf,0
e8da3914812c2a6c466e11cb1cadab817c8445edc29b555f2302c298d1870260,1
5f1708f94586c15b371581f8931824cd323b0dacaa3b20083ed902d7060605f2,1
69b67cb8a9373249e47ae0d190fe1274e85bb03e015558f76fde45a6cfd70e61,0
d67a13868f0e6d1ae0a245332a5e408246df9ab26a122672f52dac12ba245ec0,0
efb981491a7cde3967e30a6b533cecd51ce4069d1ed6fe85dd11068f4b17c935,0
03a12ba7d4c89acce3b57a36f571f9d2d0f1e10f30b8c44f3d931fb1452820a5,0
72eeaec4b967097eed2a3095dd3a59ffcf94b38ba96e9a022e3b0ae3f1fd220e,0
b352652b32c6a5023982cce0494899ea7924e3725768f2342065c2cc7dc9e169,0
0904264ceaf1ffeb3d47b7fb067cd6f0fbd82fd425ace2624ffa27cff1747fe6,0
535fa88cd7e129171e758dc3320c8e9878c2da2fb03d2a6688d82313a36240af,1
ee862b02db9dc733cb19242f92675091f003f74e7f4a44da81405cac122b588d,0
9ebebc05c82e1bd33b9142feb0d75e9a3ccb6753c4d14d2ead6d0319a2ed4b41,0
a7c89e9a802cf24513ed54d3acbd89917f9529d31571b0b9c279b7a3931396e7,1
95fb23aeed9ce9276a0beaac7a23ea48c676a98c299a434a8d975236b558c87c,0
2192f42be4405048dc2b274994b1609fe01643ac12b911fe48c6f8b954f71e75,0
706277c20ff696cb4b4c1afab9d6fd9ddf91b4fe5d0191ee063d03e3e48bbd3c,1
d0dcc6f3f71511d26b442dbdb0c5c78d6d7f4b8dfa9b47863001118447addd54,0
047aafb689fa7c87117fd3ae78af5607f5443ab20cc73480cee40d10e9116ba4,1
0ec5ce381d957b4466d019f0fc619baf39552e3d38f223516267a31130587546,0
0ecd30d4249a3c7c7c71b973a34c67bb3b3fe6272324e71ad3ef0f1ab184fc97,0
0d5fc4e3a8a0a50ea7f03b74acdd98c4fb78c76f32a678cdecfbc80f828937a8,0
63e4ecaa2a9d7dd1155d46897a0251a228d83c7fa6af9ac792756a86370a4ee3,0
f4af113a52934189f91712dd1495e5e1a6be5f3877ee73b19ba7715a0a7886a3,0
b9bda4e99afbfdef051ea18bfbb35105a3e9cf1f25ecea63d7ebafe61754a53f,1
437b3713467e98db5a96aa9c7fe72263f28ad8c87330e17b8882f9f0e4231957,1
fc2c83582aefefbbf8d66f73b1c5f90e13fbef7f58b89fdb6a5d0755a2c3a08c,0
23184ccb29d06c661d67a8ac2681a332fe233cea5f6cf3937b56616dfbd04e0f,0
4bbea53f6fa55cfe34d0e5385d66f0d5614f0fde73aff12350e5e14b6ea7fca1,0
d5018943b02889cd3db5b2c51e334f98cd1f1712b5ba90410a47e0207b5782c1,1
8389db5f7788cc978c21116804fbc24b2a39e05f9a813d8f8cb20cfc48265e8a,1
781b5ceb329be4426b2c763d643ac188e84aaa50f29e4edec34a79fce9aa95c0,1
a37bdd926a53a5f2eb6ca9ddb3515bebe21d110aea0434b9661c58c626d2ede4,1
306b796f36ae456eb4a7d269f5d77bdad7e85080ff129e882593ed519d34f33b,1
41d1ee997e7717f65552245f8aa5c50050b8711a4d7ec4953fe8c1af19617be6,1
da2c178937adb8a5ea39cad644859d244c7dde1593524d088fd64211f85d4964,0
e9f58f611bdd1c8f6d9c46c66db0d1ef60598841314f92a25a1e52be90823885,0
bf7b675b384f14e6dd0392406f6c679b455cd3492e36fda31d7f5258ed2bc351,1
95ec8aa6bf5cfa5fd288e6273368da4d2a707c5433a2a379280b51cb73c7f79b,0
889043242146b83d428f6edb96353f37cc9008983146974ed58edc5114b42566,1
55c500c3271c82604c1c68fc43f66ad5a68731b7d6bb0c3720e22f9b39f2f17a,1
63a1f385ccafed02b93828ad4cf1208f5128f7cf419c4a3ffedb1346d535ac53,1
23971557fea3a10441092996fa0d1130b2c677d7efa63f4ad18f9ca33b87b91e,1
2ade81bfca1e97fb563e5a7469f9047b1dca377a16eff5d4dda82f4337a6f109,1
5f155b9c3963b20d555bb35d2d345810bf36c3df61468da2c2be916eb4a6608a,1
c6823812e8af009cb5b58b57ddf08100a897be48f8993c56bf60bcd95efa35b1,1
79c27a3274223c591dd1fb63e32a36372fc167e1c47754086eabcc7a63ae2082,0
89494eea29dd7f2a8ff662ffb63b71a233f58c051db5938b35dac21572ded61b,1
d52288b8a7c8beaef312be13fbaf16821485d2184c07e9643acc37c3347ce3f8,0
5b1425929754a8b474e86fa478273f108c530e78e759c7536db8b8fac41d7778,1
bf61b5fc6b936acd65bee999d5d95503233b4854d8545acac7180e8927eac02b,1
4b9292ffd1c4c411e5818e4f00be0384b177d5da9e70bc362cd294f81bdbccec,1
7abb12270f52bcfa2b34fe9cfae9032aa678598605573378d461375c55c54c76,1
c2845972ebfc60c021f568c4ad418e896375a8efb40ccad807c2bd944746f28d,0
0c50783fd3612532bb8ce5bad4ac25499cd365b280fbbb200454b9221c4cc840,0
b64a872c929569967992fae7920e45a2a24cd12d7bee3e5e8e00f086e929d7ba,0
9aa51a497490ef7208c2384b89aef02d98af8ab151e1d4d8fe4b8dddb99b4f7e,1
8fc3b41247f7db9bcbbf0df84ba346472dc193072e00b978f0494bfba3c66e2f,1
1104523384534ec5b706bfa4bf0302c07a3ad5bc4e69a54e9a9ee53fcd4e5768,0
421db538b8a26683f40bbe59bc62bb1c3ee86ee15d01b912ae0fc2a2c8bf36e3,0
2ada54a50abcfaf8bab2f41b8c563a4cdbe62447e88df40231aff21585d77703,0
a47f0eee96fbc5eb011cfe2c0e84042add2780e59d5104e0cba67698cb2ea5c5,0
0d609ac9c1f69e79a9cc47383315d38b60c03a4005742e7ece69a7c1f30e294a,0
17c82336383beb20dfeec35784eca1b82fecea16dccbc72fe2eaa9be4b6467a4,0
e6109c3ef9b188ccc983b104b72653737e64c9b0dcb8e8348781ef08848532bf,0
35454ee6917912357da06722cac8756e86d2cc0dd52f909402c07b6c801323c9,0
8bf0cf9efd0a4b572e8edec04f8a1ddef42599fa6c997e38b17810a8496fa6d5,0
865bfe59c3477d57c759104a37751e2e9a2bb9986b9871be677136e91222c3a5,0
36719855b17467956cb1bd1658936db91c27ff91bc70e931d6c9edb49f0beccc,1
499a255ab36c7331d55d791554f2e47eb61501a4e192b626046ca87efaae55cb,0
22c5cb025500af0e1a85754f541b825a89fca620494a5f258eb256268c6ca17f,0
767f1bace6af0e2232f6efe2b849531a93885f2baacfc667ba334a0d549b156a,0
8793a67ae21085c0df37c518e0d52d292b4aadd5db78f089d6978caa2bb75ce9,0
9adcea92d3050b294b231bb0f6738c19c7b8c1e99ee921758aea75b318cb6973,0
51873c2da9e60bd59db2ae4875dfacc7155357f5dc6aeba86011127378e2a96e,0
0ea5b4b4a0c4d4eee5ce138276ae17fc758d58f8b969b272f0b9962524a691d3,0
8720a50fd4a8e12950d44e6fe5e3ac34d7cab66d2798155ab3fc123cc4e4690b,1
521bb68f502e36f26dcbf773f3ccc8048cb4331f1244ef012553f31d6915e48f,0
e59270259b81ee6c5dfb8777e56232df1cfd9f65d1d556e88fb1951976f4e8c8,0
a926c3200b14b7e612e7db27e483b0b1436d8609dee6fd05e6a53a1da7a3fcc0,0
ad259af8346b832231348c32606f1a377bc7dfd673ecc40c468a8ea00c936298,0
a642ac9b81e7af8f4b2a535527a25cf876b29e029828233e683079cc4386d1f3,1
3d92d84466a9688c6c0d3e02c8c3812e116d2663862f7ec16d160d26006fb0dc,1
42d27d73fb6ac902e26516766a351a09fa737dc99d84d390415eafe332ffbbf1,0
da878cea6789686ec01043fd735e1915ff030cf3257fa0e66d2549fe3ae181ff,0
00524620fa00c39d3c5d5aabeccbb1420f9ad9bd01a463b46ad9e0954f00c52d,0
e5654998676189befd93b8d153834cdd1e9d73b53481f61bfb68941ef1fbfb83,0
b5f88b282635dbb8390088eee835a969970423dd4172894584f43ebec96b2fc3,0
261c6747f6f5946886ad0a07e370c4108a9acda6bd41a970cfd006cc50d24e5a,0
1a85e2f3e59b2b3535b5506fa583e3037c262bbb2bd856dca0f323a3833c4201,0
2ae5a3675ad46f43293a406afdb1714a6f622eadb7792af10ebb4fbca99a6525,0
2d9adf826d3d84cfa46ea143ddbaf7378ce0bad08c0477de7fabd1b89f0bc206,0
24227047377a734e004d60b0a63410c77b2e8d876cb365cc6e06927a541891f0,0
9541291f2ef530bb076c9f3162ce7ab7aec02343d9c7600bb2b8132150a13bc5,0
b97496a64e8755011a0c953379ddb0550c201b6bb194f22eec95c7f88b756ea2,0
4e608b2a3a12289d6dd89d996bc5e4b14a5d20d6cbbf2fd1e44fa0721304a530,0
6b58040f0a33b419c09deb5034bc478ff8cb75c44863126d86734fe5eb4e53ea,0
3fa00e3329d37264eeddb938cdc241b318b62e5bafd6e3cc0b6dc3858a35a4ee,0
ec924f7b1174214e22e7c11a791b5140b598f500c961af2b8d701d72dddf36f6,0
0ea05a2e534db23afb5f99910344cdbcf8fa94f156f5ad0f390fed6fe163da07,1
d4b9ba0dd38f2a7bab404ad1399da69551104e05de210386500af0f96d45fa7b,1
f52ea6e91b834fceb60878022caff5145b2597fb99468a8d99453305a96df84c,0
907a8c1332522c11d40c4b7faf3752c6e7ed697c1cbc89138ff318bdf868fadf,0
1c94f82d49615896d9f01add85a622c75ccbb222d82b08f4da99c8c27448ea8d,0
885920f0426e428214a227c6f77fd7f0af13721491843a808277240687c78151,1
962e2528a98a8f725d8571a439645e736ee61220dccf096fe63f6bfd089f7a30,0
4111fa9c98f84f653347dcfc85dbdf8e1cc447f455481dbdcdfe477f31a47c4e,0
9fe677fcb0a907bdbe8c99e4983b9dc95c3af2c327db5818b920fcc447b4406b,0
4f641ca4be9bd4e10ad1fb68aefc33cd06f45d9c7ef3d95985ae5728390dfd36,0
1c201f4d78dd5febe826be9ff238dbfaf42d79b0378769b9ef0aea1705a3fb4c,1
87d05995cce9a571c7baf64bb28081c85e52737952f7ef08a15cf1c8f6548a69,1
ec25029e9fa8bd2ed091171cb38323fb9017cd873626442d0a8ba24cabcddb27,0
9b64e1aad930cb1324a6d3569a15659b8a0e5cd9f00cf7fd737e3fa7606ad002,0
3477e8dc34ac1e88e72aed14fe24e762c49d5956ed3a1b8a264198d46f77521f,0
a7fad2a0cf70ab1b25f7fc199034b44dd7d571ecf6b4a84599be39f12869d54c,0
3bd0157d051523b314c165ac1ed74140afc15122c6d9266d4a8e4125977f8651,0
4dc73d1079d9c57baea85d62d187eb3ebd0ac542d9070fcbe3a5d8f3a3cfaf69,1
c3e6b8f1addbaa3c09231963e3863b76dbeb6503fdea48e334cb00000810982b,0
a1a979021fc8250912a8b8a6b12a17a05ca7f9e7d7ae1c05973215437519f79e,0
044effd9a97cba28a584616eb8e9bc12c6729e4d3e6d6771f6abae364cf1553a,0
045c4c13971bc6b7bb429bca1c73faefc104edaf7eaecd5121dac36f5f5339dc,0
5c2746a2907ce17c6fecda6710d43bfdce0bf57f4ac3876592d8ede14a5e9488,0
4fe13c6ef8d1a713b80670a8a5b953e00a717ca930ea8fcaf4608b3e61fc775c,0
f3bad306d59a9c17eb7ca0193d876592a76186ce3a999a3109410705cf1b648c,0
e11b5c8e8128a1fedbeaa01d2861d35f7f35cbd02629350fdf7dca482ece77d9,1
727fd9cea92d174873b21f6595b1eb293b991bded018aa9b74ce1ef8e872286c,1
1ebd4e5bed30e3c5a8fca9a14d24055e5c73c463bfa69efa65e9e48d1a2cc3bc,1
575adc4f8c7f5e41c04964f52288b4396169cb6a812b36a83a5a87146a32a7a0,0
04760c5d4249e944a306de88cf9a71d000516eeeada8d84db6d6e84deeba7c52,0
b2c78ef1c20a2304ddaaac8fc82e80ebed8ab1789a41f173958f8fadc3da54d2,0
394d8002a9b20f47db40ece71d3cd8013e32cd393b41f8f5d92a48ffa43e4f7d,1
70d8deb4cb1731d3ca144a96c85401724427c633e2dc67cd5b2db0a57d2c564b,0
1bca5702d9cd92849efd8a35700da2a2d753ea9fe9b64f88a81eb7d1a05156cb,0
e55b5fecaf6a5dd7afa1a84fb992b8f9b147bf3249584530155f0bd61f32afb5,0
f485412cef4794684405c2504402459ce36c945284d6eb5e7f713c4e5d892bd5,0
f46369027e8b4baad4c37787165e7ed6f8a8e55d4f5e4ae580f09714e740c0e6,0
8590e5f1dfb5af1405e9f6d7c85b1aad53938b69c4e311660c27ad5a656715a2,0
cf7cc99cf210691381faf3c00cb46a012a435b68292d69e78c7d8bf9170414de,0
5eccf2caa781775e442676a449c2a5017d83e8fcf4706be28f00bf4bb0dd3347,0
2537d2c79bfa24eed285595fdb31b47fae1b7c999c8fa91c8f35b71db3412737,0
d5eae4642c35d2c5062e4793e825e19ae61021ff8e19a47a6ded99a74de67055,1
0278ed5d015a14ca6c40631c17831602590074a4aeac904a0c9e1e62f7037dce,0
b3c3528be11fbe0e9f9b1b8b42e1db174c8259706bdc925800882d91b895aef7,0
434cf3d6e3ec1b88e2f5ce429e7c9664fb44079bf953fe34f5820fa043bc7d7f,0
69bd251a000a74336b2d6b5063b1204143f01cf440532c4f19b1fbb5c70cfeff,0
e2446e64560210c7ed5fa69c63e2cf63ec0c178b2704bb99f1694e47f529d6a6,0
1383ee3b95e159ed1dbf09710421527d7e9656c4737a491cc9117bb844b5eb85,0
cade148eaccf75a2c24fa932e802d34a5dadd180f49df7b6b5765afbb0890eff,1
924b7c8124724365adbb8fe4a9b910464df20199bb384978bb0f963a586267b5,1
9b2d7ca76a19edc5b2a520584ad99d4468612ce2b9819064907abdefb28baa29,0
d099c100931e21aa7817f67f7c7ccd6e90719dbeae4aa00427be6eaedd82b947,1
05e8a2c75b7a386318314c14b8de5f4cf39289b7e73ae78b4b861e1687cf1680,1
1d83e3a940339381fdeab94273de0880538b19de6403a1423216bb300e49481d,1
3c98bd919fa955384cadd7c76b19ce123b8ea5ffb06cace9b7e09ed2747f47c9,0
33566b6da525e98555031d4883507cb585b4344bc6d812245a8a7d3e43d72f60,0
42a67bba8dca1bfd7728d1809bf1800dbdc1b7bd32fc2b63ad08e0f017a51220,0
c0f15aa8201c8fb6ff1d18511982950238b6b64163f3ba79a68a6fbd26a5d33d,0
8b1879d9dd512a754f3d9b330ca59829b157372fb81fa6cb9d55c41954fc8033,0
c1ea21d7ec1a0d0755ca4e0c564b7b728ab5b43cac88c03ec966a837ef3a2698,0
4b97176044bc963814d99dcb76592d5c003abccde0d7b8835c8d41ca9697c238,0
c1a0632ec3a25d78bb0a8e63c790591394770d7beffde66603d3f747b06b9dbc,0
6e78138e113ff06ecdd0162f1354c1b01740c8a1c0fef40fba6dfbcdd90a7ea1,0
f5eeca299b09a816b2a49fd7278f2e900848656b06489f555be75075b0077512,0
d7a7ac6e5d13029d2e41a931cd58eed2c8d51c985787f183dbb3499229e7576f,0
6ff2da55a043888d564e7da6b65b983cb9280b0eb7cd501680fd67104d399932,0
33ad9bfd41eec9fb728996af3e0a10edffc269544800303f163b06c10d36d8c9,1
8d1c80ee490553e762ffa8e22bec86c207f31fc9765381bc4e369d756c5f6074,0
401cd6dee4379c47629530ebfb1ea2ec107f42878fe6914213f39a0781aa937d,0
0b802adf50b3abb18a41bd2b1403364eb3beeb05aa13cf945ca8717759d425b2,0
ee725bd41dd9ec48583739e973c0a0eb8c210ecebe5f37c708275752cd78e05a,0
6a3d4b962cd9400a0cc8fbde760820d41706b337675b72606dc6157615349ae7,1
031704a8c3955c2c26aacdde289c4ec8b3a788ba28260eda1f0669732f822e0e,1
123aca3ea7a0783a449c3aa9bb5ec212f115068726c99ae58b5f02c3bb0b0470,0
2a6e39f1bea70f1f92129bcabb91dee0882f3530225919028118f87439e7cf90,1
38b3b9064bf867eebe9d502c7557be8fed4b852e2915e7da0c03b92734cf1626,0
ab5e1dec5671a4a3a6a3473ed95898d646777aae739d3b15d899543974339517,0
29c2a180b51456b42faaa9f49c382582fb9600d0cdb343cc8fa51795013f60a2,1
d63ce16280656c8e572863ae5bf6925f58fbcf8eea0bebf6f11d22a7a44bf9c3,0
4dc7ae4478035420f707583baf1ace3698a7b0cecbe8d087e28a04a863de6c85,0
f3860a066b847d627416576995a4235f608d70d9db615599b714f43c8451589b,0
3d81f5185258164abae6b621579a6e3de28f6cdb055c55e8dbf7bdc50cfe8d75,0
c98b46fa84bc6dd088c2780b1ac46597db6188738e7c817943638f91381d71b4,1
7a35eaa684904f6e8cf4cfae579f28c12dea67bb7cc3b817a25b3aff9bd07011,0
71b287fdc288177bead1bc4ddc13b7c03e37bb08ae46490a36d1823ba9a104a1,0
34ea5473f19767206cc30641e53320506de3499c13cf0a53f563aa972452f84d,1
a680d736eba643c88b4b23a4de3ee37cdecdff7aedf65f26ee0df71ee66a7591,1
2e5cff5a7553958d6f763c042af15a743ecafc128c6cb61c6840a3655c825058,1
73720296f668286d3a0908b5d14fff424c72e9034009540d895f6ee0ed157297,0
f1afe77da4626f5c95c86a4f58f302b83bb25c6353787ef00041c96a63103cd8,0
8cc68b35c2f529698417a04bea6a42f0efe5d19379a4f8986c65408e717e4ad5,1
d45a1189bc2e7ad5d0eb36c774f6440e2e40c4734a74c69509e22080b227ac34,0
2834defaf9f67b0724aaf9b017abc18449e22a9090a08fb2bc7bb6fc91efab72,0
9994d44568d7ddda1ca9da8c0b0016a836d2a486bd6f8df9adb219d083ea912e,0
ba434279cfe72097dee40fce8fea82da38434ef3af9d16ae3d747a2987f62a71,1
0c83125b34fe5522eb1da1573f8387ece10e4d68b4096bfdaf5ea6e1c7395ae2,1
7701fa40dbaacec4d1a87ee7d1ae8d330fef0a3bc7fa74e0851bd8463e3ebe27,0
449ea6c5640670482deb34ad9a30c664305ef51557771aa32ebae3f80ceb9298,0
6777cb8e3361f18e7716df2b5df8b94198909e806df71f3d1e65132b8e3d1f3a,0
fa2859228f75362d0ff4ee4e728eed5df1069909807d659c1132332aab4d82f9,0
5a7e83150a55ea3aa94a40f3e3ef01f6865f267c9e810b835cf8d88acb25c1b1,0
a03d826d0e130548d1f8112455b50fb760dc937eaea4f2a10291e478324bcfe6,0
9d6bfecaa0df78eae7a1318956d2734c792970e941221680775f2a1d41dcffe0,0
8d056f6d325e26afae8d0f654b7fdd8039fb05479012ad4fa8aad01820fce6be,0
e934183747c7a2b03d774b204cb7d467325d56f28f85068a26ea3769dd91b2da,0
d8487021479362b82a19970848c5404f357178c6c46f3b8fd905f535042b27f7,0
223e688c221dc0db0a765e1ee15809d205c71de0b83c44e47c7c755a3441dc54,0
2e2c8fa5345fc86560a65327f0f0297de13b49d7bc292172b1ec1c2ec62e248b,0
2ff75047156e2a21e67beeabc6e8f1ed7542f9423b4485422292abc2d108e85a,0
bc36336e3cd66df36cee8c9c239ab336c68f3da489c368fe810e1923abd135ce,1
c375d4245fef5074d588dd3fd93c1e1ed4249a9fd9e4ff51849dcdb77c72d968,1
ff5a0acee6cc6a82f1d691064f4be7db0a5c019f1b77589adcfce427db47cdc9,0
b010cfcb85742d7273a620b41eaacf02e0f611287756a33718c53150ba03631f,0
f57bd5c941564093baea370736a12b83ecf1c25d90a6c846f9ed250ed35fe10a,0
0e5176d475cb847a52c6ae26f80f862177eb4844604310f882abc4bcb377d968,0
7c7b13149bbebcf8785817f8d065fb15862ee009da725e295c85a2976e175acb,0
75e4e3a7a2183f2ea5c1d2a56e987a69efb670cd8e644c24cc454f819f59f5cd,0
553b0d0c315dfe14c7a2bdd52cda180916f545b270a91c932a13bcea4f11a025,0
854cd1767f103fd7e79060c3a9fc615478152f37eb8718c06d2c00bba3496bf7,0
27a8303076ecb5eaecfd19cf16c202f46882050ff17088a5030f93252c822079,1
bb269425effb1a957032bf6b76d7edb54bddcc2e892ba2f97e6bf88ca39d2d1a,0
b752915086a48a73b8de112962c5d4b0b7dfaad1d655ff029901590731b1f8c9,0
2f7220101e20e7ee69f544681336f6b09da9df8f1a5046bb3a36ef22dda2d2f4,0
24ca5c89a41960a49b6b995a2c5c471d5a9385d82beb683a08fab117fb08f8c6,0
632e66fc6465d1b43482a1edd8c0e94f5a0f1846f951cd71d70401c2049b5a8c,1
ebdba912403961e9d8a4083c81820900ad2eb82236d28311996c373d3c24d7f6,1
868b465a167cf5da75cdecd1126260fef1a8cf7d1fa4358c3ea1212ceff44235,0
6f9c7d2f987c86c4b47e1ecab7cdf782436a200d608c2344b2a7581ef732966d,0
a2baa57cff599c7a1b1606672fb9e9be9bd1634fef94ca099d06c94f12b91c4a,0
d42b1767fddac57e3d62a00879c7293b9c3f91df23cf2b2c18ebcb8e9ac23d9b,0
8526b36f75d214439da22bda8f07ed620ecac59a2266b2e445f3c458b8e5f6b3,0
ae08d7edc8208939f815752d83de3301c091810f8443ec48f6b2ca52aed79b43,0
b22172b70839e9f6bd7a1c7697d7c78cdbe53553cd9d1d81fd8d2bbb1acb4f5e,1
1312c4ddeb0c7e4d17c38ac43594776ccc6e5bb596354ab4fd6cc0717ffbe6f6,0
a3dfa2a3c8bd5038d921ca926c9a97eb8d259e4ab7274798b6b57d88301caf0f,1
c0d05c735e9c669a379a7978a0fc6bb3a7702394e063ada3efd1337794f20f2c,1
c0ab9da3067e4587f3cd0aab357d0bdf71de315d57fc75f20278a5f5707c3f29,1
1c3a860e90e0f05386cfaf8361f59b13e27a4a9e02e126b620d8c8ed00e88109,0
eaf2ba6ec98ca9ad2ed32107d94452302cbe855daafd190e7fdf356e2d7f6c1e,0
094545d94aed79b4b98b0eea0eaff53eafb5bc6d67a97d28ecf78807e8956691,0
f9f66104066a36e5d34e877b6505813e5685894d94ee0a819ed737e9b1a89ada,0
c929d7ff298b8d902087d365b6d21893c2bf9518778440260dfbe229b6699856,1
77d9ce607baaa1f8793889ebec5ebcc3affc3a7d08054a6aae69deaba31ee19b,1
a096b897681d7ddf30089ac2d03bbfcbdf36a155f6dd9706d4f9470a187bc50d,1
ecd0ccef041efbbff359258fceb6c24a77b5840c3c786b426cb7e359b33ae38a,1
385a9172b73ab2a97a4b31ee58162b7016034379a2244103b06524d1a247efc5,1
4c4c8e56b938ec2b03c07533a861e8cc11f9b210f762645ced89d30b19aa12a5,0
cc778f22df911f4727292c0acfb06fcbfd15c1fec33ae06c990c5c1791dfdf3e,0
1c483ee7a5b2d23f9cb44ddf4e80194443e8d662eb8712017d88550e3f396dee,0
513dd96b9c361f5383af866b635f19eb4558b48d66950bbb579249b1078136e5,1
0e25d40b5fdc802c24424a0f7a15a783feecf8f19a15e9dd36eaa94ade0c3684,1
a38ff04f616c2a2b160f0e2fcd6c2f2268f1f8b81d025b1b6d382ab5d6f4034a,1
3153a7cb14f80ed57a8539177af4147b0dcc4165ccefbb47435040c7527f9d64,1
c427989340a5106dfa5f167c45fb9960c3781bb02892dfb6a7f6843cdad64524,0
99867b4424ed87b66ccccf62db5405cf893ae8506480562b7b3755dd64846e77,0
6636e323f6ed0bfa9e7ae59bc79d0aa53544ba2e15a0b6aca67c0edd5aa2672a,0
64691315331dc6fd07e02042a788aa7b9671424587ab0b4ac43942dd0e5a2326,0
61bdd7ba3baf3acbe0f4f81fb22db38edf2acbc57051fc7bb4077de7e759dfd0,0
842cf9b89a121d4792f25cab6c894cbcb032511f1d98826bb275683fcf4c29d2,0
071057601aa8b16c0eda7de69d10680878088d25a350a177346f5a402c71bcd3,0
5724564ae76d596f74105851b895af331b749f58bc10ba4a7739be11fa1b1faf,0
06fc9a938cf6fe215e775997d350d12689c831f71629baf8ac1020ef385e21a8,0
227d317b7bff1dc6ce099ad46cf9f0f6e959fe904a192823bb45afa0381a5fb1,1
168a002f39ad5afdc51d063f9d41a3ddcc9b2cbf0a28f533e96236c1ebea8b5e,0
a30b7b86f70ff8da2c8ab1200731446248a833ff8288529fab99448c0397956d,0
e7da9a18813c08519f0fa03cc3ff1ad3308315e0e555920c329ed86ac779799d,0
3b8698afe1c7811a7d732b952e53bf526b5e198d2e75e15310b0661a8dd59924,0
9caf38e027aaa8bf6d8a0ce03f27b47c8d6840499d51622a91f20093fd96511a,1
e505c2ab592e85a104add875f06c58b19449930c6d8ad0814f6af6651eea71d4,1
04213ff173263779c8872be3a6e0cb9339ba130878e6a41e2000d452597ddeea,0
bba35ff86c2ccd9a4b9e20326782d71e28d095c844815c7b184e20d56c8eb98a,0
fa032dd030aec76a015bce87ed11f2ea8395c34471cef075b267dd541ff0e6a9,0
56e3f2e06766c886ab65a9be4b8b6a154358a25efcb62f245f315d9b372d8349,1
155e5a3dd4938781aa0e5d1ba35d653bee3eeeaceb62e9526606f4a773bcf42e,0
6f704d5423dabf8be3815e55edc30563f0bf8f079e892188b3c8f7b0cd75f298,1
4b9023b7f462c95c12aa107468d00e922259b667cbabea34537c22e9ad81b05d,0
f99502c34d26fd286dfcc8eeaacf68d5c297bf3783666c645d2c8a0bf0070fd6,0
b28b8ec79ce4c34100a835b056050d23246532daed32918fddf2e495e09d4c7c,0
ced4308a179b18d02919305c8047a1c08ade843f111b196bd986d6caa4babf7d,1
82cb8c8bd58935697ff8709fe8c43e9954415b5d427404cd637763381418469d,1
8fe366d75fd35071bb65a56f58e47f0047e27663a6eeac00775516376cc62267,0
9fbda3e85fb96f812178a834c713e4be2bfe25f332d5de176688fc40fb5fd3d0,0
9f868cb40af0b7303dcbf2a74e36bf7efa9d843f68317d9ac301e02f9e908a6b,0
fddd822cdff748af09a110e80de889b3c09bf5f108d48f25b7e84824326514fa,0
bbe2cf2377c888fa6eaa9810216be803b57edb5bb6a5eded83a4b251c045a465,0
440ae852b1f993787866da7ceb9e95bf7884e3f72d9ab3effa9beaf23f18f6fc,0
d750503cb75ff37a0799505cfcb229fd1b9dcba5b2741163d92f5b812bfbfc31,1
4a755acc6f8bf6230c5f77a19368f5a250d4c6321d4a2260e4ff1bde81fd5c21,1
9ddd3343b9ac1353602e5a9a2651c10cf02c5b920e36070e2463c1278623c7cb,0
9d962284cbed27e190940483a9e91141ff134eeb16ca805c1877078af856e3de,0
c4c33ca6e4ff925cac8a67d78743a8da9d2b21073c8f704a0f44c6af5f8d66bf,0
816619ea45e2acc7a18065cee005b07854c54a4f65fac583762d18d90985e72c,0
dd8e4b21e15d68deb9b8cb88412f3cba9eef6049081660207e79f1f2b62c97cb,1
3f59f81938fab696344988b652786fd1c1e5de713523375a61806646382bbe8b,0
4c8de206893ff29d2e2328dfcaf87fd3a5bc2cf6f955fadd9689ef699eac146b,0
06a500f6dab83a1def9d4eb102329a7193f8aa81ce30057b736c0ce9a94ecf6d,1
3c733cb792bf134973af6851a70ae5a39bda615e1a489156a62e7df3fa7e136e,1
a5ef55039abb6bfcefe7a44abccad37942046105c1b65b8384a4dba58434f3eb,1
9609e603868fcc1c15bd79e262b5e9d4efe9b713d5b19edf187259136ce4b937,0
9af8c1493781eb185a8ae85f33c70fccb7164db17c02d6348fdbe8dbeb182957,0
3b92534da8d3f7db52825f5400279d38bac3618354b5987c2537375b6d5b4252,0
c168ab9edc0118ad65388449c0efa73bfa274d1c8fa2c127bc1df21ed69e9eea,0
43d1b452a048602be5eb54a0403fe0045daba6ec09ff437583321f0a66bad38b,1
0eb3744dc8324f5d6c60d937248801daa7099d0243d37834a939df9fa8bbe8c8,0
2334a0ef86ccbdfea357f6db72f457420c716f7caf761f833baf0fcc72053d3e,0
a1525ce35e728b1d960bbd42025f4f2c24a9eb97bb824e358c6afa41c24f71ba,0
f352fe29a61767bd053a371b0b3e681a128616213f62a7c609e2f8a0a253f8c3,0
9b26b639b2f65920c1478a3b34530ca56622eecc0738e0e8902151e5473108bd,0
f201cdd04a6425addd2daf988e56efe98613d515019cb42b5dcfadc553883ae3,1
6b6cfe225426e738259cc34294e7b3b816c701f71d66aafae3815483afa92acd,1
fc126b5ea81b68661f0f499c025049d99683c1683a7c0f7a2d7f9062c9d2eae2,1
83afa80998ce4c0bd9801c5eb2e02d45c54bf84e9f2b40e5e9afc605d6c26310,0
e587120932db33d2abc75e8eda55ac9120f98121cf34ae213839bacfddc7069b,1
e07761eaa1cdf9e7db119ec8f8ad2a12e1ed31290638d7e4b06fc7a6aa4f333b,1
005d758ca309aa40cbd6b2bf615127671604ffa615feb4745df6156d517b1c38,0
53d83c9d9c42df5828be33dc694fa7680826f3ed0f9c8c0dd0f8e4e1afb83193,0
ae626ed658dee071fc727be5be5fe8ce6e05b8378ec03745b32c465ef650d0d4,0
d9008694714da5e196ba7448a0899ef0267380f29c791d85bb3ccc18f1b2366f,0
41ebf41598d7f9b8c4dffe90600743279f43e375dc3f6593a13772910c685c45,0
fff0d299ab2af0a19769399199d298b4dc7de1c8ae9a65249c6296f500f94352,0
b1aad4eed423f0015c4b3590622287bb666b52f8fd03aac9637da1f39780c249,0
6bd34b968c6ced380e81fd356d14d282848057f4c642817a759b58aa6a11900d,1
f4cb20693d0d6a60a9d387286bd9510c99c429b73ae2f553fac926817ce2162d,0
51df964b63f48a92ac033c919f7ae10e4116dffc58a03fda000cd581b8f6660a,0
f77cb9012a98083dc70bc075c3b78f0063b973cd124d7b56e074e55b9d335248,0
26ff34f4d1e8d412ca50d58b3fff60bab51d9480a9f562fc2ea07b6a12bf8396,0
ef75f619c96f30d45a94380c26da77dc125d06428cdce2f0461e008bf2ad2932,0
62faecec46cc3fd067787e42dbb6d4d2a4ed35ae2391f5e13bcb5d8b275ab7f0,0
42a54c440ff89765dac5c4385b82ff6f9594391390a9fade96e247ed3280cee9,1
e9feb9a6e3d3201df9c3103456e225463031145cb2199c66fa75d9bac41dcd61,0
47494b378f75821add43c6b9a6476651ae993401abe7ebdaf561de73225e103c,0
89cf153bfb40e0d97e67b7e76ee88a74b04e5902e0f0798f369f5ddba39e5c46,0
da563cf59ac271f24deefd7e7e7c4c3dbeecb1e64b0fb0a2172b9bedcb5438a0,0
2e41840486a27050690e403d525361a791e3281e3e642625a728768a39954c49,0
66ec33d920cdb05f296a9dce0e59a11d576482ce098bb3b1cb288978f310974b,0
6c0a250776b997f26268954d5cea6556b1a62c3ca6eeae4dc7505baa8a76d4c3,1
9a85d06fc3a82cf55b211d204c85917c59b74aacae49d1c74dd363a0097d8d47,1
5d68b0747ead9d98da5bce1be5f1e05eef71ba3c60eb3f37ec3de41ac8a47860,1
8147152daaccdb405d4c9a5dc94b08a1b6538d72a5f29f91f3d66a3496388700,1
11af1beef13851475fc0712c8b2a51f80c354017fafdd4cdc46aeeb1213e56fd,0
b4e89c1c976be0cf77a48ec89a127eea16e61af45cd312cd902ad743b20b7758,0
87308922caa2ddc3cc2d41c7c0c11568c5e4f55c00bce674a6871e604dd22806,0
bd123dada5ac3748796bcd6e9b7a306d8a3ea25d5855b3f25156720e3b2a948f,0
754e510381df075ed7d37bbc31cc63979713b4728aeb8c2b71af63cb51c5ddc3,1
5266354c0a3b4244078d659396ff69c4be7a004decd33c4f2f38a413ef5687f3,1
0b74e8b8ff0d5885962112256d45b88466caccfdd148ac459471383af4b1d421,0
bd4aa84c1d832a52f393030e4c084459012ef7742ab101c45c53b47ff7008515,0
2af3197f9c6e2cf76b9905618278f4d0e8d720200cd2995e104f8546b4e7b51a,0
d2e664dbde2a4c61bea4ef5dad86d73edea5c086a21c6e3bf59db341aa2dfca6,0
7289ebf750402f8a99b56a1068c843bf3090d405fb17a6bb9d04b4180394e0b4,0
26a7d54ef9f477940619e3fe8037ca53cce196b1b69e5be04374eb09a3ff9678,0
02e36c77b93b08801150e57abb067e84b3f1ece2affd38358a1926f02bf70d8a,0
be028518223e206791eff9ef9f29ecede0e3d30819a282b2e2d0447a94f50432,0
11d222ef5c61b6b4fc47c5de3801b76bd44abc08b6faa3d22b7e5c7c1a87d61b,1
c590932479caa2854fa1a6013e1ffd8ebaa70ddfd22cd4cf68f621e3464108cb,1
a2904442fe0b912c822672579f7087462d1ae9b80dff3f6dc62cf4cdc6607036,0
7e36c9d51970d4f48a5fb90501e67975b85f4dea2172659db56cbb6e156ffd02,0
7e80b7126e23cfb998503ac283ad75bb38534fe4b9ea37c1f5d107e4ccbe50a7,0
e91b46bd398e69d1c73c7b4a49b612621bed671e7a45ebed24200f4da816f40f,0
b9f95421fb3c151ac721f2de98e2700e81ba5a64df03a237600b95eead1ec43f,0
e934b3b5439c243bd685b3903e46d7dd9c65bbe85ab658b52ab6d2e669b74757,0
bd38caa78f9930fd19686447ac1c1473bb97c3488b557704e3221b44da2e802c,0
6dc485e4ebf4a060700bbc8727b7a0f45b157834fe277ca483ef52ccb632f61b,1
50144f5d5bba2517e71657b1780ec27b63be114d223d2de37241abc9421a1a8c,0
2a78cff95b6b5529576adfc37ded3195663d3da54b7685186a4a159a44620b57,1
0066b6e38b994a6983bc98b2de7ca8a2d6e3b25fe3927c03177f3d55d25831d7,1
7e0943eaba06ebcdd2d129e62d26fff0da02278d89a9b0fb4f6ffece4531bee9,0
f90abce95784197257495a5b8b8e2f186f7a2bc70a4bc70e4fae32a1f63a378d,0
3719cde2b5ca2f674f04725efea08a8e799069c5dec6fed6ed2af7182cd34c06,1
b461992b8dff7ce6eac2e2058ae8c1cd7b1c3fc92a1105cd664228c42275759b,0
eca20838da99f56eb0c5736271059ba3927617e3244d6abcf76fdd9112681486,1
a8775e5c5257b25eabe33cbea46141871a5709ad22153cdc3362463bc6528c83,0
a3cce0e1bd6dd525f3635485ef5abe332ba19919c507f58414b1f2438f9d67f7,0
053efe0bee919f094981a21cd1194faa197a52e55fba2f755c0df0b72737d37b,0
224f6b8dc79337b636178394131cfc9bdea3072d7167a7ac6d8c880114cdb331,1
53eff524c5c8a42940157d9ff7b81cb548104b1bb2623a1bd707ece929f9e497,0
e1b908e7b867283a59b69f497ae2ce8e1d0b9c0e942bfb75911ba93b7c6209af,1
0c8fcc05c4344e4cb8de4e6464101415f041d2b654279fb16781cced585e80f0,1
ba8cd1d116aaf4954ddabe51fd9470eeb5b35a55ebbb7fb270858081bbd20038,0
b15894ee9f2fe83262d0d6eec3e3822a61b6b5ed6b7d0da4c6906bc03b1edc8d,1
c6fe002091e99530010d54768f766fc1353dd5ffc1a87f2c90e39ddca1d5506d,0
c7ca36f7eff187c0ba6de191d3ce60a536dea2d0aac4fc20d28f9ea7e071640c,0
b22db2236081ace8f8124748cf0b1b6a24a7f1ae2ae6349bd86f2333a81dc884,0
ff93c5dfb80bbb0d2c7b25382cea26098e79465dccbf9847ab68ce6fcdaab38e,1
bae70c45299da2c27965769060a0b6f03e8ebd7b512174111432c6650288c9b7,0
e3d0a42d692aecb02397403d3d75afd2ddd982bb744691ca88ab249b6c810229,0
e460b4e5abd93476d4d9054a3fca8d02ac2922e684b3d982ec347bc435b4f53a,1
52db876f13a642bfa4735a1139b3b40eb385c190154735b98a80f747f41b8757,0
a8e0fccf68f6dcbab701dcb8165b95c1c724178a3701c62b9696d385ad6c802a,0
96c227b1f49a71056770f12dbc4e799ec2da9aab8b3ae2e1550bd757351414e5,0
a725f8194e9c02218460a6ad3e743bf29157e17e819ccbe801f139ab72ba0c0c,0
5bfd9d0aa438ecfd0674f1b3c7f1947c2f4cb33c2abfa26a20d895150263da1f,1
1c4393383c27ed9c87cc1c10687480898bc747c8950f0f71875893b58007100e,0
fce86c70f0567ba1d335e6e5aab11f41c5bcdd57058e0813e084345afe554720,0
d410715766a15c5b101b197a6cd161cf8390820e2f3dbcc197d994d731b4fbc9,0
74f48e5d51460dd425b01d80d560fb1881c7394b8ea114349b5bae4f3dba50ee,1
997e7a1e333038fd585673b04fb887c00d01b242fb9f3bf7cc55665437030323,1
24b3e5db21709c68e32c6c88ce7efd419d11a6ac9635416ad60064f96bd3a000,1
f535250eb09ca15c3df56bb0617f6a3400388bbf231afb5b93ac2395d9aaea68,1
0f2234249d25b23854dbb387c6d4ed7755377e858c3b5a3517f1ee32334e5cc5,0
660b062ef3753357fdd003e432f44d96e3c92490a79c95e8e017b429a24af38f,0
ebb9fc2a499341f3a38da29baa204c5b743c8f4222264edcbaeb35f08fdbf00e,0
98fb00d1f182e205314e60e191de674596349db3881014f872c39f0f1d71d2ac,0
80b4a4819687f7ca430a897d37012f459f00a26fd4334d9d648feb090bc231e2,0
05b8c560aabde2e4a246e9544057ff615a984df0431ba2f76b523340e297c55a,0
635772ef80b949b5cdca291003e4266e4ca2ba630f3f5a3a9534dad950900e22,0
a839ddd611caaf42b2f8bd04a2f80fd3015e8045548e2aa0ad449e19f0217e89,0
57f765d8c9536472d0f3559b1019d3fcd8499855e20bc768d8f2e830f3f7ccf6,0
1d037941b8156c5a4f2a19778fa90230ab48686d435c3a7c14561799dca7abd1,0
e27c42c90ef7c9b93ae2c12fc5ca61dbc55e0b9bf17f55bf626a962dff2b0dc5,1
25c089d30eccfc489c7c1309e93c35ea39785fdf05cc451cc82c75ec07c4c1d4,0
445e8771ece3c6fffcee12cbcf4761cbdfc4595b076106c349847818d0e260d8,0
86176dbe38aba0f671376e44a69a553655b6d74055ac7a61b7f3b668145ed6f9,1
17ad2ad514e0a9f5ddabb98dfeeec776e5ba201d4e1d19b4efbe659fc5b6390c,0
df5780d4a50b06aa0bd94c52a0dbf456b6ee16c36d6990eb5e26f2380edd4b1b,0
5e0e245ed88ba3ddcbf28e7abb452a4dd7df7a05afd67a83f6ee2b509f880f8b,0
1aa9e1fcbfaf0d73f97348e8842285716d3ba556e1ae17e1967e295b5a3a1b29,1
64be08d8ff627fba3b50f28a15c800099e806ab22f4d84ce91c1b5b3e5a2ba04,0
b8c888893411ae3345f6a7365df53f23d38240d97f17717dbd2959a6b1eedd02,0
ec81974c8c386180635f96b5c2696b1fc76cf96ca3801f270df258d83be6420e,0
5aba4a03981c6a415fe22105598b4262a9357f0b9058e171a26e0b43f215211f,0
0a36cd00961aa6e2d4409822e9162d6132fa416073f9f0ff3e7a1d5688c60693,0
7d1446ec5eacc25e5e803efb574680caed5dc4ccbf345d28314739a3d2d6fe77,0
b2ac9a3146d27f529f035dec8ecb7c1c843fe82592b5e2d11eaa0398981c4aaa,0
597b1cd8c3f4ad1152b170c339bc71718e0e6e8cb340f545124794f477267e2f,0
e8c052805ac51eb6cc9fb0f44a7801475604254b2347bae7fce9fc99db2131e1,0
f036bb27b42d23e85b33697a64f4620240e4dcec5d2299c5189fdcb763711ceb,0
9f99e4e0fb73eb60fdd86f87cc041fe8deef261843db3423863510942dd92d03,1
30c15bbf9122143baea2053b18a1b0f38166871b16475908a3876868f7260cf0,1
135870a6b5835b2ec2c05eb732c6fea956f967bf6d56326e3e0fa9e3f970234c,1
56d5a1fc28464339f1c8d1b77669437fe4d56e453bbf71902bae01c7d9a82f79,0
9a961a8750ca20dc60bf833f591eb82adce3e9e3ae0d1cd2f172487a2c7d0b9d,0
ca06fb7507fe70e7aea582c1f923af056c350e9ac378df545d4f22da2a8a8197,1
741ab612aa211401bfe947d2781af6b087a1ee22b636081f82718b8c12bde137,1
2bcb90382a253f5324319521afd3567abab3513899707f3aa43bd86d22234903,1
31f046818a7c69947fadf0cddbf314bd931c800c34df3daa593728ccf5877b1c,1
93d517d92dc89b1d533e06d9ed3a56243a89faae48daa953bac81f5a43a0808f,0
8b92cf00afda99c1331e626f16e148cb4ee2aed22b08c57849932a88e27a41ef,0
bfff3ecd86bd665420b3cdcfcec42c6d12bdbe76617a6dd8130af2ddbf0b7968,1
37dd647822bc1de8adb840fe769882b403c4574bd4f2ea3d6642d6ee4e20e631,0
f87d1c4b3156bbcc5c999ffb5c36ca725cef473a4755de614a05c79a8a765b4f,0
db2278a1571a14e2f60b30a2bd2f8fdcc4b24dbf9cb63186d353992c6bd1ae89,0
b70384629519232f567f389fabbcaae84dbc806e63de7c092d0c23722f93ff8b,0
05b34c35bec57fae5b063ed53c3b1b86c7052cfd000f69e7d4243ddabf088e0e,0
d8ea8b6d723dd5323db11e9f3a9d64e9f04d80f5b871b6a27f9d3d6cd4d4edc3,0
54b526590b3892e780ee34f0b691c7a8210f67b09c5d02f6daf8b552b11288df,1
f8b2cbdc1a17e6592417747b99df430425c6302e3066f199987875730c05821c,0
0834937d62cc083fcad1e7893b9ccd8f7e8c4ac8326a07a7a6647e00bddc78ca,0
51180a947798a1964f7c4c87bc542e2b7c266f9aaf19c757446363f856368bfb,0
71d6010ec9cdea9c04e2a0f850cb5bbfb26b058fc029b28d029b489fa45c1d15,0
22b665a9dabf33275ed9174bf229870f22d554b2a774bfb1c9a75477910b3cbe,0
74a9faa25a1583a407cc50653e3b66dddf048d66c16fe437c21d2bee9b975389,0
4f39326c476a5569035955beb771bec10eed04f55195e671c9c6ba449ec2bf38,1
890eb69e00ea31965d73a697a321ecac0cee9a5f2effddfaf28cbb9dfe986291,1
4e6eb8e33be47a93f2f3b833f9e5c5b04eeba7d51685a21dae0d5ddaf45071a3,0
20fd74f2ab775a330b1af660930b9cef827a9b8a55d620bac491c62b9fe534a2,1
99442c51546a24d1b63eabf749cec16fd6b2ac0b8da0b2d2112e42b02d31873a,1
7ff81ed89a67b1c3b8a523b1703fc503eefc00e2c6de6511bcc6577965d2c57c,0
b7ed163169c88666d4a2922011690f247c6f944fe268000c15120d6141125845,0
da110dfd819073adeb571091408e9079843df862d4751b71f20c87dd587a38f1,0
809b190c25ec13bd4810d8c4220491dcc6e3a1fd8144276fce3cef2432e7dc37,1
433a675229794a28dfe9908c1eb8df3c894b628fd0098380a98c9bdd62700358,0
a55e97e232d670fd57b5474db3bd2b55853a63bad7cf6a9fd631c685400db047,0
2db88e1f07ea0c2b6ef2b8380f7a4950d9788f6caf11cdab1891002f493856b5,0
48be204a64b167078508fa11086dd37cae75a9e224c75922bb4d66e640ced609,0
5f8d160c6808bc7ddf7a7bc3df8beb04ad6d1813b278e08cdee336c071c3b0aa,0
9e428d10e84ef8bbc4ac8a9a2056c75a684bfacb11a0e18dc48246d7bdf6cbf3,0
52b4b6084580f8e400c455350480b2022831748a4d5c28274a21704ec255bb63,1
2c75b249b4683a3a006822a1b09f1b8d5add6cf8fdf8f094ac9b508c836c9666,0
d8b80acbb9b554f2a4f57360e7c1418057770197576610904207413fb096e6ef,0
0b4c2b8627ea5f0a4da5fd4b0a1d5142b39fe6045c4482f2429135eece41db47,0
fa361ddd869ad083680c04407ebb5ed2bbdf80d3ca4d77b31e9861bf6f075f74,0
29a3255299ff5d80d7d75e7ea7c9253c2f708f7e2a2e8fe14299329e525fc2fe,0
a04199c6890a5508a2c93df8375f556565b6057f4ddb6cbd9db4b95f5b233a52,0
2dde6c7021fd3b660f0c4644a847b88556599631b760d22417f7ad4111441e41,0
75971c979b34ce63aa93e241cf18f8654f960ca00a3103a5fce3bcf114b4ebb6,0
10280b484bdffa8ee1cbb9da5b1df5e433b8d983152613f922b788ddb81b8eee,0
ff27ccfb4c162e71135d35690547010286282a546cda01882ad2140fdd6fa4a8,0
429cb5fba1a4f51c2bd0575e1fe1a1d8c67dcb2271279a5e1f159ab699450d80,0
701bb3af496be7a8496d8ac0e5130b3173c59478f5fb36310535040bc60b2a45,0
c265511e445a60aa27e5758901e57b3d65f48f3da465acc70bfb299cb0363e35,0
e8316eeb7697ce8d3aeca5a32525dd609d8c8cce1940423e261118987b1d5162,0
ed2012fe763d6cbe5d8f4d5e7b9678cac54a6e7786a460d619970d3df01c390b,0
8cd18390baacc9fac06e1dc9ea85f654fcaa4a3a2fc1130ffd79416752340234,0
208bcf63bac6239713f5e3dd650e49381805f843d1eafd5024b2ef23a35ba8f3,0
211a45733a35a4f9eb5b7b097587fa5d0a13e68be2eab8bdae7dc65ddb5a1c0d,0
0ece7a3923d83ed24facccd0ba7ef4d2aea0399829491d201cb7dfd3f7674c49,0
1a17791e3a18974da3c4f11ac918ad5f2e10ae56561fc4613a97b6c5b51146d5,0
704423e6c021d8b43131c51411f54dde761da4ac61f22672fd784c92ad0ecb69,0
7ad070d8522772784c16863d703dec3fbd7929fb350c51c42790f546c0920347,0
ad27042ae48940c9070842eae3b719d5e91b2b31c8d892808b68ae7296c56776,0
1ad9c6e859b7fc14165e397e62b8ccf3e46f20b4420b7e674619340e031e3238,1
6afe21b94ed9849a9bd255f516675c988a183552af41c6a97bfc82ae37985b80,1
6c5830b1fef0c45ac810dfb7abf63e0def23b1660fa2f87fc58f886f75cda0dc,1
824d9905a29afa13be8f957a21ba6b6b58ac18feba70bee16b7567fc71d6ab92,0
ebb4f18c797df5fa1b80f3eaf43e340b9b350f80ff527d220584a64039cd6dd4,0
574975cab9165a80ad5d1be6e68d389aa46bd831d45627097b5a79c98fc16f74,0
7aff2627420a3512878660badb273fee883ae5a2705647ec2d1e046a1b294697,1
762de221261c288a75b6edaf969c91ed59a4cb1bd204cb419e5a91c924fed35e,1
fcce4ef1fd70a55ba96db04d4dbef601f6909d347bc062024c4d11327f7d3e6e,1
381a0088c70e54d40cef139917fc06dbd85fdc1e6e2feb08e07ced9f135a2341,0
d194b99684031ce3ca498909b0dbe15c7ace49a16b7fc57af78468c5eb2a4e1e,0
69827a211937234dee8a233e9d5836686036489294d7ab1bc2276805cb2aeecf,0
7a4de1f977b2d30cb1b9cf30076418520e38ca9ff8b139d9f6b1ba5b6fa0286b,1
159e3416f9a255d10eccb4aae1c6c248ab2337f960ea6ef371be8bbfe52defa2,0
a61cbe0629660db23fe1ff09e188e1fed33f843532680eb16dbf78284765effb,0
1d12f671c305ccf062750ab60d57ba82d67596920557b4535844dd2c05c040f5,0
3f0f91f20a10a553022b4698a2ed0192cb7d56b766e8fe532e122c7368c8c98a,0
f1630740a159f24a21b580594a9cbc7eecd6ecbc36cd8e284874c8399d0cafef,1
bc196a8fbf3c5380ae50e188281636821eda06a3c664c42ca69439ab02722d31,0
f8ea8abbb666e3fe37e0a0d200750def47df320ae3442cccbc78528aa585ca11,1
d963b54e929338b236565a3abf17dca6266f78fe3547e85017fc458fd4adc775,1
fcf54ddebc146c627b4eb217237e090ae6b10b1339b77b29536cc56e59e1c2a0,1
a39429dd639f32b0777108ee868992355a48db4ed298e38d3f29296524122457,1
6971a0dac75a26a5bedf8eaaa1f352151fd6764d05c7153031d49f9d52090dc2,0
5112d71b6067bcd9b3e140fcd6b7cc0f0892aa6a402ee3436741693139488d73,0
6eccbb0dffeff7a5e106675e8ec5aa34b9da98ba00e8754cb5853d93d618b499,0
7ae7209c00cf46a95ae2e66c1fbf7686f152cf29154f2dd5fb68e2f57fc9cca7,0
51f55df72d40c3caf9df6ef4c862f8ee047e5b9790a599c31e83ef3a8204f307,0
9c0d99a00e427c31327e85a6ef9035cd090ddc5ac0c0f2a3e5150e5f0462c702,0
9f31fa1ae506a7193c0a2c245b663b3f5d9bcbc01ed5886dc96215e03f688698,0
e6c35fcb40027c10272987279d3994503e915fcdb8a8e36b433179c8d6149d07,0
3281c0544a3771f8ec3dda32954e09d8a3e5798fd42e78afe22dbcfc0a2758f1,0
d49d79ab07725f63bced1f4c00f78d5c641b1af0ef4dcc38da94c05291413c91,0
0ed23b197731b68286e86937e1c18921d702a6278209b23eb66a97737966f5e2,0
916b86333c705673423e344348aa97b42c10a46431f1f41e6d4cf2337dedb558,0
e3167cf2c60c1bb98b1f6c53546a2821faa833cd5d963d46af5f58d66559886d,0
dfd8e2d3d26cd14564108a5441a3c5a0e14862288fdf249cd564aa1cf24ef0f4,0
008eb6a3bcfca01b60a17f44fa1e07cee94a79ea26c3c6e625bc1e602a0f104d,0
4eee23f3708e27a49491e478199b98c141f93aaaf1addb5615eb74e638927fbb,0
20a85e6a326f3bffee5e51f9c0109f6f910762d0a0c6629300f3c40b3ce1b792,0
8adca944efbb9711e8693fc8675e78d178fe1f0df50134fdcbe65f37117a5666,0
c02e7750a767fd6090879b9d6caad62009577f2984837c2f54852220bbe4608c,0
e3a62d0eb8ac41307079319b6b9a7db13e685c4f0b91723b85bb78f73543b465,0
5d956acfbc3a1a47563512ecb892b86a9a2ce780f4406609abc7451775595126,0
3c15a037ac260a4c23ba4df30be8fef87bc83ea9c256faafa737608d130a3f55,0
adf40440154cb65ccb17f126409e9f95d3732e85b27e43d154092da0e1b3abf1,0
61640570c82c29034108d41fbd1a6880d7c8877dc408e21682b90b6a3fc22f7a,0
14fd301a8088af7ff1a0e6a7f54aaceacec6976eb508a68ca08fa89995c38473,1
d880d39de7eea54853a9839d18875a62bbb10259e57d869d1a522cc1307a999a,0
80a92092753a139e70f7cfb2496cc62174dd22a66c0f98dbe2657b71e7425d98,0
d9d9d9f10ab6b65bb44646d9750ff66b03d2ff90416fc9df5779f29e977a0a33,0
41413e9343c5fec5f94601b801773f50b8730d9e31c3909a3c1a174cbb202e16,0
dd73e562456fe5ea4c6ca75c2f9cf504b64721f699670e623eb94b68da7a95e4,0
4f388ec0eae88b42cb7b3fb9a3186e0c89c015d343303b31afe02fbc98fe9624,0
0cc9d7b2905d775b4129c42ecc6c3f97d93daa74f66c91ea178b0a7f07513321,0
3fb65799a7390060853fd503da7e18f0ebb3c79721f10ecd813ace55c05d704b,0
efa680d3d67490f73f037a7df754050b0a019c322384639838babc1167e0f87f,0
eba8c573c17a68bcf5db0177a98a85b89a85d656dd9e0e415b786afa88e5aad3,0
05d9fe73a6fc0be2918f6091322bfefa2a0c3c6406a4f0215e4395035ce235ad,1
5a07687625ff94786c63a692162c7e5b174cc42fb8fa6e0a1de6d19d1ae5ff9e,1
13857df83c431ca1d22b30a870695055b5a5a3f572e974a5016dcb5700a44401,0
26a76c8dc7cdaf9d82b0104420a4206536afb382a621a49c3f95945c2eae592c,0
07ca4874ea11713f1809be8d1dfa06a22b4675915fcde7ddaa181971c723cc25,1
16b92e57858b8b0e0648069bf91de105be8edacea8397cd198d5b3b1b27eae1c,0
d71a8a68509b76defbaffe73bacc67f68b98506f30b1fd9480059d43c89e2e35,0
707bd0c752312dfde6c53d41da565c6dbcfe323b72001faf659c44de5203977b,0
b1055ccdb65d964698e27e5ba1cd464119b502be3d0420818d507fd139b793a5,0
185ba246070c4b532f04669330e73fe87e6ce45e29c63e27f012cde1a7d1dc01,0
042c21234858b0ddcec5a1562b011d843dc7f77ee6d896b9242973c49f9a4601,0
fbc0f8afaf22395473b9428777c810107cc7b630fd1db0bd7b3bb3f535aabda5,1
ffff7103bc882a206d7556d8a151c2276b9270385597375330f1068ecc867168,1
366c936735f0193155125f8a2a154b24fcc94b93ed776bf39e3144f3b59af29a,0
cec55a39f486f926e495c355074851de3ef365581134cc8eece275c65b2b62c1,1
33daf7032571b4c6b5c2711100e5e1b4afe818b76de0edaa39bb61c3f13a685a,0
ca72f2c8de169df680e8aa1173cf3b36f23ada993881d2f9f8695c7bc7a8fca3,0
7fc58baf82088ea16957b83da8c6e73f1c0759cd740cb32742b65553ace29249,0
410616cfd26dcd5ce00da5b47e93127b18c6b61c1d480950080fc4c90bc13892,0
86a38654ddc98d4e7c2783619ac2f73b6ed5125800afff7a229a54c7c40775a9,0
ed0c5d0daa40945257e841fa0cf420e0472683b4ebca8e1577aaad508e6a99e2,0
e31a67cc6f3cc9a4beac8b7f5d5d72cc20cb05e74436fa54f79a676b29ca71c7,0
9456ff8b6ebbd47dbc29719959aa158e4259a9114e639bb57d039e6626cc8280,1
099fc4324b251bcebb1ae851e224b880f8bd16420bf907cd3b7c7684167635aa,0
3dbfa60ba4ed24b528fb42dca148552c6b7095e3137292c9a240efdc5bf5c441,0
278752d2b93a1f30cad37230badf185cd2660f81fe3861bcb260e3227730c00e,0
5f806896528802ab7c75f5e7d2207b586c6ac6acde9a1690be3055504c0698c6,0
0f3e60599cd0179fc43c35d48dd0b643594eff51b17e077110c9fba0a21f33ed,0
b4425bf7528ffcab7736d20400d9f08f3cbd34fdfb5239a5ede3fad4baef129b,1
db5b461ad1c24befadb6c9f760895dc06d4d38a2ca6f57975cb63ed9fb679fb1,0
9e272a646e81be36f1ebf2e233a4789124a4cc919884181ff5c4186222360477,0
e36462e22d7abc97b1e7eaf3a2bdcc490acd357562e6aa6efd93db8eba744ef9,0
f502dec4e6da659ac3e72a24c8f7ddf4fe59cb6a6c1419a2a5602539260fabe2,0
ec64729cf4282c3e6a00bf8c94b9434a661950e21c4f1baca593f964d63d31cb,0
37d162610a26914b681434e90135dc769ce8740d16000c25d80fe6dacff8b5ad,1
38a6f70de46df5b036268a3a0d3fce356ee372775c2d44c5441200d2957dd472,0
b4c7a48b3ed121a10b0d8447a692e1caa58c8aedfda13a0cd3331240f3516d13,0
3de6fa88205583b9ce2f40ce243bd079d0745189b0d8ce4abc337f6f27c4507f,0
3230c9db7e46fc21e44a40b6aa7b3c91017975367a9e0dc5468ce67efaaf2661,0
cbb29c17582f4f0bdbcc72794f141a167e94dd364c47cae0d14a72f111e6bfeb,0
4867a56b8babd2de0d486a1fc4510e565cc16ce25e83a78d98d472766427f29b,0
f6bb52f52848bd25d87d44e16bb5f3121f97ab57c16dc35c1327e7e7af654e70,0
d5f4fdea1ea2dfc159d80d781bad61c9b028e5dc4883d2058b180eb8d0f40bba,0
6be16d2e49a7c76757fc6da08f952ea58af3018ab79daf730701fb3e3adbd329,0
70e7a0e04ebb3396fc7e70936ced2857dcf307095090e94fe9d378398238f3cf,0
88c539f383565d45079e54488fcc1260e6e2b8b367b5d372862c2f4bad8f78f7,0
9859bfa7ea733ffe28c994a709dd7fbcdcf829aa3e1ad61335237c566e80afcf,0
4d4e803895aa5c8feb3fa813802014969d9f027190a3e6dd77b2367152f0dfe9,0
fe5ac0f5e8fae2bed3274391181d88d4d7656b60afc1b4ad9f279566c639842f,1
6c46b2e9c18d5644da32bd582792812af9e692735411191065fec491779c3b7f,0
bc7afb06f07bedb4e03ee820c8e08ed8533ce1fc637b7e262dd1617bad900576,0
2ab8c70643763f2e7827c1e47d6215fabbf1abb0f45a16c1cb5a0361a34ae848,0
be78cc418801aa7ccee4244fcc82234e5dea803aa4585962be1311e88e865efc,0
78ce28bb2c7af3e9b27b31dcf330c489ca428250129f6f5ab52b0a40dcac1c85,0
4da52e665f0918c254c73030a2f8a9ef354b270fe36302fecf2b0fd74f7e1f87,1
ec722948ca51de354255e9641cdac10bd98c7b4b98394f160edae84a5865ebd9,1
9e52cb31e68824a719b41f6c51bdb8496829d1b37221793e7c8c8791d5aaa6d6,0
0a1fe454c2e4f8b45baa7ea752d4f9d4040b868cd9f4093baecfdd2582685717,0
cb7177c5416b4a2a0c708cb65c9ea3adcfb523757433ec73f25fa5255e549f84,0
120f948fbcbee205408e56005c0f22eb2c531e9993d0f45c642e183c7489908d,1
b4ed23ce2f293c18329e0297ee5845bafa6010140455bfd254d3a0a8dc3a3204,0
8af56699b44b58df750e0a2ec2232fc64be6672ccb965afdcefe1db8637a72ae,0
d5ea42a39c0a9ca47572db82196ee3cab2720939e2d72304d5d5178a9061c9b0,0
d9e8e860f44d653ae02ee667d269e94001398df0f727f5e161fb715f708714d9,1
b0f881c1480727eb1b419fdf2079940497148b81fa25a68e4aa80d697dea1ec2,0
0773cfc6babca709ded30f621290a3995aa1bc38c5f402cefb8d6a9875fdd248,1
230e8e662d86e9d7ff2870c0524089441f2f855a1c8e7070c3daad4d4c622bc0,1
69cc39a9860629e3a9238dc3cd3fd2603bd5fe70635f2ee6a3126e6ef89bd1ae,1
3433f1db4cc0fb6a8bd9c70863a5bf56cccbc4a87f40253e30b62b570cc4d5e7,1
c1bec7c1378853bbbd5c5f0ef13580abe05fceb966c9fa4f307a11ba28559420,1
165c6ff1505e8662e500199985c081d6a93889a783f626430c29acfe47f24031,1
45c4e7dea2f697101aa8496014d40a4021141da846d630637f06a25353ddbea2,1
ac74d3406635a6265a9a02798ae0ee66daa9b9e87e702340e386d3f122366d57,0
93e802dc61913c718f1008ada8d8f1b521b51b3f880d2d8fdfd87c80b6ecbfb2,1
dfeefbdd50648a8407e02984f1b2b5892ba132bf4dadb7411cc2d7bdc61b3a22,1
f356b4cd1da4e2de45c707f99888147d9bd4aff5af75d9848db30bd0f0a14529,1
ef8df69d4d118350ab0ebd32a18eed257455bfc7d58c8b88c6143dd989e57f80,0
f74b9939807e48d50b4885e2d2b360c12275e59e82ac2653d5900d43b0baddf6,0
5e4993f795556f7c713d9f6d819c97754c80dc11672cd9e9a554366f7155167a,0
ffb23924341f570cab31e00a4d9572680750fccd82f1abf2ebb8e976b847c82a,0
4df9f76938db28144d17569d3bedf5c4bb4edacd7c8774dbc95077795438da89,0
34db33fa85b09626f41e7aaeba54ee38bbaf7ffa64dc52657501e11bf841d1f4,0
24fb967705fc7f7bcd80bcfedde3816f6a450a3aae68b3664ecc405e895c2201,1
3899647055298e13ab87ff1dba1342f6ae862effa4bdda0a1059c851d605d3b9,0
a4914c1235207d3450f73072d97b05ea9f73f32022a30d753a38240830ff51c4,0
ae203306b5a7a0d6259176c2099456dd609a6f60452365c2ad49e2b20aea42b4,1
9105b36213f1b84bd9bef4cbe11c333cd71dce63c1dd8dbbd3fc4cd8959d19bf,0
a075c6333cbd3fa02599efc77afff1d397a62053e997bf1d6ac09d6f8a35f359,1
f8bc2247d8300d5ac26c0a68990f93a41f7373d7ca57ade913ea73edf1fe4243,0
71442334c770b6f7060bf5cb9df726932645aeac6fa4766bc6d417e70421212f,0
68b4eda4bb5410e44554e0a53e4589ea98bdc1f5b2b4561361dd42844b2c9ae1,0
d31369c7607ea7cf38afce9172e4f338774efe9517727af9a8a2ee0b63868aff,0
6645f7d92db26b17ff240c7ca6dc2e2f59d350e97627fbab740e3cabb159f5d5,0
e3a0b58f8c9a08204e37df2d3a1942a5bee95670bd9dd661f8bf0a537f81d05a,0
10f6044a0aae14aded4bf41b563f5f7d304dd4eba50554f17f9afccc8a40485d,0
dc8ffaea324540ddd50cbac15b161997cc56436856d96c998009abb03a026ed4,1
b140dbca09b8d4c18b2979046a07653ec69a87608ba5895785726d2db50ee815,0
f9b6a96a0ca9a18374cd12340b6675038929961e47cd433d385ce1bd0ea165cd,1
a35dbb0120559e85e34c3d14a616b49bbf93de93555337bd2e9d0006d2cf147a,1
38460cd1a1e5ff5f511486988fbe35b2a52c779ac821fa25357930e41bd1ba91,0
25987744ddfef4e57f9cdabbf45b745bf54f9b41d2321c0ba0beef418cdc8222,0
b7cd4dfec33e4d8fc3915f3cf0a68669b54d1919787f67b23ebf1fbe111702fa,0
ee5d992a26c19c9a3d822de61de88be2b993ac74277aa26727b489c7b759542a,1
2206e2496b5af7d5d512af4ddf4a36b6a3918602b7aa927bade03e21a5784676,0
868b30f3f5de8e356138fe4280dc7a9ba62aa1d84069352274d02e29674ee137,0
4c049fba0fdde52277cdcd9ee352a6d6d3ac880830280a6e324180fafc4b7205,0
8be57134d45a263d6222b6accb0bb1bf635353e0d6856b2c991cc2dcff0adeab,0
03e7de8acf4eaebb7a4f2916535b72798c201001941b047b1788153fce80152e,0
a7109fb4b09f31487656110cedbe934da46414f6bfa86ee16eefbe88a866a99e,0
c04df67974fe9f0ec055516ddb5bcae792af6947e6dba4cad14976b350ad63a5,0
39e0dbe47f877ecf5230fb2c8bf0db53eb61ffca4abfe04edb343d92d68ed6b9,0
a786867b7023f838d37003d3d991dbd723fcd7ef2c1a90d8188e3e648f4e7db0,0
f95647a7d55a2937a78548903797d04a98a2a9d9f49f215e7279e4b5186bd936,0
786c877b0fa1f50377500f93e8fddd4cbab5ee42aca9f7f2167854345db55be8,0
543c2a554f7eefda6a71af95322f881ba8b74f71529ed7e1f0136969dd58b618,0
d91b28a61a3dc61f3a324e7de5bddaf233d6b00e528d1f5631bc05be9290d9ad,0
2e0ff6769892a4e4eeaef9d98e957d4c4b10500efe5b654570c4ee1e4735f9c7,0
3fc8e7f094c82fb49d7c10f94cba111fee5c82f67a148de77312747d3f2e9265,1
7c814e2b6db37facff49e1f8bb988664aa8cbb65416f96f76f47bc0e673caf79,0
42653e4ec76f20f9c745a05003c7f205880da4113e6afd2314955f2c3d222b15,1
3677116b294e198646561d895ac6d0d3def32cd08a8d25c18790151990818967,0
3b927fb2b01f27c7573416029426bd4b3c748f4519408beeda065489a253fdee,0
195a852afd0f551cf3621640dbea322fb108ca3b082352a191d9f424a7c9587e,1
3d3cb47fd680ce4ceeaa5fe75c7336a3fbbd3c63483c92db732bb529a7821ae0,1
48334d25a6b01192bba89e2add1d1624cbe4e74c9bd8da28ad1c3bb521fa94ce,0
038db98074d2aac8efa329277386910343fc30eebe10dffac6e332e9793f9fc0,0
02b22107a5f3eea9ec91ffc2b03c7066705d714dead9800d46d898d884c7cc04,0
235f7106124fd86ce2b72879cdeebd2d91b7a3670fc97302f88d6fe1c7d05102,0
3acc1defc9dab3f65c3f526465d8a9c549f9530ba44a141108c8475125143794,0
25d1936999dd015509af4023f2677b760efc9f9ca5bb60eb7bccfc4b4f41b629,0
597a9033fc0d779f2a264c9657b9c2124ee776e98dddb72e547c689739d37477,0
0e0ce1bc08a6d621055a59e8b3892265b478528603f82c8ddbc88396db901b04,1
91622fb1fa261a68a45af5102d0b23c626a64e3b3b628e6bb1344e7ea32426bc,0
ab01f5dec8849c5fd908507ba6636b5e8163d89bb51aae996397cbcba79ce3be,0
4410850e2d7c0bc231a2da676ef356c5613ef37b38bd606fec8039743615181d,0
5c8f916fb41452432fb469b7cfbd218b91d4636c424fcfc5d0ec4546b7bc561b,1
fade5883d3bce4553b82caeb2397d34bac9f291d810a9f8235e5ff5db3e2982d,0
da36c0b4318350a494b7acfabc6594d4cf416579b9c6939f5db55764e77d3728,0
6118e076a704a2e1f4b2c0a64856059ad66da0ad03fc9a19ff1a72dc23a974b9,0
164dc578e0b5f5dd2b812f934ce3d72b432a06acbc87b6b76eb8a416bddc78d4,0
cd22d2077358f9acf19c4c475b30b34f19212c508594d9a108b8d07772634c56,0
b5ac263465df04c9acacd5290dba8c93874441b0eaa7fa77ba25fc4d423e5763,0
45b33cf70adbcc954c32e56e68f9c4f8f8afd8a79918ee6a4597b84bf08de965,0
fc9eb32e5807f105ab4a35b8c7d30f4e491b5ee680240159cddba687b12d2838,0
a5e434dc9fa234f5785f11db432d0bb09b8ff7c90421768b676a33a7e2fbbe5d,0
e77d9c2159d8767a2ea4c29aecd4a0732a6fd5383795dfbd8a815a22f0b1992b,0
873c78a3ee0e8cd2745e4772ec84394ceec3208b11dd426ac2629c02c9204812,1
c20cd39760046952bd5f976c36ed59ac05086fa76b0223dc22439f3622e3140e,1
f067280fb6a0209b74471d1f8eae61ef911bc66078c6aca14c9bfd5c31ddfecb,1
8a798126c60075113403a919981189c85f2329308bfc05bf094180b87791447d,1
0be656ebfdcb7bcb53a9f2ac8d8be5cfd37310d51fc80212c170a5aba1209e61,0
c4b4a864037e47096d278a3219633d1be1b08fc770517129cc3ade7f60539ba8,0
49ef044ce1aefabdfc04bf4ee3eb37e1eea667a4e25c32e2df73effd0f9792e6,0
b94a055b3c42c20a9aee3047253044db42834b674d2ea69651c17a4f8823f11c,0
c2c239a98697b027baa5293e68e2f948273e296bc50a444d7caa0f74ff8ea688,0
b8b6c46b78a3d168c1133fd0a3d119acfb08585a0fd2bd836da0608b86670d96,0
e0d4232a1d3ca7f27b584dd6dd21a09c654591b018109b16ee1646026c5a6cd1,0
8b558a41d672cbff577734e8bd2e14d394cdb7c00b2958a75b017a8d430e1a6c,0
1ec54e7445966981464370f67199b554f72116373cbe5765ebec47cb1c18b33c,1
38f7927022c6e78f54112bddbe9b520c20a6791248a86ad7d7bf13cae705a48b,0
705f6643d5ab481bfcee72c8e2f0abc9656a58ca7fa063e672ce651c6410cb38,0
cfbfc26a54fae70a626d88ca30646cd5ba82a3b90a7c740dcd12a0d6ad33ad3a,0
2a8e142a4a939d6f64790648c959e5228f5a91e0ddfe1baea37d3f66c00504d5,0
4f6f16ec8d0a0314b3c46ef0a26687c5facb3c656a9b24a5e30473ec017ef60b,0
7bd4d66e5e9edb8fe73452d4e16e36e73f32017b4bb08823ea7992261b8698f1,0
d3871537f8df2a207db4f9d49da9dd04bc65f95a5eb901d4016893cf1f4d1f4a,0
2957d15c8fbae0cacc84c60639f582c1ff1654c66d4b407f2fbe014a3f937999,0
33be79139e9126808437b86f4ebcd2fe35488ed8ee259da438458b1cbcce9d18,0
cd722c7224bb78dc1f4e5e3a2b6e926ac7f8495d000bf92dfee08867701dc4c7,0
b73a02ef4bc4dcaa6cf642797ffceeeeb789020886b8f08682db06a56cdfd680,0
91ddce6921ddbfde2746ca20187e62042d7d6d430cf3d80e09b7a74a18db58e5,0
f048fa63c443e9142bc63f6ca9eaabf55de2e7d1e94c95ee93eb83f4baf6a34f,0
0d548022032efbbd6211c1c96fb67024bf1280607374a834a227fb3ec50a0347,0
f82fd2c11c862b89e4d6123495f2033dad7b35df2c61e25e8e264798a383a056,0
f6bef290d3ce87a1a1d4633a763898bc1657947accd92a17f4bf8bc663606bd6,0
43fc78b5908e3ce643b70b8b4560deb6eb90528746e7c31efe136e2aae88828d,0
8ee1172566f13bdb259e93aa2f5434e1d106daabd62867ba754f1140daf459d9,0
bedd0505a11deb8c28963bdf91fe804bcb7697fbfa08d2aeee37721debae64be,1
ee32ee77e8886e8aee203566af117f8881f6b94a646f8163459965a05aeeb092,1
920190d910ea3711cdd2cb8c1811716847173101631c6d371a35d80bf61ea14b,0
069829648dcbde4a208d907d1cfa16a9785f4490a48aee9c5d6a37714b30440c,0
8cc9982b9cac60f1514491e1fd60184ea4d7a9a21a25afb32677bf5548b33ff8,0
bf54568d746cda8cb677e055b1d5d87aa53d186fe34b90b3b9946f2bedd6b1a5,0
80ded4594f6135e4911460f86f6315f475d9c5fff9e09ba39df1e8be28bce69c,1
69bc3bd038765d7582552ad97a10beb6ba053c078696aaacc1731374892f5a4d,0
6f6f753c088b075586ee1157c32a3506dbbaa01a6c6220085ad14a134fe2dd50,0
da3e3de0750b8e4daea1a25b0f069e433d6ba7237b50673e7e94da5e9a04ca76,0
baf95f98867d40e1c00a7d02a0c4a5230b8b0e01d5a703c1217465545e2cf60c,0
120695b710772ad57713f4380bcc3afd9171fd8f424130a39b01ec6e42d6fd5b,0
7a0be0dfcdcfc7d6f00ff679bd9c149fb307e5516dbacc27599b8de650f9766d,0
bbc24d67009342927330d3a79666b9f31efc8eea593d1a00c72f1b8569255184,0
36f4e5a44e59594748bc02b64cb55951119c455894031e3b13cea896ad62cab3,0
6921944ec489de28d69fc5b3dd95a4b043c2f81139856585d1c369c90f2d6ac2,0
289b1fa653e31abbe6afa6967b0ade2ae096f2d74d665e458918d1fcd55a9633,0
04e8be6586cd91e037ef8a37f811d391c2912b29e099a45ac9cc16eea832a19a,0
d74c918b23e69ea01037ebef9f48cae9e03bf8cba3d179f10f00654e32fb2563,1
ab3c9859a4b0c879c398f6e473ff53fc7362ec6cfbac130d8ab95eed48fc5b59,0
43a32ac922f8e1471651f8c4bde0d1c41b555fb07f87979c8f37e9b1c4d08830,1
fd319d0a5e52c445129ba752260cf229cf673f26e75c1d1f67f9673cb0938543,1
87fe79db0bc9ad7116d92251fbd5bb2f7c78c7636e67703a8ee53c9c4a29097c,1
630c70badf32b616c9a4ae6f115b7718c0d6ef436cdc351c9d652e903a381471,0
fb1842f7181c7924b42bf857132b9f072b6823acfbb662940e70f3d37c9f20f3,0
b8733e6b1a1c14b7f708829680c47428dcdc6abf96fd3217af1f705da6c1c796,0
96b22830ef2099d2c70b8e9bf8a34b9df86df4714b1df03a77999061b8ce74ab,0
06ef6b6672aec55923e7da1b6fd756f9cda259005436cced7598f922a4a0a738,0
d57f1768b1f95d618d3d92ea9a32e6eabf2a896f87e263a326bf36ae1855e0ee,0
a6cdcdcf837d12b1ff22c3a2fdfdbcb3b93eb124f5fc457630c12fdc95d79e44,0
b36134f7be55c67a512004a9314b424f13b513efa48734bf56bca1a7625e28a3,1
9182fbdc65f96e23603a7fa6de6ddacf28d7daf3c71a3733462d14325da2b16f,1
cac20cb77b6ed6792612d3af6d6cfd4f0155964603f72a3299307f175ebe3f16,0
0ac9052812cdc226c3481340c1abc0ef52d110b9e8b92fa501bb2be16a9e198c,1
c119489b4f6e33a7ada2a069770c713cc77745f648c48468ccd53bb6b04f29b2,0
5e1cb94cc50945f85d10d16519310e477857526da920c1119b087dc8f807e47a,0
b689dac224cd20cf4574bd5c3746fd6108b23d03acfea3ac4e9eaebef4739e0a,0
8bdfedd842bc32d3c68e2919079c7f6697cb8845146bb4e268959750e3cc202b,0
1fda99f5a6030b1ddc6664b61e5eca9454bea5502f926718d43d37e7384298b5,0
82caf9982ebac45031511ffaaf2232b39bdd92a3605c28207af07f8a1971018d,0
ea654cf7f5a5ffa7856d9532760c04a48dce640199f29cfa1fc09c24fe9fbcb2,0
32c08ceb2c37360a93ed0d1e3a944a16acf2dc3046f0590094ed31b46ef03355,0
526453c2aa016233e145704e81afc4d74649ecb8991c72d489d52b5c03fa7af4,0
5b0a910730ad70138e762a46a4d3d21a36a7fdea17d9262357c7b855431d268a,0
6dba243c6a9e7d63b584feef5bc52dc42e917c8c47cfa06097649a9d9e240ea8,0
adcb6c2c36dd4ffd05312eb0c33baa6f840a60fede17d3db3578ae6031fc31f3,0
b00d55f8c93b82d24e8aa5b3c5794ad4e166c2ca381a2b1f7f37f516e4607f6f,0
4f9e0d238b7e1c4524a32c33fd18c061c76eaefc6d88a8acce9245fada44f3dc,1
55e08d6a8c449c292cbc814401ae1ad2b43d5f946c060f946e118c269e2be9c8,1
ecf9bbf236bb9d66c7372b44488698b888143cfa20f9ac65ca78d83bebd93e70,0
f3a6f27a91e3aa3ed6057a694199ee6d248a86154210e91dea01ab5f5a0a0e3e,1
93ad5b9b043c9e7fac85d19fddfeea3618d22509d8ba0ba46a30b7325892d2e1,0
bfe125626d17abd46754bceb5cb4ac7d2d1d4f5fdd399359db7ad6132af753a2,0
a68d9ab9c7960da53337847d266014ffb557b68e8a16c73d7dc7c6d19dcd68d9,0
9bfcd7797575225a587b40ce9ba00c71bffbaadac0a4da8dc3df7a0f6d071a6c,0
3978d2d99dcfb27f2f4275e2772206c46be2d3e24a93b5131a8324c0615e2607,0
260e81b65516a7742910a041554d6089080fcd9c28ed002383d24ecef10fc8d5,1
6359c70c011f53972a18686c91cafc3fdda0e49dcb8e492d9dd5aa4fd6967501,1
8a4757434b9f09e37685c2ecae4a6b28241a9df6e45217d31a0153a3ad0898fc,1
ecc8a501eae3200ae9ca901bc76d1474318eed00d06b242aae65e00cf0156bb9,1
92c0e2882d5b5bd1f36aaaae12c5205ebf4da775bdb961f427628b12eb2a5147,0
e0fdac6b75cf447aab499e2a92e9c53256764e00d0c2c0a4ba8cb4872b731e99,0
f568af3ccbfe9ef13ed05c04f9ac60a78152e8233cb9cf0293f110120a12923f,0
ed4aa0d92e2a5a3186e1cdb04721b28b9b4c2b16aaedc5a67206aec0354f5890,0
8e878767ce749a023f86ea99cb31583b19bc7f8ec453ff91d17a7f3e2bccdc04,0
116a20a9f70e84cb888790e0b90ef2d2209a32426ebef187a5f9470650a862bb,0
3b163549a74be91a02cfd8d3d49870511803ebf18f82075ae9b1c6f70c4d5b87,0
4fa6fa50046c5ea0311845e92e166786a0139f63abcbdbdc5f3a0353421864eb,0
0d6c7cc84780411ad046b1005def5f6c6a97d4e329012fe14d865f595feaa9ee,0
41111c8dae977ee5033073f861fc00ef2f513de13c81bfd5686214540b5f20b4,1
ec4ccd39888b540abb1d848857afd7299ed161db7f61d69d337948bb1d664ce5,0
2e8442d2a728a5f9b5ae87784dcf7da4c933bbea2d3b835b855916bc4df0560e,1
5b66131f65b22b70b3a9ceb246f9dd943d29e862985bb044c54a33f5fff004ac,1
ed8ac39865f48e305c38bf4234d6a8121eceadb01d4ff8f45058a6b3f7333627,0
a87420e5d81009ec1cef9e388f5b4ec71af965086d1ff116a1ac381f71af7536,1
c298a778d4b480a48c254a7a28a47bb559d3c553ea1616e1d366e3b79938d2cb,1
1dbd0be9f0a6acdd3c5545401e94f8b9a431f035b9f3695aca82b24994a4d472,0
41055a256ba1a4786cff59740cbabe68d6dda0e8f10ccb540d3299639e829770,0
5416f1887610382e15032738669b5846df99c9c95e2f4cbd4cbea31e22db4953,0
26e45dc6a32eeedc6feeff7bdbb4181ba667084fef670719539a139c066ea0ca,0
becbde8b0a0c91e8be33f56e474e8a4cc0651441f4b68fd53c00b739b0af54cb,0
9f29b701374822d19f82396e433c0f75f26b66998d7dbc9cc8b1e8811226f5df,1
dd2ebe949d0abbe8ce1c96f09e869c3db50608c9718b336f173e3d0ae4140980,1
f184fd823156624c144a80b579b1aa6257b729fbad0a19c798b345ac16e9fe83,1
bec0c69f7eb95a3f1a5fdb09f74a7de1ddd83517d2856ee3afdefbc5464591f0,1
8d274b7c89f09e03599ef3656e00694d8472c01dd3414c3aa03fcc6cf3ae363f,0
ef5ff5f292bea30b23111012fb9b7f35916f2aa1fd2aaa829d32e5395a6efbc4,0
8a6a5a12c95877eb82d2b7ab1de956b14ab1bb0badd37b593e145d492262fa72,0
08cadfc4bbcdf5cfd5cea6f5373d133a8b83b673bc184c53faaf27eaba2c9558,0
a9f52cbe6f4379440515bd4157fa8d45b4282106b5e3d5f97e68ae8cef023018,0
de1c59912a0c8d2b917da677c5377753f647c3273f4cdfe2d62f84f61e05af94,1
8f591cbe4c02d1aefb8f6d3013b26016c02ab6fac9a7e9c355a44d2726633782,1
a453d03a0680af8304dabf614c0a6c5c456998931b2694f0ef46811a1b7dfb17,1
1ad077ccc5f567e2a197cb84a83a527746fe1c2f4a5cf3de49537224995da9b8,1
9716440ed837538674b475137b8ee8ed1de115ebc2390f1025b13b5dc7f47d15,0
c678a9e13d1247c0e7eeb4c2687e7797f57b5891c8b2d741baf20e0ee72f9a64,0
5e6159fbb268e7ed101ef83db03e40ddf2ff1389aab663bc1f0644c724d6c6b0,0
28d255fa2893d2dcf9f434d50c9dd0763dd86f02d9b8a2895a47934a9f1e3b8d,0
3db50d47e3b240407672f347d3bdf7a9183e41fc2fae267a1f893d3281d7c18e,0
8aa95a81f422ce61c15bacf4457910d7e7ebad6ce92738ca5bbb1ae17078b168,0
e42609354bac3f83388fb8a5d125b612330b1efc9e4de52b872ee0ef03a07da7,0
267ea882d73add4fbe8b0e071a766855e24c29d54d3b2d5801ea856d5fe9f4b3,1
3f881013c1a104155d370bda5d923ac9ed5fc6560db6d68bc8ab32a6c7415817,0
7c6dabd0d660124f775d49408ced1a34c3fb06d37be20a207ad53d4b8d6502aa,0
b132b678cabfe2927bf1621127df00159887e2e36412bab5ef58bb3761cc109c,0
638713c6c8fb1cf0abf1c9240c7e3c4f7f973521b744e27c1d6a3939c8e1430e,0
f3cbd8c075c8ebaf013a66d704bdaddfcdf5a6aa24039ab720dd0bd389fd298f,1
5f61791087f73cca3e2fb54a3f7a4298ffc2c1866de0833ca2c6358ddddcd848,0
6767bc3affb3fd2d872a5cf2b21f2f2e1f3dae89dc90bc979dc650e43e63bea8,1
14bc3b597c83da2f63b656c8a260cf028f11f4903e558fe496d9f05b17a185e2,1
b8c8a452b356794a9ec3783b557d2122bce27b3fb83b0db258a281c1146d82cd,1
40c6ce862727a9fdfd6cb6bd7a8eedc9e360cdae5f71d9533f791b1c0c9e93dd,1
a64e4fb7116e76e77c6315df545b821ee567d13dbd4101b4f9bcc980909f7ca5,1
3627a2571267fccb220acb53639e403a8f440cfca6166a00d32a07e0a3b49edf,0
36925eefca01e2505d54ebf80485112048ec0760f01876aebb50d88438a575dd,0
fcf04cc90d8268e0c88e2c742f8a58d03035b69cb359593a90f8f7586761e5b4,0
81dbe1f30d33e193eec1f438ac238e31ea89b0bde6a355f6cadb21ad6e787139,0
dd4f096039fa47615d3e9fd307f7b9dfbf28595851941a892b139727811bfecc,0
b7d19dc9d4cff053df8749a6eb2d0729adf4a5d848accd8458e82768eed75c6c,0
873870cc6683432e04926b84bb87272e4b387fc929d17426c00d8548fb0f115c,0
bba98a4252622e87cb4b4ce05f280c47dbf03353319263a065bab0400814a09f,0
24732178fd88a65d8ada4d39892a4d4deaf1623e389eb3dad7d711f77bb900f8,0
101a1822b6b0f96821345357e94ab972eb26bf59162abf7d503988f768669424,0
d041ba834dc58311155cc803e73ce81e7a36ac1a92432f66536d96e702074ba0,0
27197a933fd7f5918df4a18ad3ca61aae75fbd08b0054e02e1ec192c281ca78a,1
82170b7a514b549efbe27c3719b34b529166bde5a9ecf5972340a0c56b756cf6,1
617af8849758521fd0cef678d2b104126274c3129f4674c56ecb030aaa12d206,1
bc398e93285d32984953a5bc415e53e0c4f47bd941defda8f51fa57b2da7fa9f,1
8e52088e29fc7e9744b6bea78a54f82a54bc9d92084b118c357f20fc147f4e6f,0
1584d04cd14ee452a480509accbe7bbb08d4b25d892e6c28ad6134af2404bf2a,1
1a719dabf21d20ec4d0e2ad5d42b5a0daa3cfb8056d091c868b81ae884d595e8,0
11109f0fad2c2ac80afb26ae5d3265c05b4f98b95be37c378b8f90b18a9faefd,0
4fe55ba2e516d24fa7f309320a8a5b11b352aa79493917dbc848580583a43c4d,0
464bdfcd899be2fac81ea5e117e83ac86f65637617c58e7048ae2a227f83ecb3,0
86610e68a6a8902675a983139f7384a823d57313a98cee38671a7cc95c6c34a0,1
4b7755e6cc7e0136f8047444f1c8d03a6fe8a273420534be37f3554264b418eb,0
7608b16da12a6cb7eb1e93fe57bdae5f3b048101618d1287945d344ab3ec6988,0
8820329990d8164995d6e86653457df7e3a5c22efb559a4bfba1b4239ca05fb4,0
b3c7bbbbd2965d7cbf4c3bccc1c59fcdf5762bdfbe5c4e9764439f58946e9fb1,0
7b90d29ac2ae32950fffa07b38f51b88e312599a03b8cde8e1fcc05e3aa5eb8d,1
878be5c009e6b7f53eae2bf94ef3414d95da4f65e87b93cf640ae3f2f718135a,1
84a6ae212fa614f9fc35c6e0955353d49b1efc5e2bc3f366171099781deab13c,1
275c4e9b4cb86d0dc8f40fc000cbbb4a0892358d240f5a15a1309d598c4decf7,1
758210a4e0a0e9d11d6c29843f1b7cb259ae410f9bb7c9071d370fd167583ad1,1
698e0c7be642c48529871aeaff45c16e6a535acfba7431182f7440611bc05388,1
095189c25dcff3d661c3a1c888f6fdd7a60369c80f1ea5a9c5fe6b7905a69ba1,0
3d381ef4f8db7f15a51f524607e21f0cbe91e040e392b267235239c7077113cd,0
ed2f8a863b95e369c7772413a937c24a901915d57b767e0a600d9d55077d92d2,0
0617a218059ff7fc98ec894695f12ee3cbf2de871a989b3b091c3a643ad3dea7,0
5fa1f583ab33e8f88219977fc72a5c5893386d0959dfd5460fd568eca768b1e2,0
afd0ede41d7b2a7591c0760572d7b586ffa7f9d530f004379fd7cf77b006d7c5,0
4c587186841fd83987d000aa06c9b6eb36ab4c526d41123ac8d541cd019fa715,0
3188ef79d43f8ae7b5fe6f764b5bd4e03c45f91796d8255493070644dff5cebb,1
c6c28ac410424b683948a5fa30fe82b6a850f3acaa636c7a27f7ce0f44bbd9c1,1
746070c9f3a686b50f22de5d40563243520e234eda2239cfb787c985a075ac7a,0
06b07cda1b3b071f8bc026c5da4add3d748c5f7f123bacd2e252a112584d1d1c,0
bc914ef103025dc2ba8da6c159d070c49d7d879b3dc041531cd86a22b1255241,0
81238dda7c2ed7aa6b786fb1561d3b7f7494fb5eadb739da434b78c68b315042,0
8d6fa50102f5a8b15c2c5df2c1941a817089faae2c5ae58c127e07e0b8d129a4,0
291773ee336ca036d32140db2a051cc5145e2c28814faba07ea90b340f69b842,0
0b8435847e2b305a620d7000c0f09cc06076eb6af0caedaba75a1d5f13aecba2,0
615460a47064083507b5c76c2c436d08465de052e6f8edc5fd150f5995c73a61,0
fea226b97a30366c0f0ae2ef778580547f272decaf20d1730625be6b7b52ede5,0
085a1f7a30ed5260eaa56fa14017864064a61cdd9c25cba8b8a230fbf38a71e2,1
4a4f9cbbfb5124f69ad5fc17151df7b87ee32952e3b5db3e6a4ee9ef66b68346,0
836ba4210b20566ac4f37315472c73f57eacacb484ac5a83c7cf79a2ec128745,0
36fd58cf8540f73b938e27154a885c7c53409db01693145558019e40572551e8,0
0b6262b168a61b95f1e542cd74514681b4f43b6121b0a443cc9b71075d374471,0
e68a8636271f39f5001e2ad0aff9efbb01a9711a1c4db1c3679b870236f2df8e,0
37084982914785d5e3ac64ac77c45e5ec7dc9a257c64026d5de3ccc9b169088b,0
d5dbc8ceeaad6f5f15b90675f0d21be2ccb1199eac9f5deb286c49e7fc1d95ff,1
daa9293524aac5066af9ebedeb0f0a9b50dad13bcb588fc2e3b555277d701623,1
ce8ce150e8b59f4a324b5a3ff7852fe19b7c7b55f1355676d6d31eccff70c9c1,0
7e45c24392ae891a30253f29519b9a80790ef0157d7f7f03cc3281dde26e3421,1
5f23c883a636ee0ea9b7c5630da1547c3907a91b1eae420fb33cd5c014d31f27,1
23497e5aae0212da565f5d7cbb2b6086db71e3f5e1c36afaa88e29aaa8d2e099,0
1994f3291c554cf4deae1eb88fae0c2af4930488291da4634b66f1b8dcdc452a,0
ea17f68426d0f08bb42d5512801967877d221c677f14a91f30bb0dda665de8c6,0
6ef87d908e1c36b5485233ca8a5d3d5c5ced8b9e26c0e1be88bd3e8c14d15db8,0
1106623887ea6b805acfa16e347d0b1b5179ca63b2ee01bc0e415a365be85fd1,0
4a7a19bba45b515e6502ebbda0ec04a1dd80a2a4aadf3f8192dd6a670b2b9806,0
04621fd7e50fc2950d5cc7c37ba54408df5881005396450d52eb827b2a044fbe,0
2e7de2dd4eb5b53df87cb55e3bae718a29619562634547147dcbe2f5e12c8ab2,0
03aba72823f3d4804c24e01edc55a953b830b094ddae4a6183b1a665f943abba,0
dc5cfb7707d5030292bdcd1f51070095e152d961dac362104ad0728390acdf2b,0
994c2dc311ab7d3db84a67b58aa9f13761a9c3c182543791d016ac1dd7afc165,0
43286b6b12b2b0bb576fe85461581f0e18b44f95f6fe20504e3dd10dddc7da82,0
6a0ad71701ad90e4e7975b316ea4567fbbac0fc305289df1bdc350f872673fee,0
6ef837db4660c357b34318ec3b7131eaae40539fdbf33811042aa5aa6bcacfa8,0
4006946c8c3875bb0653eb8fe36d7b364a909cc6fc2cda564af599317415de23,0
9b5e3c7b8332356f93963b74a953d789fba4fcfaf4d05e3176bd85e773862f47,0
4834ff8fb7dd35efb44a1691f26cd303421dcb77826f5f9b851fe1063b44500d,0
59b13ef6b09ace0f4d49cc3eef664cad0f1136b9bfe3f68f9e0cd9a342e648a0,0
cb9d2ce3c567dbb72fa1d651efcfe9f5841927c6632df265adf744524eeefd93,1
2cb6d96ebea595ed35b4d1ddd30976c299cb1f3e542e0e9083d1ba6424a54a3a,0
62e61a72bc681ea783d3841d30a95683b22ee34a2356214a405896ff406630e6,0
77f5c7725c22dbe15a31875032c6f2342649f72552235a5e0a5fd24e953b4b7e,0
4539974c34adbea35c87666f7c56a4ce4f4f3f1e73a34b7198174a06d3c59388,0
7744555b6ec5c8e0fad2c143e9e6268fa2415d23fcbe2a914d88bbc4077fb243,0
c70d42fc5a099b13eb0aedf14b9aa53e5164f459a4a2a6219abe366a9aeb791c,0
df918ba83ada63566f6007be312bfde63702eab055e728eee9aa442f92faed23,0
e6993e2712d5c0880faec2b7933636e52ee597e4b154015bc48a64f800e4cb2a,0
92af310b9c605794b2beee6fb98ee0934e89aa437a69ffc8b3f63d2fca7eaf70,1
2078c6732e08e6d4064e56c6039c953c496ada2cabb0ff462968a08df8fe538b,0
fb67f2672dff3658d9810c180853d7c4dd2bf039afbdd633a14b20db198b6490,0
0e8368416e03df90625befeb7a60991bae19b752599efdeaec0fb3e53f082c7c,0
a5dde288f83a23a37605e828f3c046d30a6cc5b72f95d41c106c5e27ae97ab75,0
aa5d01dd4a7ab745606388e218ec2a2e098544e88cb5b81caff96fdcd0c23f72,0
8caa306fed294526e2ef28fa683ae72850df1babbddf00e6006fc5db9a4ad18c,0
0eefda7ed13ee4fc3a19668255eb472455aecc55f37604bff314016d6c8d9603,0
025be17d1cd06efadcc9355a8fc1e5f38f2fb9281a416b1dffdea59ba7bd9179,0
0aa347f6bcb64e209dcf7fb93c3b4941f1628f2d3492448130560a3991a29862,0
340564810fe4a681ad25f5e462dd36601a4b4796d7f7d84745726a6881422b97,0
3a767be13df4650f5aa93f238e6a73b3baa10d1162a04afb1bbdf2c542c1b388,0
6c7757b594b0bc1a125bd91d233c8c85e55b7e590f03ce64ddf26f03102a60a3,1
8fc5ea26f66a7412d1aa9cef3fa69dff4950b61fa905ab28c08ca5b17d3c5fc4,1
0e80e1f323cf43c033f6a475eea160832e31689d5863b4e10388b2f7b6325a91,1
c40393d3b71ff03879e31e4575c5c07ba93a840a8f5ffbd7b2e7f5de002535d2,0
497afec677908809d8a4860ac0135ec4c8ead4a1fa8d642d8e230d2ed3c0a1fd,1
6b407c2f9bfc971ecc726a4cda5b6f6763345e2ab3bf391c22926222772cd569,0
0277c1ee197930f94e0cb53ee1b2579326341f778048dd628e11980c42c8e8d7,0
8a0f1dfe2ced694e753737ced04749f5b608a44d88506c0d1aa62a38b77a7c83,1
c842c391651c426a4bd33cc1845a1d4a7ee3bbfd8b6cad295b22eb7e6d58606d,0
728b71c7673805527d9e478d9cdb0bf039e15350254418d38d55c84ce0c0eefe,0
577ce879f2c52ef190b748f25cc4be1e76cadda46ce6a18a712dd272b1dca8b2,0
977a530b61104fbd694a87c8156c908a47db191be5d0b0ac0983f6df0a70069a,1
a0bea9e86faac79fc7fd0eeec12f052148166a8d8ca693b5f71250333fc58f3c,0
070016bf33c870afccfa1cc5b92c0d8fdc57de00b31bed381b5b2a3733d399d0,1
f5a8c687dad39e6c368fe39498ceae10605e5da3a3bae35c4ee829134a076a8a,1
a9634ca1cc47d85cc22f3b71f3dbf4f17098db20a74892b74f7aa490ac4816ab,0
b6c720333b9dfcfdda8a8332300451ec28b0b56f6fc5fe055e45a86a550b24ca,1
14d6a9225b1eee9cd49d9475d7b2b2f863de8ebdd508a1773099036f6c659713,1
f836d349fd119b8d34f7907b896e37b850cd119a95b6cf8dac91180a96cb3bef,0
2745d32c247087d1d8a9c49c43f579ea849bac6c64662383bd64a1ffc7a4d2a5,0
a0d5f63e3f1412b85e3dc9a73721dd7610781e357459308824c9f57f65cb7a62,0
de7e202fa1be2a58fa46ba50a94184157161d3b5f6b8879e157cdc180e586d49,0
1117db1ef8a5bbb46b9cd41d7d2915ed2b26e9ddd5709eee2dbcbfdddad0e5cc,0
4fda61e1d87965e4c88c71f16c277f45822835567129a244059e7375b9572fec,0
6cd3d295bc12344856060898743345921038cf5d61cf84f971e6a44685cb71a4,1
44b4397f983b0d91b9cebc931ff7ffb3ceceb21949f5478e7cefef481640a3af,1
86622ae64ee658258b67fff6136ecbae13bec54bae8e3b27d357271fd54d16f0,0
3737760ff8ea0286b02baf49da2f1cbb7b8917a5f7b28699a0a6d3979d7b47c9,1
9566bc04b17f38d114af0de1263cfaa2b199daa804871c960bfe30ceda39604e,0
3c66b713e9903877c2bcc9bfeb219536e48e5f66e9aeb4d6d4c022801dab1f91,0
95fa2789076a17a05b2c7a2b98985978e2f5935023d645e8623e96123d1a2dd6,0
799bd35e3cdfd19f52694ab2dafc049be80a9051f29bcfa9fab0c459b99995cc,0
a7c4b71fe5ba442ec4a2449ac07966390e3989adb788e2c8bcaed7a1649bbe3b,1
3a3e4fa4d89de6947d7cde57a966a925c569d0998f5705bda9bd33536c8eb17a,0
b724b5450ca8598f97bc54d38deeeb99e7cbb8341e7819442fe36f6bf34f6caf,0
dfbf8516b5dbfa1d35c791dd738832015b46ed10576dc10fb8115365cb9e14a5,0
a9c7f44418713c6a0d2af8bfb8953342bbac7c6caa7aeb8528e47f98c2ece9ea,0
a44867135d5e9bce9f9d11313e0bdc90fb5a35ec55b43a4982c650b63ad33541,0
8442bbc0a7a15f321c4013b701374524d4c88c56fca1717f29505e57e8d2f2b1,0
8d0cb049ad3a2b386f27da0f699b84b06e8fbc4026fea6ed64b20faf782ba170,1
779cbf9b85b0f6f6d18cc15c57f508a5936d96fa6d71b1ee996aa8cf7bc52d9c,1
680434176f211969947592b83af0bc28fea032dfd035f728c21c7793cbed6e3a,1
7c5e223978ae99015a25cc14af6c48b2752b19114386e5a104a441245935ad59,1
c68c6a18186f5cfac46d9f70883d95d6f8b8a985416d10683ca6ef7466b1a2b9,0
5fdba5cfc17020623dff3ff07b5df367dac468d706e05e3bab2619d1b52850b3,1
7ac795fd8bffca121a71e3e27eade4ace0f6ffeff54d3d911a3b3c506142346e,0
041e8ba124d1c750a3c9497004ec0541f3366ba476bb1396687a7908cf8b5ee0,0
8ac69a53a1154d3d5a2ba35672cf32bb56c9059156e7a0be5a13ab06a37e490d,0
4fd91c7ea2b7554394729ea8cc8b5028904c34fe3c09c440248354c203ca82c4,0
f233073e90f452de6beec2a15866986311a7dcc9917e3131030db24842155513,0
5a008319008a1f6e7bce0a070cd8d0a2337e3cbb619d0198d5cdeee3d55dc0a0,0
78f1b1af70de682dd2fe1f6fd5c424acbc888e6c43f420cad53a88360cf9f40e,1
da81bc136ca6b10de1ea81030ab85eeb3ca2021429e4deb620165cc9588bd562,0
f994523ecfcaf504827a6b271713646393636e262957fd111ef997a6b5727cb2,0
2445821b9bc74ebe1742835761fe6d365c1755fdfa5d177952b7bd364cf3250f,0
65f7822224c4e4fda9e141025e96453ce9334f46335b08c551421cde303114bb,1
8a19498a0d6698beb77e475f8236979ab609a47fb8698df2b1c4df6aed803cd5,1
5e17de91d3adbc9960bc7f94c027427f56f8be43e6d756d5569845e31ae83b22,1
87f5ae1162ff45820faf899bad6f357c2e52ba44bcef09f284111175ebb0c03b,0
01775f543744c7a641fa7bc8ff217b7bbc9c55af61d559142bfe42dc8f9e6572,1
854d2ac6b1bc91420a3d7678e159ab7bb38f15b3db6298a72582d08274239dde,1
5f6c0c8394c42dc719a573f44f2c728ebde0dae62989025960b7e9789ec2b0a0,1
a02b9722e279998991c65f743b8604e264571d1e1e13fd75c48f32756aa68f69,1
af5da278e854808fae0c8f9088a2291ef227b211dc8fb5890acd4b5bcc3e3335,1
f3e48db891c92b3bcc72e67b4e19d1d2ea9796611a13694797572c44c9dff790,1
7cfbf2aa0dc3464bac9c14283c7b83490039cff163630415e95738a6b1ac7f65,1
63581d1dcfb96d9b1ca408747429b754d5002b6c64d33d7ad9298915c27b8bb9,1
3ae6c0ef48f2471f881862b195b648670f5db3571eb3d8441e4a47c8303d4e4b,1
5a1e4f0d783349a794f54df2d97254c5107ff238a69f1dd680b4ee5a4133c63a,1
c558b6ddc11294ecf597a87eb464cbd2e924e7d0ab265c8d29704f4aacdb79f6,1
e43a5ebb053c2cbd964852a594f91a3f056133f7f528f8932f653f2c1b1b6228,0
6c233eea72c877d3e42f03c93fd350efa47ec735539ebf20ff8995061266dc68,0
20adfe40e824fdc3b9672ed909893a5dc75d797f2732f431751dc590b2b9cf55,0
5a213762c9f3eedd14d53accf96de90c0536f65aa5feeb133f467fc2ade85cc6,0
7a99c1a147bece35776b79f4fa9559221f565c3a9bf61db285c4dbf7f1d98dd7,0
3e9363cf7c73267aaad56e993dd2cafdb8c3caa642219e5a4691247234f981f8,1
a1f9d03f3eb7d58e165886f79cc5ad1a68b73a206463ae87bc0ac95cf4dd578d,0
f43a2d5a5621a84b23b1b235808df99d778fac773d46e5b33dd1a55b19d709ec,0
0e5dd509fa2a17d41b374f6f73e467f53777939aa26c57db766bd05a271b294a,0
3b87257404998360004f2d6d73d7919c4b53834a1d1cc489bfcfce0dae20b75a,0
042667e6290da24111c5cd5d4c27de12b7661972583aee40880e659fa7eb2a8f,0
98696da7919f8893fe2eb4ed704030fd592742c4cf7a2bc470363d188683275b,0
d8631ad40a60aeb4c1125e184b7afb14c3d7ed9796dec6801a55fd93b8987108,0
87e7168a4c0e9c3632a1f744578b0fb304dc61843a7b065c1ff2bbe3858c2a14,0
2dea220db0a00382e434697e3d90e54d7956f9e4a465837ea4894fb6d3cbe97e,0
8d9df12a77f066163caee27c831053cc95639e2e4bcc850cfccd3445716441c8,0
69fa074a22f4729aa2154ec44f4b357f05352eacadf55f39c9681329e5952ec5,0
ac87e6ec3f805c06ad84c1e5b2f66c8cbbfce9c15f4808d380d8b901b40380ad,0
0bcdb2fc7ff2dd9999dd3adc42a6940ab34885c6669107416cd5a8068ffd26d6,0
61954f02ef6afd620ca9adf1482b95344857c960b0f6b867b98e8cf0dad7d0ef,1
6d1adf539201d309a9ad3ce5cb121d840fd23e2915bd7e0fd0e13c058cf6fa1e,1
d6c7989f555367b434a063debba748331494054a4e5cc002549b7b3ff4d2d8a3,0
197cce255d2b478da26d40303d6636af9f54b82792c1ed97bb6c0f679c2ea7a5,1
7de0ce73583586c66522490f995540cd01517e2aa7864c5362ab141e68ce4604,1
cb7e66a0df36eee70e512bbfac9ed25cebf4662efb74555211540c6b4fa8b01b,1
9815434e31c3bf7fabb849ffce4df67b89523468fa149131b0ca5ead4842faa3,0
24031085e1addcaf43fbca6550e30ec7cf7de2a9bffd17626538e088b628ec15,0
54daa26c1f3a3c229bfb9259c92674c285ad79e9f5eed110506344b188ca4ed4,1
02fbd86e487204f7a4dbdedb487769ac3fec5ecf7beecf9d2e540258cf7ba505,0
d53f26aaae78f632059b9fd24f967f5f2eea0e1348ed6db5fe7db0df444e049d,0
0e33dfafd11f7250ce7cd155ab7355ddeae0c4c1cbbeb856028d1335863bfedc,0
19d7ec80a5fc9fc36de285f17da0c7e3a1e0f9382c9382799133258150589031,0
cf85f5995d18b5de3b96aff1f729d1be481d13805f26ce7dd55f80334ce19fc0,0
aaa385aef1a66b325188778b3a57dbea77d447a4802c15599c74b987103f2bb2,0
235d0fb39a8d87fcf1cfd3671396057f9a7e3dd6cf9838f0a7ae9839f0c4b488,0
11731d09e49f517dd07f33f06444f7d7b1ed5f4932dea1ca62e86141065a0839,1
57d8478b13da7dfffe24f949ea6cc64e0e8535062ee9b01239f40da472f778b1,0
4ba707b46218e6f9b15bc93ba24e3a3b1ab8d7d222c85aa3080b845b5be36ebf,0
30072c239504e5ff2350622673ef969a237a950014ea93a061a25faca7801379,0
f44addd096b12e43ce24da639636901ea9ac8f9cfc70e0eaacbff58bd75a9aab,0
7d9aaa2226b09c9ccfad91dc69c01189bc2f796c85af75f5eac6f05eabd29863,0
873779c52d9f09d9eee01f6ec2ebdb976861613fa54e30f0dfb90b03ba4dce80,1
2c6a13471c9fea00779a2495066ebd716931a746416d82fdd8c6f673aefd9d0b,0
76d4191066f8a17fde56e0949713894cd632650835095874f41ceea60c0be097,0
0edbb02f134edb6a60d714a1b4c1dc4026fd56f520503404f2db949fe2105dc7,0
ca8351a6c90f543cd11a387cac070bd66f5ba2bc9c4f2d00236ce4fd10bc7bab,1
4e849b8fdabd22ff728ba227a57f6bf38f6820cb5072c9893f54892c44f61f57,0
0647a78a9c263213525522de0c9bba7870e836816e696197152689677a1ff5af,0
166427e328d7fafae8b75130d970de66dad24b0c6f2130d371d92e4508d234ec,0
bf97725b03b9520de8970d4b795f6888e5510debe68742fb9ba82f41092317fc,0
e6bf204f40c3a30d277ce501e38098dd2b31972eb53a29f7f3c2077c87c4b1e1,0
2e069e503b25297b30785e2aebe8dee87edec896c23e93ee5cee3ff4fa0a02e1,0
eefd66726416653e5fc2d1c3492d6c35ee0f66443be304c1c7d66219839cb8d5,0
c5f2be86d885ab3346c3c17846523c77740c8ab37ade857dff3ae51cb0c71d12,0
b712ebdf3399dbb4924659fa5f15de84146c99a0ba621f6b99c75d1e86c8d344,0
0ca7573b2c0a7f6900eca9f1acddff037300a9fee4c47167595a31867756f988,0
5dc1e598a59beb44744d2d6fc349fdc1c0f0d86d29d5e65b7061f9da666c244d,0
66f1e83f83b9672f515cdee8b43130b7aa06ef7b3f0863d3ce8fdba974b59850,0
e2cc6336ca9936165713322a8cceedd2472b342c9835678b917f53c257238089,1
1b5231dde50a737c7362dbae070beee1c4f8b78485c694bff73c9086a32871e3,0
73613da9eea8e72bfe81c38797d0c7508a91ad20514ea90c4d9631aef7d9b6eb,0
3f28b2f806ce0feae50ffa614ca8e50a318cf92000525720aba01c39af1b2f50,1
f51e775295f944e92e96c50c906a52bec140a1e0f9b581b59d189daa09f737de,0
eb6b486e61b298e4d2674a0d49b41d471d70bcc9dc26c2ac4956398686d7e299,0
5c3364d301904de56eeb4069709e00947d418edcbaa1f487534529118bd16593,0
8c79f2b43e87b98798d970c7dd615ffc70d15e2f64c05c93c505e52f4adb7c2c,0
9e935f444eba3548c3a33e144bf03c81a83aea97316bd1fc1dde3efab19b2669,0
4044c06096b1a5270d92ee69b4e725ec73f952b4e9904031bfb65d539b4d6019,0
c978b2e326fef5a46ac371b03180d8190b8c05fdb5aff676e0d5930395e75434,0
43ddaf0aa8ca42b38fc1bd275b4fcd2b1de2a5e50ce12d5a4cfbd87d905c34f4,0
b6c28132ad3f08cf4076b8436000bfd9720c3d686ebfd42ca6638a253f34731c,0
b52e430ab4df6fec7ddc5a1e698534c7b58bdc99a2a81f6cae0475c4433ce98a,1
b31ee1484721f4169df66e4806464165ac853844b10a5b7da3f2f7df9762d4c1,0
2c93e8dc25e87bb82c70380693f1547cbf9b07ee48fc8026b55ba7b087f69d04,0
b1867583f69ac96ce7c51aafd3f2a0907d7d9a1a08b8597570475f1e8b3ec6b9,1
1e939f3a39e3b7672c8ec4231cdb29924a47e0243a4c1758a639a6325a173576,0
5cee028e07bd19a9574205dbc89cb45141252d8d855227a080de9bb1ef7996a8,1
87b64d88783697ac69b11fcf860d1cd10e08a84817bed28601b1e1fcf6de59b9,0
b106b9e3bb6804bfd20f9be74d3c9ff596551681ebec79fc9f3784da22c0ddb5,0
eb37e6656d5d26cb1235068035441360a30a9ef80d874a3a6744f934e09a3f57,0
e213115ad201188914b69941f8e1474ee86a07342f66de17255d1429b1d36e84,1
223e8f17908532a5129ad3ce06cc277126509bcb43e9be5db9e53828a003abc5,1
75b387f33f2620c7f248b8c4c7bbee8e8a033f2f288287ab33fa3c1a29f77911,1
f87306cf1486737831c0682c2a6875c6d728768ae3ea7602b8eb0186e9563bdd,0
36f5690040297a10d2931a892c77eb4298b38b77a2980498672322466350f7aa,0
e36a6e458e2cbb8a5d305a06ac141c3e90e001f0f049ed6cade6ba219cbdb6ae,0
be377d5842d901f9ecf504e53f6212386a8eedfa634f81c5c4a3a9596415c966,0
38cd9b1b4a5a0a327ed1f7808a63dc5ba9cfd1696b4767b097c6f4ee3ca832ab,0
28664eef6e213cb2508ade4eb9bcdaff4cc1b0b5682b240bd466f3848f0a7deb,0
59a3a4b030534f2f9823cb1f129e140d0ff992eb6e3ed46720b0c9bd865a707b,0
ab2234cbec27d1cf0ef952571c3817e4509737243c71c4ad65fa1fff5cd21e77,0
cacff534fc00e7ad4a0e237139d59f7008fb128a0f2363bf112a9f64707a3d6f,0
e3afa59dd5c18f122b308a5add8c28010f2fbbac1b72f73cce683f45fc18f72a,0
be0f12d3b62d26e43738b10b3404dc30c6df3001f6d7d857224bd3a4f5c8b8c4,0
2cfb23ff0961c141915cdc6c796115e00aad543ecef5f7076f44b14182f3b0e2,0
abc85391843cda2fdb94705dafc15751a307988af8ff45930b909832ac26a374,0
c27086448d036482b8b73cd25edfbd061e2a486c3c7a1eca14f066224889d46b,1
b3f9ca720c6d47f9c25f206a65ceed644141bdb6a0314e8fcc1d87329b8396c4,0
ec1e60fb35069028b3864ea74a65c4d5b2eede424f5940a892fa2648bedd1938,1
a38adfa70be605283cffc9e0c82f2ca0b61bda5711b43520daeb21755bd409e4,0
0d8b19db697f6a28bbf56e3dc4b3e81c55b875a63698f0d6d94e61f8192ce4bf,0
84c96017e7715aba2e7aa407f90891049f921f74461aaf840f32976f1579ba15,0
47d70ca940f3374e540581cb1f0f4e17be2d2cad77e2ab3378989a3aa8fd7496,0
440b34d065f38d5de2d2d071859d5af664e69e1b88ef5ece324a55f4f4abf595,0
408c0a4aa5c36a23547e7b61632d0e05529a3bc9e1c24632bcaf9ccb6da01030,0
12454e975fdbf74964831f8503db1bc1a7912615f44fd8024f365f7a2fc18425,0
00a9e3b07db1cec8afebfaeb48f0578624c35e9c4f266c354b67e06669f255f9,0
7a623ebd8e0e7f22af4d67148994e44266c6cb52340d4e21f453ed60db1ae061,0
829550e96b8b6ea4499dd9f06b4d60df412e8df5316aaf569f3743b5587cb5f1,0
b1aed9e3fa27f686be17c579353a5b86dc3123c7283998c3ef808df117cedfec,0
4223842cb4b6b7b3cbf53aca326c2c1fa49c5d2b9b903e9475834e7b148f0f50,0
84b86243bd83076daec981b6ce9941566f6c177ca623ee0ef7572619077e9738,1
9ec457328458a6aa0cfef45b953d1907afc14685f37b0c3524b171d1ae922e52,1
d15895226d0280f96bc37b84f896265a59a2c3b15577789d9efd3cb0d80692e6,1
7799159fecc3f37b6db7eeaa9b54065594eedb59242fcfad2ed1915b75f431bc,0
4a0c22677aa54114ab476de4a1476e2d946fe74a14b12ed083ce43fa43673f07,0
459b2fc78a78a07fa5c99b7e51128d79fa2006361634dd2a3d3fb58218000b3b,1
54c1bb9f85b874e47e0eb61cd2d133cf1e101bd8c3737327d378ef8f84434043,0
fd8d249418e36592fcacbc0693a1eaf635508d7086c491658bb7a7215c6ad5dd,0
5c6fdf68c8eba3fd8fb39c9b177e0acb51eb0ab5188f85872674e8126accf534,0
c5a792da34bcda4f46c4a7640003aafcd401f1a3207fe650a4852f2d6faf0b5f,0
66e0c81d5d590ea991b760638c2f92c8aee80ef81bab53aa44c1edd4971899b3,0
69b581302f38600ecb2cec59a1c427df01b16d63e269be006e3d967014062552,1
0ba1b23fca33b4b7aa924a7e12d2d74fd1db6801a8c68787337c0fe6d559bcf2,0
ed8d42e91902ab72e0769fb2e20885021fa417bd7cacf949cfd1fc2766e0dc8d,0
103d1ceea05ff19afcd3fb68ef6859bc121da3ece5d6c9c8f6046416b0d397b4,0
cffd7b35d5adaf7731ed5bca347943c1e611a18bd4643e0dec8ae7c42a84d9ea,1
349c9ceab0c1b419a548fe9452fe09abbacbed8b5337697ca77ca3c4469a2687,0
37604e3425db3f8d3ed9ea625ed82986ac0bd5e4aa65b9c858f49d20d1cf0f63,0
ccedcc265186273b1929e4781d6e98c901d2fc8f5658e42e28aa850383cdcd51,0
5fadaf24cf9554844da584bae0d35a1167a6a91e2338d56dcd7145bc1e7260ff,0
6855cf2ffe08841a9c219be520a099d3f160abfdedfdaa752e056021feeacf43,0
6973629954c3df7a88461c6069ec42c7e51b28d6bb933c13a4e3fde1b9a300ba,0
9e40a252ae8b7587bdafb8814751d720cab060ffc4f2ab56f8a4ede235dc57a8,0
35f6e7588a4ff33a050e0e2a5d5d96d2ec8757e5be419905ce6b264b7dd3ed86,0
4000e3a7a2dbd5153e1ad255eacf454eb6276af852196c31948713643d325729,0
781cf88dc011480a6c33055531f5972c1daa94b7e9850cc1e2198e2b9181d039,0
159c2c8e38cfb2c4585078445b58047aacd81ef048afd5d37de4fcd901154072,0
534e85522ed9480e76d22d6f3650e5b149e93b422e93c1317b1fc4bfc1570afb,0
2bf183f602442180e4a32a14e97ed9d9a2b9fe0775c3fab44b5b71980397bc9e,0
fb5a442045a1503263b120383fe4c104d4d499aab228256a94a66b4770ae671a,0
225d40a132e1eddab7a51641e509ab0a63852fc8497cfedb74ed29e72e6c3079,1
39b096477d748856a6e6bb6244e32d08f33618e9bf009059213d771b0c09c94e,1
93fa44e57cc7bba24efd4464791ed24ffccf538bcb3d008fa16023b861931660,0
f5ddf93ed68eecb539d5f9458441f2b266707b1962da21fa10acfbfdaa5227fa,0
8471672c64265fe16765cc89643b5fe81c530b9e14bef310fff56aaeb5471ba3,0
9bb4d352e0ef3881789a55e8d22e71e213703a3d1f0a67bc16e2ac757d77a021,0
cbe99daafe538ef01a28cff5ae0059c434657728f244906c5388598b0edd99f6,0
1e5a39890e52b0a06925a0e92adc9391137045b90b7dc9fcc6d1470090cfd742,0
e24298568be2c94a6059abd30531bc84bb17cd5adc53d2744bd2f4cfaa35360c,0
4ec82aecb1eef6d4447b6e132991b4d1e13d965af4eda3e2f92e2cba1ea2e74f,0
95109f0b1ab8665ed6b7486e5816e915b1a8f9cddd1999ad0429224bfd7cc397,1
926b516bf3f9a336ccf05a7f078b2810cefb876503458bdba3487c44e8d88f59,0
1b3c71b32bfb41248f410c0630853ef0eba2d90b2d8b46ecf19069ae7a19bc59,0
b5a7b9a30f6f3ae10700a499b8d275d6617184f77201a1726e7d8cb659e7a9de,0
e3f77af26ba22629c1b8b4827f00a7f6c231e2f2a86be145053d774a324c5767,0
e6924ab838c3fcfd14eb78d18eecd2e24f6b869943cd533d2a99f2653ee644a9,1
985ffbfc71421ac045e2a8b311dc17f9bd5729a55d12a83ff90155dcaf6a5962,0
2704b79b92684dbebd0ca76a1ae8296af8b5ef96f6e075df2c346eadebb49f87,0
ba7c7e4f983223ce1c48bb6579e86f509c4742572e2e5ce2ba3b340b428a9c06,0
df6c033d13d600750f60b774d53c144f8490e387961e2a86abbaf80543aec186,0
704ffee87825b0ba15eb8b504c7e15ec4ba92f83578f8076336e91c06b42b318,0
43c3a95a4296c34d4531f5fc4bfc824afacbc332f27a5ffb5750643b6cb28ab5,1
089667eda726a7b90c047e749ee4e0c7b291b57a8c0e58f85f2f153729f09ee8,0
6ec1e2e900ffbc4c0cf651f919c91d5db8b6cd22bf8dd362ca841fcd8570033e,0
924e3321108bf720f5d380353f65e24aec25a0d9f1b6c5d5269fabd314fbc667,0
012051f6b7a8b62d0fd5472d7aeaa1a2bd197dcb1b08ed090e43798f2ab13ce6,0
1a43d86cfbd5b5e4b16f4cb75c244c24d80e802d2faca8722eef8fbd95cb3644,0
08bcaa6b78e79ef5ec10f30f306ade23b0a64cda9913a2dbd7b7aa5a026ae241,0
a7ffd7b209bd1bc6567edcf6344dca58571cbb7cff3aefd48638456485154a63,0
18a61efef999199ae94698a6a69b8bcc282ab03023b9474b9d7847c7b88a1f76,0
666912cbe42efc35899fec78ed3a50fab6d0422639d26f85c563d267e887d93d,0
821297f5bc497615b8bdef922ea3ff6db39f0b29c075aacc544a7e0580168e5f,1
88846624e133ae2ef585cc7f645ae88c1a94491be599bcd3323b7cece313ebcf,0
ad31ec4d3591c902dd24cf654a32e9fa8c7cf8cf355c071ce380bd12938208bc,0
3ad6de22940205db5de54893f99111dce8a10ab0caeb78d4b3b309a895b394b7,0
80c9c869b03eadef278f84d556a7d4d5b342f02a1f94afe46f198b35e9733357,0
83f85ca6b07e3d27545902da4e165d3e6dc67d1b4c7131d5c4d350b07ddb7c4f,0
f2e6d827ec589d1526a999aff676b0a7c564c29f229c6645223ea4314ff57708,0
fbc44c3599f7104fc0a737588794922a45c489bb0d995fefeaebbee0dcd99b63,1
4ac7c884eccd2e958c1f6070058aa7b257c5f09e8e3326eb8b5e49976fb7388c,0
e6a4071e579a6c94fc2d2e1f83e08c91dc55b551781adfbb52b2edcd6a518229,0
036ab0957f8ab303390b52ea580c167a352b5cf39874ee3649b81cab2a5b6192,0
3011fa63b3cf9d27ba20c9b99f0e53c0fb56410e95e5ddaf9c3f6308a7d0c25c,0
214a7037bf13482caaf3518f9b0dd3c53c2b63e16a44517f729ab7e7beb445db,0
203ffc283d716a225604657b7290ebefc4c3badef43df51c557052f7f82c7eea,0
c1b3b9e152aca7a485aa37c35b42b33e728a066c42682dd061ef72e1b0def19f,0
bc1da785b26037c787a142effd81cc63a49413b65d3ef3749c3b9b59603e6712,0
cab2ee5900648d4ba1c159cc198249703d10a364d472108599dfda1cce2995f6,0
39bcb3f11c6338eec3c2ec5faadf506a1dec1824c7147b466138346b6efff848,1
6fd4794fea66f49f61cf8a52c04929f21b12bf983b7325f0f52787f3da6a9be8,1
d1c733e5876392c3ca4863f98f126e7db531fb29d26f3d19c77cc5b3b39846d5,0
79ef0e9ee8cccd5f2bdd8acd65d6d2ce61d12c4ecd2baef15c45e7adef89e03a,1
9caa12227ce244cbe0245b996f85e8337cfde37c9cdc18fb904d7e72dd0ab76e,0
ea5d1a47ad21a9135931114f6c2e5a16a94d510dfda19c4830fa559e91803b61,0
ad647ef4267d8c0faafa9f51398472cdac2f63ebff095a04b5083f92470e43fc,0
18701f61b21bdc6b939d8c7cfbfbaa1ba080f2b184c473d849291b0f02e5f9db,0
b926ee73599295aab9c322c0539eecd357ba26b52f99ab01d63c6e57df9edd99,0
a88d45bfd9443cc13a741152e8dfe21da9f23d77630ff5e3aeca8f7cb247e21e,0
8f01f82b18a662200526bca7668f138c0e083c6b10be6ec1d6f1c15748a737a9,0
408614b73ba2706fd604fd6ffb11bbfe0b37f8556f08fb5d1506d5c5f48eb4f1,0
67224f1b68be2e146836ed5772e3dc3d9c733488972cf7c00025cfdb92c2e63e,1
d94a50e312eb0466da3a9d2cab89a7069d3ccd44a904d2f6519896c074f722cf,1
8fde5ac29d5742fed691b5bfd928269e8e6ff5afb1f558cc2b4acb2ab0844fd3,0
2f6baef4a679774623598abc4cc2e8ea43404e5834d2773507585ba1cf6b6cdf,1
44279a37a805c5c109e123c3db6c498341ab780e4761519675aed19b22855a65,0
5515d2d2f2b5602c98b62350427b35ccce8ab2238b5ccf0ae889c2ff36ae8596,0
b2f0635c142ba841effb98c2b4246ae9901aa21f6b8ed078e991d1af4d4d74f4,0
a1e594335351ef97ce43e1fabdf56367ca43ce2ea27e302eada2b9e874855e4f,1
5518d7466cc7c5254f89d8734b94dcc238cded14667842a82e3cc37f223d2d4d,1
9c294ff7bed99365bbee698da5719441175199203f2d04bd3bce7351a4829eca,1
ea8d4cf7d807370d35e10a59638a967a2f1509ed8c0d534085bfe308f2cf21ba,0
80979f059f660650b7959f8e5150e7cbaf63c645c3f08dd9cc03fa537f2541a0,1
64bd789a01aedcda31111c38e5c4c5886d1b9923694e4aec455639dc52e60b3a,0
9721cb98fe449b6778c928327edaa30c2d93b4774734da094971301ed4e179ec,0
f658f50d0c6c48b037d72769f0768ee9df6f0a3fe2eb91704ba29acabeb0fada,0
666142d9a66d02d64583206074f1215e421bfd44f0b80d759f8297d73c7a0f17,0
1d3b0ab33d1a195bf9837c754b700034416478910b6319e3306e06f88d3af70e,0
ee2e8764ef9e7eedea447fd1724fabb3a3efced1922bc6337cdd5fdd22c5d00c,0
592fd5abb2db86ac35a900570355183c1b01f03a1d804fd848cbbf7ff4c9d9fc,1
5affa419116035f31be5a3d7468f9c7ef1b463215406e193b5331dfa3c116aa6,0
f5e1425c4ba5e77e729e2e39a6837c7bd95a960f7c00b2044f11b6f3f364df9f,1
0d0122d03c607e9920615ef7694eda8254b6f3655841b3cb13ee6e52726da062,0
1d6a53f5fba3741e1983e8c1e0fc4f719bfaca656a1e0447d8a0ecd944c23039,0
360807bda377d6e3574ff2442a59822d1da4166778060ba1d26b37ef109046aa,0
c8b8b813070326fefe52d57d749c88501a4254e1ce2533df21b7472ca00c2153,0
f75be8909a54032c7b7216cb38348163084ed4e7883c7db41b524b2349ba2a81,1
e1c6b0ec89223d0bd2e5c1beb500abcd5f008686e1a989d7c913e85e1f93747e,0
81c1f3dcfbf1ec2a70ccc3833c8c3f57a7945f143eafbee896c0578532ce7fec,0
a1559c12a4381e733564a14df84a928d8ae68269f39f106e421e318adfc0829d,0
782c355365b7c0ee6cb5fffd8b7764b938f96737159c3a7f95b621b4c05b6727,0
c5502cc3008e763fae42e38eb3990a8d7378bb82eec053fb5e1d564bef060755,0
f0c2f7f18ffe152c98557760fbe799450e468942ce555603f87a5558f32b7819,1
fb342b150c8b060c1d395f397b3aa03aa0bd6e96609a24e1f77bdcea5d809948,1
c3b64419551cc05ca3852dd9a425e3326c5a9be629d39ba47a6cf2bba9c1ef97,0
2c45903f9a464e9966ab309397ae8a257365a0777e203feb54af9f76993b5de1,0
e274d63db82bee126ad9ecbb67d3b6850cc36145b21f588c8d2b63829ed5ed45,1
74ba792f8b853c449e396f2976d1063cd15ba7bd1459ab1e031b73b625f02082,0
25d87f2d13fdb8c654cf3c0efb5b785a2285e9074e9f0dd0735a9352d72da130,0
f0cfa76c93debaa9ba4a16cfdd2c4f4467a82af90a66a2ba3da2ea4c76939190,0
f345144fa14ae8ab679f9348ef3c945eaf818d63fe6d016abac4708f5d99f960,0
c6ade79a503836472a66673c2abcc0c616754a0988c672a2dbe083b224e9932b,0
d78a84bfa5ab7b24943654e3845e987da2ba1ab1e6ea04c9dccfef03820c322e,0
59116a7dc47a883f87dc0be62fb8c4ba88c30b8f1f2513955aa9f1103802eaa9,0
06157ea806f6e20b4179f01df5108e98503d55fe72a7ee465b554c8851ab6f00,1
6a822fc937b3e575ba0b07326d79b83eefc35f7295a5816b9a4c638bd7ba5937,0
71501f173e5612fb93e997a994ed43fd0cc9d88bcaff796397a1e9fa063fdc3b,1
18b2f501e5353c8473561da064078620aed717e6e13743eee0a852843ec187b8,0
61df708d626ec6035354fd1f639a0400a8797ac2c3dd051d795436518f8aeb9a,0
f59bd867b9b4032aa73eafa527588d08631177a685e447b69d5af058d936000a,0
df104db8b0401fe8547075ddfef442191331d1fdfa2d6527ca44b464bbcb8fae,0
6df0a8c8baa1069884cd4746c5d3505732aed2d3073c3655115114292abd367f,0
eb17a06898fc91af1959af38083640d2a255260967ddda851a9a47632cff18eb,0
a4584aa98a095156119e37a2a721ac61c85309a0fc5b79e2ffde089c6fa481f8,1
5624cdb09d8442cc7c2bac0163b880bbac6be46195f1b7d8011bc92afd048db0,0
193412a7b3515ac52a8afe891e8b5b3aa81f3f4927263ddd77c00e02a22f6199,0
67c14201d226a71c14ca3bc94ec5fad443a7811c013da404abd62b06529bc5be,0
926f3b02c9b440d9c412282def44c5a949d897c07083fd962d09b5f7732ce11b,0
559aaa833b9782accfadd4cccaeebf007fa895f84e1081f3a180f56141040948,1
34369b280a41705b0a0adec0d6ada44cd1cb12e2a0fcab9ccf8e23e98c279777,1
180afe39ba32922d85c0fde687ed7eea2f2d0e85a291d7d1708265b74c6b87d0,0
5041fa801bf624b83ab1d5fbe7ff0d73f6fc3ada38c866099598405d38f43fbe,0
7eb0bdc948e6c035116e362fb2e5d6bb0f4521853da536083a9a9c5357a3e4b3,0
e3db69f3f7898067794686bd26f46dac01ab0ca47b3abeba6a026f186e24a21c,1
44f0b85b4d6dcbd75544b9acc189b6e8b62d3adf1c15427e1d0d4af7576d14ad,0
8a3c80583dc703be1adcec3655b607ebfbbece069c284dfe2811b9d15c00de77,0
7e49f80e0f528473fc479e70aacd408a4f900060bc7f99011d0871c448300cba,0
45933b7b20a5a2d24f95b48653f5ac3b0a6f23c284a4008804ba091424dcb17e,0
34ce78f6df9f111f4a33f823bc2456ff83871bfb3ba868e07e89fc5da40aeb6d,0
1581c8a1c3f95f792f9c93f14d6accfeda80ea3cc5fe8a3efd11629246ba97e4,0
4da9a92a55bcd18056ba21f0dd874f9eea6ecf8bf767b9c0374b7eeeaf650805,1
fc64acc6283f864878ba44b452f462dd9f65d68a7b2189cb85dad5016e733447,1
ac9a8ad1b08aff662b0b64dec21710fb8b2598db1cc383dc5c04d6eafd769dbd,0
38058c18f8ed2317e879654fc162d720c53d25a943cb29168effd9da497e5c83,1
d09ebfb305b3220e266fc3adbf1ad0e09f1462ae25facbed811a1154fff6efb8,0
9d5e8f3ac75a83ee6059f9e91eff0e4745f928644cc45bf73c835217d0e28826,0
a2d564090e4a1cfbccd6b6c9deba6cf9cc13b70c0549af878f62aad1406e853f,0
0548c82bb62fedc2bd3cf92d9ceba29f7b1a2d2817bf93461594ba3c284f308d,0
697f63cfd16cc50d9b5ab1198aeb34125f50b04404214e6ef8e0a7e56facfb9c,0
57c18ba24a73b0e84c7f79b9dd96b4980c6c1a757f7e39625423615b86a10c0b,0
80006a65c13710e4df9ec2776f0fc96a476da7b439f7216bb239350e3aba34bd,0
bffbda3d029e9ee404fc1d3d486241cc71abc0d3d1532edc2752a65e3178aa55,0
ff5bb53b195c156459fa7ce9d6ee6ed57bf3ea1f9097f091c21a1ee20ec585c5,0
d2de691cb67f4bda9649010dca403008e9b882e6b682ff256fc57a5327eea45c,0
f65cf54730a3d14f76b01113dc98d56615fc23a25f134453c2265890e7f05fd2,0
bfb71ef8c58d365c183c5d636c7c3fa7ed7c4672d19519ae5d3fc2d3d149be84,0
bcf3af6ab28692cfca085e7c8aeefc8c253a02917f94feb004aa1f86162f9909,0
95db050995059a18ba37d18bddf3f32a0710bbc182603a539b8a8bef8ae9e733,0
0a0d5928b885ba69957e80b85778f9dbd5d8e2ee60f51ce284d1805e3194f836,0
9427cdff696687ce22fa512b1dd119d0fdbe754fb4187ff1db608f55164c67c9,1
69ce658997bc40705c7cae10454ee4a2c73d3a5044aee442821311ca9ebc1e00,0
7b28ac8623146d8f736d9bec85e98a462d45daeee4c0cbd1c1afae0df3a99c98,0
2ccf28224e2fe36351e18a9aba3a934a75a5d14862b15f54d2a1a3d5fc0fa456,0
8d3b581f01f1e26352858c6315bc3fc524f390a351d740a9edde12076557df3d,0
861b8746f83dfd6aa4a9608c3d87100e79fc4489a6439940c20fb9835a9d502a,0
96c829ae20df0859b49093fb9f70582aa20114cc2cd5e0d582890cb0333f68d8,0
e1998f768c47f88a6810811b59ad3bd6510affc2a87b446a3f4577ee42fb45c3,0
ae78e65f4cdaf2e51d1c89701f58c1bf385253902e5f99c76ff58bb890e74830,1
aea3fc5e5f60d21a80eb92ea5e99ba573433931a67993ef4247d6103757e4bb3,1
45193f67e375baf1294ac4de5da4f9f199368d884c2b38bd78847d6dc054515e,1
e866e8455cd3e5ef0072107228fad0949adf8ad33e2fc4d99d61552c83e6688c,1
9c615c49dd99c4b2a49e2fcacc689fb4045e4289978123b4e18f2605c0b93a83,1
82a477eff679bcaf277c4779df486697de2076e8e2ebee949232885c3189c31d,1
cc18fc163c8fda542f75dc66736c77ac6312223f8882abd4911fa8071773fa9f,1
a8e2f86007787c88b87df66a2a2bb0018817f2404c772d0be0b0b7613e511f60,1
06123fe404e9798edc4f3464796fd3361a873e1bdd921852d5f9620d891c3210,1
986e4f7a4ec4d649b7ae48ec5d3e02c8ffee1ed7c24137cbfb738d1923c79dcf,1
093b02cb4e1fadc10b37393420aee7b62b2f88184ccff65ca5c10571735215a4,0
9d38fa1641254972d1465af848484a31e5d3976e5e07d26997179ef91a533282,0
ca5d2a9c4dc9a4068ea2998de98ef6e42df11fde52bc4e4f18abaae99e116091,0
62b6fb07feb3ae646ca43c93cbf4af7055080b330c1a9000681d224335e36586,0
952fb43f568db6e1f82a2c9733aa70f6c14a96e73c552e012eaef4b1c96ee131,0
b3f949a70a70b98d6393e138c56ea10363c3cf749cb620e84177e54f3d5f39a3,1
b55fc6e47dd9b1a92bcf4247b5b9ccef35d26dacf0beee087a7e2c6714108a03,0
c9d66fc4347be59f305ed6baf79e7ebd96086bfb63f34baf6fe6638b66b4e35e,0
b429237dd9072f661ed70b41b5f852ee3562c8323f50aac75f39c776e8292e5f,0
3327ba78145374abf3c4ce0ce07705c7e1dfebbebca8b50e365f6ee8f788dcac,0
7d326abc9f5a43c3fa7e9211b00e6a3b084b1694cbc8c9471fda7ba5fb68dac2,1
2f882ce6678bbc3f003575520d044dcd425f77cd35e7d49b250859dadaf74e56,0
eaf1da87121bfbbe994baf45ae053a6fd9d0395fcd156a6139e5402ab4098f80,0
b83ef2281daf01e60336a51dfa4f788acdb5ddb409cc435a5667f257d19d17eb,0
15d87057e1a315734d5162bcabbead9ecd4284256b80122bac36b48d38366952,0
9f7e7c3fbc678105341e18d025d5396652c5821ab167bfd993fcc14f9443ad74,1
a1f463894b86af005a0b2fa8c4f15461d4983dddd173599c9410825abe7d7c0a,1
20102e83d147b57cdafda72d784c44619d582c5ebbcd8fd1c8efef97cc70098e,0
897c614d4ad57bdd2ceb3ad13341e8298a4d43633c3e31cc4b65a42f17f01df1,0
5089aef8d3807ba4f642e188065fb0a733361ac06dcf47b0f10e27d68191d1bf,0
3c2d2e1c52ea9b766d4d7c56d6f0be40fa791c3e35741136afe6cfbcffd74b07,0
b6d953148f159c519b561c784d4b78ab71f0e4431db1b0699791a12c50791c83,0
872756dfed9351a192c5beb84c109babe569385123d52b27f814180eda67f815,0
ed762461bb9cd66db93625269fcd58683eb37c22459fce497e54fa70b8b07321,0
0edb2b5b14306e0222341b05cce510e2103b963105ef8e67d338bbcac6d75d7c,0
a8962e957a87bf18db1f5f6ac56444eb723af78716130670af4c3bbd13ee9e1b,0
f4a4ef737ca6ab800a51a71b15a8af245159e163e2b23634a89a2fd60d9594b0,0
2581f14d0b7a35041e26de3b0061f48dce70eb45c64a78745067425bd0eb6775,0
21e4172d04b76f949df497fc714ab9b77b9a0ae364978050cb909dc0dcc2cc98,0
54e3dfa88117f4eddc1aaa8c0f943b7524b40835a4c31a9abce344ad090dd193,0
7fdb6ab7812830244626f40cb4263b7b633925b223617d4241e62d902bcdc2fa,0
c0e2d77ad725fad3d014faefff086eebccae6e6c3588151e83be7cd7a2c95971,1
9f9924c5ba82633aab7c0ea5987984098ab897a680c1fb158902fa225ca11971,1
e79e7dccffc892978b1f70627ff182af021690484c7de672220c608633f96853,0
4e36f6c5f0d4e2d037655ccd3cf32942e5b1514ef985c954cdbdeb584f037f46,0
e283c4eb8a8829752f3bfaaf03d34e7bcc09f0db14130a0a433d3dff38d986bb,0
35541249f939548660ab37eb00db694653778b06bc95d162e524eec5ed81db48,0
f27f33f8444aab535689d4cbdf24ac5d89fe064610ba992b4c97ea359b03f106,0
95b3cc7a5b23173286e07b9aa7bd6c833d97e2e6c818540021a1d618f26fd6f4,0
8265a1c50695695c39cf163163e763986ad80978a86cc679a0805f27cf5d1990,0
3c67ab765b0e1a6b47a4daeb214b3eb1ceff4830c0db0d473ed1ff504cdcc20c,0
91dc97fd5c2394761172ec68eaeca3b1cd855e14abb83378d4106937ecddc793,1
b4ad60d718a53d212a10df1837cb36b139d82d88bed3eb9060106ef5dd57cf00,0
395844b768b7be3fe2fa7eda5fa96f24ac8a00e719dc72d08644df6c6aeb7e33,0
7c767e3d96457b76cf0c4f9890f75b55da933394e7317be8c45868ab7bcf7cc1,0
cb94d7a905502e156c97ff3ae751e8c321c00aa6024c104757a9ec9b2d855dd7,0
ef3bdd24a889125d40afeb45820727cac0d0ce50e04d71e4ed7c9eb0236f1681,0
64b9153ce249dcc6d467ccbd0bf8af93c6ab687af38c6bd067fae23b68e63a5e,1
7648bae144260e08d96375359f082f1eed8d63e7aaae1fa9e74b8c2b3bf747c9,1
5b0f01a378df42eeac6d19291038ea9f7da1bee913ca11e1d291f056ac1e3c19,1
e2a84b5b94d8e37184c77cc013f606c262fa179a6d743dab7661528e2351a9f5,1
1a845ddd9457453442b55c8a99de640cd8cda5459ff4f7069f84ff47065f6460,0
6df2c02c65e64e39e12f3edb4f8ce0acf0277e2bc8bba069eb0cec50b1f90f1c,0
654c3f1d25e383dcca1911013a5379563ea10d49d79c65839351fcf4012f9f0b,0
218d05d74c550563d4427696c747a1751c95eac8ccd05e0802dfd07c10f0a4fb,1
e14953f12f7aff97878e3b3d4b76d4d25c3c65344b172116daa0085fefa07024,1
f00e574e7552cdfa59b630012c4bd6ce6feb2e24459c31657be48a468319e325,0
1dde30fc7061b3590907a230244291829f0302a2bfe75ddd9c7f578c5af4a5ad,0
fb82fe7f311bde81bd6217d7801e5c44f53945d20688f5c1f03b615bdb2f42f4,0
eebff3a9e8f728845c37f14b38ed391587fb6c811cf235947d2a920053620667,1
dc07f48b9c079a75d17f62aaede6cc0414f874d2b90bc2066d842e7124df8582,0
60ce60236eb35dd2fab461668740516df102aad9fb5be45c4bc1b92c27341e31,0
ccb74ded7faf22516e481a2bc2535d984ab96259005e1e58e6e6e30d08a0cd12,0
1100a228452dcc147a7ea18035044eb84af1290da181c78accabd87b87ccf5bd,0
3df514747ea2d3d9d197622a5b43787c0544873de1bdff05ad8e94a798e1d9b2,0
a8878a3825fe542921bd5a6f350ae337a71d4a6bc1c37c0ec913b93a5a5a04db,0
eaf61fca2bbcacef7f47661324d994be4be4e9f2fcb6d86d4a0772bde541d061,0
e4e4be809168a68180258be0c40145282bf7c207460acf5e4cde8d820a7120e3,1
cf39d1e9bd1353ce0a148fae39ed1320368ab2abd8782fecd6f878df976df8f4,0
5fdb4fbcbcf8ff8eb21618c7956108118c44f86bb53a7170fa424c2b51cbfeba,0
c844b356d6fb45d812bb3ac6e4b9c310e78aa85bf1f9cbd11edcf48c3aedb38f,0
db6c742b81d0ffc717f3e829d6b2878960df2c465629588774a367a3012c7a97,0
0c70b66ec31f6e32ac23e4e27472832194ca224d2b53dcfbe8bf640b5b7f304a,1
dd4dcab9d95e263125da293f20bc58ce52974eb9e3b0ab43be44ca2abd0b27ce,0
e4022d5bc273221f7cb29b069be6af31ba644a51fc1f0af11fc321017ec5fbc0,1
ace299fe910d3343f159057a21565429a694d184302dafa131093b65c6f4a6e9,0
2a979321334a664e655af0a6eb01cdeab3751f310d9064bab12d023b3efaf650,0
a41323fad09893c5ba8d760834b9ef6f41ad2f2e37b5a0a1f269b13818529bc4,1
b042deac5af0782ab43c46c9d6cbb781ae1beb76290fd2ec086edd8999ebfa13,1
972666a6332df13c41bee5273303cfc15f2da606031528d0a4491179a446b10b,0
6bc5c64789917b16e96191983b814b2e5480f4abeb1bd94dd3c0a6f034bfc367,0
4006e62d27cc3caa52a7e6661421a35828e527a5bf426424d68de4b17925cda7,1
e37058a65519ec34d51c7ba351cd49624e460895e24030ebe483a04aebee0bfb,0
7a17d14076f88e7ed1ed3f2a56a16d089e0e9c8c27a307edeec368f2a79b0bde,0
34f9d9d7dd836b7f726d0b499b52e832df9790bb2734f4cc1fa3ae6a7c7638ec,0
08d8201f9b064e1366c0d5ee7c31436ce8e2b27952e92c054f758c1e5ef2776c,1
884a77964a89cf548dee8868330f3131db580aa5c119799fa49769f68b45bd08,1
3fc5318f9a078767bdcb81ad7f0dc1c5219abe75c38becc813304357e2160022,1
efee4984f222f096aef901beda0e500603dbb08cd7d501c55c227ef2dc1ea57b,0
f68ab62004400d7705396824f372b5212ad31b572e8cfb115231cb5a05b62170,0
14319db674b5b759d508a25584df5f27e79c78ee1930ff0c8b6ef71b77326fd4,0
1233ec1ea22762691cbc28665e6eb800dc74a0a0790943e51b37feec7475f9ef,0
a9eaf4d2101a9c28fdff75ea5793ea212cae92f28a216a9ab65a01d92ae18c37,0
263f8a0848ef46588940d40b2338a41b9606e1a4f8b69bfdd3a474672cff6b3c,1
68474833068131c052ab4c9c5ccb5b8f0c344158e7c9d804c4c3c98551e159d9,1
0fa40416ab7d9c837d649080776e5f1612403ddbd50b92b809eb5d6d2882b8e5,0
f2f8f42365c79edfc96b7eb8e893aa84dc5fbfd6be23d43bdc8e090b489093a0,0
37369d0b876557397ed74042b914a3f40c6ee2d4ae1b577aa94c8ce30c1a6683,0
13cbd08211343e544289b8cc8fe0c046bacb4c3fc045873ea77949b4e57b90ac,0
4afe145823f414a258a5882abe53c0454a55b7c3fdc55aa567c5f1d6d7ddc509,0
3041ea2bc1a71b7ddd4fad6acf77bb10d7c1c3ac37f91eb7e6fb24d462d67b1e,0
0a40d22084e0cb67b9c9c84edb3b66c92c0c60f66a4a99011f137d9dbac8ec60,0
4d7ab3a8f3bd552805e374198240f3018bca4e9259c8a9a859e400d41097fc02,0
b05964e56864af37d72cb1bc88db39161b4e7b9ff5203bdf2badb6e48e08040c,0
27fda4a10932dadb89a5501f083fe54ce76dfad137345096129d7820465997de,0
74596a775d89fc26b0c7d7c9461babd0db0523b8abaa402f105902669116b1c7,0
2f1c4287afd024ad19c8917343d71bc670980a4db7062593d85d121c6044a461,0
75832076c7cabede0d2b63643fba7b1d270ae608ec647170e5b49c021260ca58,0
76a7dd83e88ad48ffbe98fd8bdd9d136b8854baa43ba9505f8fd651c7e76ef1d,0
d60db4cec8cd7c6c7df97b12f0e1fc44b248323e6b79be8934a6e16759ce9814,0
171edd47d95ea8cccabdc2716bdd58da59667d185642ffd20de93bdb650b667f,0
bf45b02122973c5b1afdea1cc14ccee12524407536523d611cbba496a35a4b19,0
2a6e5a77615fa6ce7c2dadd244ca816b23c038c1453c523109a831eecb3ed4c2,1
ae690998c249ba99aa6758abb1cb43aafe82b8dac80969af71f0b09872bb7586,0
7ea16f01c5ff4217140705d8e2d4ccd44dec32661c87ff450ef2baab511cf47f,0
e00edcf0bd4707b4889b46b7d11b0e1d7108954d741849bdfb892fcf7fda0713,0
8337ef0d25feb198a1e0554517069323033ebc23bdd16e79e8bfe1e1a01282df,0
bae4837ccdd4c51ec576d322b95e63802b460c250663e672d2f8693aa863be54,0
84864922d757d32b033c14cb12308b3a997e652924427aa977b4480ca5e901d2,0
8f8c2ddeec827f222735f955fd6dd8e7816fba2e0def0ea89f54859431b936f9,0
f5f823dd4769b98a1d87a113d13159a2da8897232fdaa635c4c9f8ce7dc30ab9,1
408b25e6453d9bdfcfd7c860370ce971bc1b49da4622ed7cf3ca7a1001f8dc1f,1
fbd7d71da3cca2a0b98d5e5fa9c53550bca024e12fdae0afcaec005f038e5551,0
49ad2b0d8a709001e2485942947885d1b551337b3af724edeb97d5d927a57bce,0
76c2ad436be96ac4805a2ce6704306e3aa61cd6cd7155f05edfa2470542107ae,0
211a3ded9a6f09ce9f11ddc65269d69c4deb8042875fa3cae71dc28342bb2c0b,0
7291ba47f0062c4949f2c3bac2a7716e20bf17a5c62c3da3abbf6958118fff40,0
05db43adb72cd7c172a27b539f7774f627eb66101f0b8600a140e0c7f74e1328,0
dc37aecf23f4e6d1712bc4c7d899fd3ce3542137e1d5120906e079ba6b2c219e,0
1a13976e1317d43bd71950bfa46aa23621d955c156c04394d036e3dda38d3597,0
8a78252d8c4a3534e6b303a9cf623760738aa683860f18d9ba3dbd3c7035e175,0
831073c5a1d9f4c206bcdc0adb25d8134f729cae1fd45bc2d6062c7dabf5ecac,0
30f44b29c5c4f46a908ffc9c8b36453cdc070fe32fdba87579953816ec5c09f7,0
4abc191ab19190884b51edc492daf0173976ab16e24a0366a6f781e711adff54,0
c280d1b334c918e8d8b97ca4af14968003367033b3c5d34de7d7fc04431a71b3,0
0cd7f52e262dcf8536fd54eec302d2e0297d2951e7a35f61ae5895aa59e0dd55,0
2a537a52a6f9eb004f9771a95ea09555f6d5ec618cf1eb455a90474221a3c2b8,0
d7a0693c279b39dccaa649b02846009b7e65dc7fac919b58a4692206c0e89270,0
5872c7559ef7ad844ada3214314f1cdd71adfc7d66272e885424cd7e7f4335ef,0
702bde31ccff75fc287f5f15989367d252bd37a4d8b636890da0f102a8dfb0da,1
eebce3b1b2a85ec2acb1598d8c493d99d978e7fc062f4c4c3850e1c7d6d832f0,0
5629241f605f1afb4e3c45054a178fde36301e407013678d2ebd9c8eebbb980e,0
b0d90cbf49ebe85c73a6727bee3991cdd6ccf8bfbe8a76e6e08444976679b150,0
af05e50f69c1d99a6491276f6a624592ffcad0a4290f4b040dfe2c29987012c8,0
d8ae2877fe987ea82ae105f0345685a19c1767fd0caba86ba9985d745c1a9463,0
6af9c984c580c74455463b0254e6b893cd156156c978ddee9cc3cc91315fd6b6,0
8720b3e938a6ae2f979c3daceb3d1de25fe782679a971a3adb2fedc42ba4cc13,1
5661d6fd4cbb4375d15ecc328f79caf39053d59449be483fffae1175f1cd01a9,1
044492573f47a3205eef567ccdeebc372c21b3af9a4c8bf01bd924ce928825aa,0
69ff57258cd3b6e3e1883c6ec713cdc7d0e6017b51710706cc42ce727c772808,0
0a421979c073ef01c7ecb192ac84f003c4e656d62b4f0109312239ecd401bf2c,0
d76739c1395bedf3975bbd0ba9bb3ffbd62bc15dd9d126fc75ea14164f9989f9,0
1e7cab5b07d5ae50c073ba9d43c73d3e669ebebd110bc2acaa14a4ee8d08987c,1
47db1ab260e897bdeaa972c541ac5177217464626769470a70e4d8ceb2ad9d0c,0
2c8d170f9340b4c4629fc94b17004167cd4aa8932026fe79056a75522841bc93,0
52ff6593b4f331087a9e30b08b43424e9a1f23ea57190a8f0d838dac09a7dcd8,0
4fa6a080c48ba96b211242775970e37979746aabb57945d19b4d0f13d1a8c0a1,0
c4cdc5c0c95012ce0f2781bf74f0f29c2b8564ec1e378332a5a5a78cf0cbde43,1
55fea599ad5bf616f9c2ea938683367a2d21cd6be7a28d22a6c5c05b0bb933e0,1
247ac5c262cae5f02f667b5f6391aeb7d70254928e07ccf21768e30a3ab22273,1
cb9d3ac988d3b3314a9c9d041234acd82b29f4df2b4f87b92f4cdf5e52b30aa7,1
984736ad01cc10d0c1dda68c24b998e84f72aff7e95f7b73879c44d13cef5453,1
fca628b96fe7efc19a6cf29d71708519e825d7809b32c543aec3b5d85d1ab947,1
d7545de65371cd435bd93d3b3bfe4c5988c89210d2efb6891478c6df5cc8d94f,0
d8cf977b9ba4f094479e22981cc47b37bbcb225dd4d9821ca5be48100bd53e4d,1
5a413ae09817e4069d2b14dfe932c0828a860cd1e5baa8f74949076b02047471,1
ba1331211f9d185c0a63676616da8aa10c64f5aa755f9e91f91a50c0c1d18fea,1
896f1ebbfd626f727c81e3699612bbe8c44e266b5ad6707b41a8fca2b3dd9118,1
06e56644dfa9d1258739eb7f2a1f3bbda4dd76d5ac2918ee2f6da3511a26b7b8,1
41e33d8755aeb2bdbad946321039406982ffc448146928767343b8388dc7f756,0
a1cff6fea854e973031dca9584e513d8b062ef4038ee9c9774a98a0b7d975a8a,0
873a3f2a90d59ce0dd722e1af684939abf11e3e1d58ba0967d1fb7930f813079,0
ce7abfb9cd451dd062871edde2313137878ec13b71dca17ff78eb9ea7a576d5a,0
2c2f293b583ba019fe360f9e14a8a056882ba8f83f3f90b0e115e3cdf722a432,0
349072ce1a6ce4c5cfe229f2764f51b06f77f2f9a5b1d8a1446bb41567b57c85,0
0d45ffed610b0c46d57a78b0fd06ca9a4115b2510bf851eaea950ff7532dc53f,1
b609f44285e4a4de571a996b4544325446b2d8682a3ebc04c371cb4b4d2b2333,1
5044b5444d3f21d07f5f2fa6704adea0c8019505d02252aca128f33dee540edf,1
da4c0a97584f9e936cb90af1f781c6b3189c63c1755454f936548a1d8d6dde3d,0
3a53e40b03b9d6f6f16bd77854c761e90fccdcbc442376044c1445b95326fc54,1
c64e269334cf494e08a452cd6e990f02f029971e52a426f13991d749a1d54adc,0
fd24c49e09dad23c8382f672cf046138ac2fcfcb073feb394ce11680256126f8,0
f3e0786c47faa81c3710dbeb863c16f1c89c0442adecdd9a6534266569266a12,0
52be2fcd4dd82965c401a54795cfc069d7467af605736ec063391b5148a7cd52,1
d22dbbf685f7893f914e68366aebfb04b567b462cbd994b3698c2d864834de25,0
c9b8769f4a58a8518c76bd9dbdd1241d1620ebbb3ed9ef5db0f31568c239a09f,0
57f746f02d21136e42afcb650a320293dd8cfcecdd6998074366a1febef1761f,0
b1080a4e9d6a6c68d0acae4fc8dd9953e50b7f1dc482b51ecbffb80fb38afb92,0
9cc4d1e4a0c06ac30fc8cce5c4854dee0fe8ec3596de3ff02addfc6624070b62,0
bd85fb899a82260806558328abfca886e5476dfdff9b9a6e7bbb5a3ac296ee4b,1
97be504f47da9240631a54985256765765210faaa353df61d9235b487cbc26b7,1
aa4c1e0101eb65f391cc4d6aecfd39f0a76f3c5edf8c9bc5449e8b3b21e9a624,1
5799a97682f4f214c0a5f6827e7e9013e989947f65f9c19cc2d7ad6bcc19ca0f,0
5a479e9278d5012f83feaa8a26f153997b8390780999cbcf5f4a4db3f4384ed0,0
86f814f02cad966fe339a69e2fb86fda3b992bdafa93be4b8f2e45e77a8470ee,1
4f3f84a67956b26476587f6f20f85a698d0d6f2cf43608e6859ee9e60a7e7a06,1
e8b2a63af8b664dd964651a5bf4af146696aefb948db2f2b58c8b93400de2189,1
537c70d0237dab1accc0d1762666926509ca31d404cb4ebc81d749207085f5c2,1
904d698b45bc0b6e4f88f785c29579ec30e545063e86e2e7704960f24bdfdabb,0
d6836b788ba753960795dc6baad4ad60119b2589d70a99a50dcb078f32f653e5,0
b563fa28e28b3d4bd61af0ca64ce1dc1fb820f6332328b6bcb5798e296de6393,0
631bd056b4a021c5aa5cf22c1c2b036e07b8bc69a5b5a3dff8ffbd1643b4b6a7,1
746b1654ab248dcb84f28881af6610ac9770c70216d17709e23419fa2fd41a2c,0
c57d4499cdac6c3107b971b768e26c8b11cf988ec5c64ca485a96f7e7aa05fa7,0
f9dc29be5185a445d760ef2647d034ba02befdaf2a89e7856d463148f70a00c0,1
b27086045839c15f3256af280515d755e666836bd754bbb80654cf27222f207b,0
e674129ea03bea5f4762499bf8ddf73264643d5c4b7a891f18aea062cadc07b0,1
c92515032e6852f76e97efd40e4cfa087966ed774f9d072f5b15f2e6e0ef2fc6,0
e82f4e97dfb32ae63dfa3023e7df74b42661cdd30d8d36fb5d3281593e570872,0
3f3ceb556aac772af7d6e883d36bab31bf4b49d67a58e4adadf95549f37b352e,0
e881541a6f2d444ecbf8ea32d5b8833023638977fe470deeeb937b9e8b246070,0
c772b8e7d3c959fe83439d2591a1c669d6f18d1e460885cda6b7c7145ddb104b,0
d9b2612b6247d521e85044575f133d3c5deb0b9d0dd53e500bda3b0f2cacd9db,0
9c89e2df8d2ac679fcf4a4be6e5715b3384d259842b83b2566451a3f1b1058ed,0
9bce832fbee5d643c97068af59c88f5958c96955e48467acdc313b7bf7bd32ed,0
bccc885b8c8388f4ba03727a3f42a58395e6171ea59900fc81f15acc85558a06,1
2417bf9ad77016fdf36a0869c70efb9156c64f3a02dd13200516a1e6cac03b00,1
e949f17fa03db018f747752ece1f2a41b37c5c034e090b4355b5e8ac0b6145a2,1
5ee006c6c66890618f36dd3a5e48087f1ee1054ca74df2736512c01a7a27393d,0
0ceb7b8020d420ec6b7218b88c90cd39b32bfcb50e3515972666e4b5e0c9ddb2,0
e15eea1e85b21d72e6467e8227aa77be0b82197f67967cb5fbbb0e4779e18924,0
51bd546b935d0d8d0d27a9458aae3213e64b5d86fd6575bba519899edfd3eb42,1
a39039cae0a856f15c5f01a209641f01c092cbb8e353fae4ffd3599d501257ec,1
968c310b12f639aa65ef37a1dcce68e0723ace2afddef0aabf35b59edbae1ab8,0
7b1fa707b583eef0df8b60d5f3aad061f09f4ba486ac82744cb325251c2b624d,0
6103f80475c6a33dabceef77712b27d32694cfd5b674c8f3c47803d60f1b096a,0
95818e5043e30f78337b377657d8de949c76ce6a65bbf993202caa9d9c5e9b83,0
83d7f63c681aa02ef80e71db61cec0fc2e6c86c3746b1231974cc03257ba4728,0
96380433febc60d4b258fa2b76657a743340e6647494f70ca3a522a8963557a7,0
6be22abd934681118c24475a5184f186207e4fa965b8ba6b703b799c5dcccdd1,0
87c7f1857a1833a3ca194380c0d8a64ccf1bccb8552a06b357fe1099789bc544,1
8658492cae917896fddc5c1bb3b3bff863fef337a0361a6193dd578a26d5696d,0
1c946a72715b15211b2dd0c6e61b27ea584e56163e447ca1f1ba9e162a930696,1
10dcdf7febebf5a99b6742ddf1833b4c350c50b0c1b04c3de45441dfe28def29,1
2704c6da5b25ea4c2bc952a126592ce98d500193a646a85aea8c1550084d2471,0
a76cfab02b33e8d6038a8a217545415cf9b6ebd618a4ae1ed7c40685a72fc367,0
3259528fd55ed9c67c528d25d812db785fcb173f584251ec3a135bac509b151c,0
3bd35cd693646a575a5d66dfc1eacb9acbe7e69e0b79e35d16aea3703ad5c07d,0
0f55e0bf11ad1fbabf1af68696e287971a51010c55dc9d490f16f65fa1c7ff10,0
5c2151fc8030c89fa85bc49bf4d5bba299e8c10d04fcb9a4461aede7b59b020f,0
d40d924afdaa35340c7f0683536bb63b3746f29a721de02981978e03ac8fd18f,0
ac4b02c90042c5bc0f4f369fb5d000a28e02a7d3b81fb17f63fca1497a1ec780,0
488057482d5c88b59eec514840aef1b7da84ffd353e1da116b28f4a4cb9603a5,1
efafcb68e20e28232066b4d437ebe2fd6f95c04c5711d408062ba19236f00608,0
f65af58e7efcd60e9efa906945f7db19f118cea7490e95e3f79a4b75f8df990a,0
97de20bd90d3525995ceb284fc9d484edaf62f05c2c3c2067451106b9fb49985,0
94e5295fe684ea4aab4e3611391388ca3edaf44048fef469c25eae89a00d156c,0
3bc4b6ec20839c3d84b2b88a83b2dee904bf57c757c6a8496bcce20d13993be2,0
5c92399d48a8515895b98c036ceb9b0d198d2fd20bf1d00089f2127b8b902a5d,0
efc15ba1879f75da4fbb0c7c6690292177ab4ab9571b871918a52a389dbc4a77,0
a5c7e198ebbe95f44dc5950694c9ec17bfacdeac3c000901d49a8f72820be747,0
bd2792dfa2bf0ca7ddf0b13f211da38802fac939f0d77b0316d28f6d3758e5bc,0
1c111cdaa9ea69f1a25d231bff161c75a9fe2a3ce250a71be76847fcd90d0dbc,1
268361d9d38529c2610d4230a2bff586010710dd86356fdb86f4977d57d38d46,0
69f04647e49ad40bbf05bac99cada092fbf182cb3b51e5da31be1bc99f46f25d,0
4706dd0e921b653d7c12ea32c6773df99bb06f1813b8428dcba3bc5b198ae47c,0
70b9e1675ad8adcdeb43dcc5ca216236458d6ef7b9a2cbe65cd2519f6ac50fd4,0
83aabdb02cb198177a77130710c2e60a0f370e8a467132ec7534fc9e5902a6b0,1
4bc04be3402cf2d2491a907082221f7126fb5734e650fcb64a7018cebc383d54,0
f06732fe5d8b7485a3c73ac1213a47f8b2d4920b8449db4be1e0098bb3c34320,1
3becff836548d6e6c85459c37e0c75638063fb0c0982077803e0ee60ccf23d52,0
ca706525caa68d1aea576128421335681bfa7e353a1a0fbd46744dfefa6c8882,0
00ff8d397c0e2a78421e96b431b8e7e4cb54062aaff5b45450a90ded928dbee1,0
28fd893de55d1dd8e0909d977a75496c3e93a2ef9111938ca090a1c12f7d9db3,0
eedbdc963ce1b0726893044d3cf259de1d2a5874799ea62cefd59c051ea4b9c7,0
55c2d6f0e2ccf659eee33240d8e0bd5b246fecbbb08be8488a383ff07a64e84f,0
7871794c740982167fb91a125f6a865217f85c41199596915b1bdbc231a718d4,0
103f7f3220b8c7011e8db97e52a9324ecf021b4224e97b5cb1b106763331f436,0
50ac790afc5da8bf3fccb458dd3ce0fb76f1ea87760925aa71b845c72270d16d,1
2bf13363e0c5b8a7b83acdb820ddfa7b12e569e1847ac14935f9e5ba02d0049f,0
99db7ea7f4ec08f5558785cd677ec966133f7824ba336515690a2018cb01af33,1
6a529f4fa200689b05745e465e328c28160b1df95a4c0edf976bfa944591ff23,0
19b9323be498c6f32ada299cf1f51c41cf4c6a4dbd4d57102dc90a476016897d,0
f202716806405384e0cdfdf707ee9b2ff602881ff5729a670575334e5f2c94aa,0
3f3de82a311b757e014ff85e8a8b986092ebf7339532a58f000912761f59e056,0
44beb54a8f54534d0316dd66c98484e54689ad4bec76c38b21a6653298890a69,0
f776b36218c2eed360929d00587d4fe4401065b8c96e1b72fc4acdddbed47213,1
baa9c25f966b7dc6d2f5c2dc200174aa6a898cbe7e2ff8d3b3c5f5109a295a5a,0
bcd78731189158ba8960a03f36573e5a38dcb94d18389577bd8a23d66623a90c,0
308c937d6b74922cc57cf743696cc14441ea694f3313b1d18f56860e0871e599,1
2a1f0cb1d1ec3f821bbb166ddd476274b6be937a1ef220d1dcb4221fec52b9bb,1
380e78a0a907dac12ad0ce4f8bffad25ceb107b9bf0747db59b1323bb2b4a820,1
91280ec9787ab9943333ee9ec9a11c5d19f5963d090610e198be93b0ed2bd089,0
ac5d8a1a547b69a4e529ebfcca7e3657c45e67a0b1d334f0c28d1421ff8ad97c,0
5c0f6e0780b70f4822083c6a461f269f79312c19ed5bc1bd4f565f36e68b1867,1
d5543e95e95af78085a68dc66cad172c9b2e8af403f4799cbee5444a125ee449,0
d889b120edb571f189ba4d1daddbfbe830a2d0324e23c9b822da6f834deb6824,0
2ff2a70de0464d1fe7f96b9c1a4eb0f832756ab2ddfdfeb842f342a8765e3bb2,0
49dd8668385f1f5ef7bc96b8219ab3dd5b51376c9b3857ff679ceff746d73329,0
f4bad41fe93e8f5bf11b16d51633c511032c3c1b2ac40c38fc0b0290314b4260,1
c56ab5fdb6db7878713d22b2a80692a0d557fef995f0e4635262ddcf45a3e871,1
2e6dc5b23cd3cf0a4a06f328186770707daff76c31f5def93cf9b4c2849d99d5,0
d687a0d9cc12c1b770cc09699c2bc59486edc33d888a2628c9927fb566cb3e60,1
2e145d5349ca2a95c821eee8a28a61ea78f826338e56bd41dc6d2f17a205870f,0
00b08c9f3d5bbfe3a957e6f51f9a149d182143ec555e025de0c836b1e46ba8b7,0
0bcb299475ecf62aa845671507e1a480d6a8f62eaf475d07124ed23bcfa91089,0
4237ec0f7e4a427eeac3dad1ca86aeba253e851e6cd5ca2da219e4f4425fbb08,0
479f01001b7e8882f5622af8e09fbd9e97139fd8cd9aac0051a2e7bdee5ed524,1
8830428d2ea523ce8b190bf001cdd9abe289855a4d85a3351502d0f911e050ca,0
fb245fe6ce6393759da2a52f77a519d53614551466be83d89fc9c15e86ead58b,0
51801fd1fc539efa12ef63c0db1f9503d0857923db911cc50f182e3dad595f39,0
a24638194644fed7182dfb05924ddc7132042e470f1e2f7efe9294082724a8ff,0
67f7724155d459efdc327077e47d66ce73facdbbcc2e3ee858782ceb9e49e5af,0
adb2bd3e7c39437f5124cc134603174b824a5f413adcfb450057c87cbd06750f,0
257936748ffa26f92ae234a93640a0a35df4e74dda71fec98b4843d17993d8aa,0
4bbde52550cc930fb3c44a94c181556560df6bb84ae5931fc94ea44dbec2deb7,0
c0f98fe9217915ab0451b027ca032f2b4f10dc2667c87a983da8348023296432,0
97bf05fe3b0e453d84fd53f12828afef483e11c095ce28701e8710b743d50e54,0
16a47060b111a7acb463c7dd8bb6e09cddc34cf1b3b70265f344ba9dfdc4d2fa,0
4ec2064eab96b1738fb2171df0f91036130eabf8da785dc16e29056e7bf63549,1
a6e7a8ee9b72a40a9500e9e96b497ae3363444998ed78ef04dcce243d3e72a2e,1
602520372176a70ceddb9719ae16dfaf80768751e15bce88fecc49030ec479f0,0
895189ba8a3e705c1d33781182f9ea2256abc962ca129455280206f854def5cf,0
da462754cae83711cac703bd9a3c63e64f7aac45b48f7a03a01379eeb8c9de08,1
dc8ad316383a8c48162b1a92e8fea64716df55677d06a31b62e0a009efe649a7,0
fdbe4fe12ebb5c8ca64ed383f1d40d28afa36f18c66a13d66e866d2459355e37,1
d33d74c72b2ddfed8eee946b69f24a10ad10b2ea9b8576340a210a30ee016ee5,1
477c4bc9ca4d3fd7e2aa259fb0db0d2ec131ed94a9c81541f7c09459f19cae7a,1
2c62ba3341d3580cff7e12b15c7b6408ad4ee7dd2221a896e9efc5a68d16cf0d,0
a4c8345845c8eed2b26db0802ae67515c6e871ca6a9a5ea79f94d5979c581faa,0
f9f6ddc86db83bfb9e4cb9bf3436aa9334e61ef54e692c08ab49d633c1bf9bb1,0
95a1d69b1ebd9f20d7e002d28615b93285e05b7099333ed54f22ac66ad68db6e,0
8f8932757f70f0369986839b510acce5c7e324fdb869dd80570d3c1353efab13,0
cbfba94ee536697f1ef296d2ed8aee96a493d3612335cace2948519be2ae59fc,0
173dd8dfddd267eaaf8138a797c31643e2776c83877bb0a27996d57a9936d398,0
f274d72081e73bd68a24a8fc9379d67cdd3883ab1e54cc3d0bb2263c0c0d8012,1
2d6d9ab6f24765dfd87edb26a9a780002b3aa3d2893c8baeebf0df33a2e54ba4,1
8d88587c1e0b586b005c7a0970baee9b3ecabea5e9ee4db2947444f5672b9ddd,0
013527a7091e7d5463db736d72d53dbe4110bdf3e90eede9181671b4ea93ffc1,0
417d3a0cb078a0df72d83391f17b87da9f34c17c5cff954beb2248a46fca76d9,0
2cb2ccc94ba950b1df012a0dcc490aee1ce9171ebfa22e04e815158233108988,0
be6c35bcb4882775111d9674169158e95ebbf4182ad9cc0b6577681c4f6039b7,0
96459760ff409a1dd8d7b496d8bfb1133e55de8b7afc09c664e649271b9cc2a9,0
b0d8b8d5cfd56c91522d25aec805c7b7d50846821a474488160e66c14bd11890,0
e11c4d59d0ab13c0de330c94864ef650a189d3ea290bfeeaeba278d86a695c86,0
bbeadb3685db5ad98bcdb3cdadc13db47faba3c24e39bb0740f3b8f75a8c44ec,0
75b9e7635571ea86e205bab8928a6453d957e055c09e0427ed362e55bd0e8037,0
5d42206a64efe7fb779712e75cf288eeaa55960f6aaf86f6557a9fdb60c726b7,0
def3113d6645f35a26d07c3154468a9940dd9ace7ade0b4ba2bceda1acd6f2bf,0
ee162c85168b9b7ab4ba16a4f197cd12bf43974d73c25b2d1c8c8a5a9f61eea6,0
7f1406366122fbdb9d89de5f8bc72a70c1581b41beb9161337ae242331fa27d3,0
a3a5154df278249959f467336d4d6f7a0ac460e2dfe89a2887c54895e3716b8f,1
cddaeb4874667256808791a15cc86b1b6e61d27c4c4d70efcc4b4067c5afa0fc,1
b03f69c920f02635c46801a04ee1e89ab09b601eb516dc870dee393d9a7650a2,1
ddb02eea8ae2adae831498482d5a6bf7ac352aa4fa79b3681228725f0896cb55,0
23d6404caeed6e520ff0177bdac42783c898b5e7fe84f8a90b71bef1befe9d52,0
b9967d79120ec8f3af1516e7d5196edd9e7d175208be5d979e08e6360ac56209,0
ac2c8146ec1e222ff7afe6339a3cf3922973baf0f2c3be75f4a62ac27e24c0b2,0
af5d51dd20a0427e52ce674f8047ebeb95f0696b58b59668abd1fa4d4273286c,0
da8be11169d79f20c65b0221a8860506571c5e9cc6d6c5c545a7b6c3488a3b35,0
ba4351b9e5532fc0f55af9afdd84d4dc856325ceb3bd12fd6c6564def4543f8f,0
75bd148574740cd41ad84400a4268a8ade9fc23a3a2096b9c25d294c83528801,1
8258b345bfab0aed522a71ef930da4ebd36a98d4405d8443db216ee8b46f108a,0
a3b9a882203282a451cb4f93f5ea39e05cc6ecce8a684a16c62399e822a202f1,0
334ed81277732a3fea601eadc60f781bb05b657cee4a45f8cdd955bab39a6e2b,0
c6a112e231600c0e08791e597b3790712c6d8a632ddde1e99a8fa10fb0a44f74,1
762bc653f1f265360545ce773dc170741ab914830c2c4b61fc34e43ef0d48974,1
03290cf226ca5a7721399d182c5db8cc0859b7b6f0b1a56531b64154113b2c26,0
3120982bcb5c83d12e638478872c51257ee8623ce9c23188148516d665856ead,0
4ee93f7b3b73570a9a3e953746bb81e9fb81a2ac705bfd056922733bb12cbfda,1
7528c42cf639a6796ae2db718e4d0d6ca3bd1cc1adc58ef871f16f09f1cd9e43,0
3a0fdfcbcbbd85dc5c807be8333d3666b7351e834da7f9b924c49b4b3ed8cb34,0
3fea992dd35ed31d0d53abe958831ead464c1890398151afbc7c9f7734b8e2ea,0
e183e4194e5494f2600af3c1f4aa6dbaac514149194552cb38e291bad8100276,0
28e1f57d4c8689f6012d855a13ce6f61618949af1f18fe678c53df1f0fcf9ff0,0
9eaab673c1dd1e62895a35b299a7b20a365dadc3d64740152d88e797637240e2,1
e375bb86d9f7b85011e4360b2b826168920333d7f47108b192b66c50964dd065,0
5b769c5a515948e62f71e24e10bb556ac98a7b682e9bd2743487aba55723d980,0
09cea8c7530b72eebee419bc044800071a43c63fd50fcf5830054064a01699a3,0
e32f30a1575c25845084c4cf19e976881861374b29e4ca4ad95227a5e756f341,0
9b200928ffa5c330c079bf383db997e03e2d97dc9f791b1a215056e1b763e3db,1
8ee17ed9166fbfdb7f249e6339aad95272228b9532c77ec6bfaf45a16a6f6cb4,0
853f1fcebdbb5d8695d4aaaeb133521bb6bbe5fe7285c835458e0beaed3f041d,1
85ca7a1768b7381b20ad6b95039b52ab3e081e3042fdab99072e11c4d4f13f4d,0
12732392a7a31776820f8dac4c7fdcb1c13f91c53832f964bd9d4946872c97f3,0
3fe641862aa7103b28f32074e8163fff58b13d5188beab1397857eff5d675475,0
dd3c7f0f4956c30847e8a7b6ebb98f24801a4f8186be0e2164e5ad4075e68243,0
18f1ebf4e90532f294df194dc0b94f5b998c2f99d9dd9ab287a65e5e465c0a87,0
1f8ed2a6c8d79c950db224c841fd6b31df889eafdac242371d418323ff67b521,0
a28c6ded54f63639abdcd491dbc3dc5f60028b96c90e3c0b00a73b908127da42,0
9693be7321bb5c13a55c239f3cd29131aeea2f7520b7a67bd1a60e7178c7babe,1
2150d8279e22c588d42872cc2739469e38d8b0cb6816a5124f9e79fc38e77916,0
651f8e31719083304a318459a1b96cff718bca71a3b362d3f987ec07f8a3ec19,0
45269d3f65d9c3eeb65d6963fc568e477974965e03500f66594dc2206d640c01,0
77d50ce0fd72d770291a34a83dfbbe6dd0530033aefd03b38b563c46670c59ed,0
ecb0f4a4ad62924fbc8bc80860f86a2f9afe46455e4712053ad23d0595d671d5,0
7e6adb1cf984edb7b404f7089dc6a09c23299c524152bc69ac79ad822de906d8,0
99efb07b7f710d900ed36ff632b7a5bda864b016af167c3baa8614194e327613,0
83d61e48b720ea5822dab54cf643851fe6760231477cb7becdf505a50340a728,0
858913c32f3ae9167d680789f0d1316715937ddf20f6c1223056af9ae41c64ab,0
62b865375f08cdec81a25d512c1e6074b0cb354e267e78c45016f8ec062f7f32,1
940c79ce83ee795d69e251c0c4b3e5d657aa6ce5ed688dd67f5ad6f03ceaf0be,1
025d6cef10c5cb8d0523762e26d25061b6a9f9f85896b7b6ab28a84548d3b896,1
2398d3fb5d1778f57794a1502e754200fdd4c9a9e90aac4b7368862a091bdd03,0
f28c3ac15aafc94d9f0ed58397e41a9ad78e58ec2f5d9b3528eb44c79ed015b0,1
9985345028f4f9029aa85e2f0b6bb79f5e7c8ee68a295f4f9a6f700da5e9020e,0
9678c4a5029eb57ce5501e2d8b2c9e73d8fbea9d3e611a18a56e80992de07b59,1
d500fdf2a1e2567b4453814bf77bcc5ed0be1bbda1ae4457288d75e912898165,1
a9fa264306e885f32697c36035ab9a36da903825507576ea90676c652c4a32ba,0
f8c51f1554a4242efe8e1d27bbf7072caa80143f76dbf02d00b67c2278e21e0c,0
ab2be74f257072cdc99a0f87f57356e9fbbb48d4344625de1de3f6ca7e7861f9,0
5df755c13ba8c11317e0f5928ee6ec2fd890cb2be9f513b6dd3ed27080e27ec1,1
b997a369fc304831831b66de800793cc08eceb7b7e574d49dafa4a2aea66bc65,0
85d61aef04ac7345d9092ff0b1edc59c01bc06881ff3a5d71974f60d10244f48,0
305e37e69ddafdae8d7e5e257b979d6127b095152b805f4792f7c3dd4289ee38,0
a9c49688f94f43921e30c4874f6b70cf20b53c90cb263be00e5e7823fd81e9bc,0
fc2693c602f54401eb6a24bf3b5d06ba8c11847bb0a2f92dc63b792afb100510,1
bc573708fac7db54aa7df4b58bb990f11680119c12c4074ec2b2c192b5f811a3,0
6f53d0e8fedcaec5a814457c93bbea0d8be8c9e2675a8064d3528fbd0fbe4df5,0
aae2751373bd50ee4f26aedf703db3ad3c457dd98dcef53987cc9f83aed2545a,0
5c89e125c985ffbf550da170dc6fd7b30e42ad50357f9a719c1f7736df13d380,0
e5385e8c39c0b1c052913b6adcd8378272ceea10336bc5ff0d2590bbf05e7413,0
b3465be1e456417df623219e8b25be21711ca8c13d457b2a3924ee238b6ae2d3,0
6f11abbff8a065f2a05b7e8ee2d7acfbee33ea1ce4aa00f634176211a25bc9a9,0
d34cd9908715d98e841d79b5d9eaccb3e3c32b803a0f0432770240171d728b7b,1
af4d900cef7717927a8c6896dc25732d344b847afcce867fd6ae31d2258aba8f,0
497d9654b2abaa51bbc349de25d035ae6bf35da9cae1d2df58b7074049c8faf1,0
e48cd91e9b9319a4ada3758df546a48282dd34712d156d6dd9bd1b88d1959b4b,0
4b665b89c5e1d2f2e4a311903fe8ca77d845003af38f435a96a54cf4107e3ae9,0
20342950fa6a15790b208065074444468868cbd236cbad09bc6c849591359eb7,1
d693b83f3e4ce3fc2a56dfe94c73e388303eeeee91bc726ae650bfa1dee15d0b,0
51df110695521a70f6f20c8d541da21ca5159585d7aa75a3cdee3d1c4637b388,0
9b3a5b6e7a22ebb144589e51f6a0cd973e75b846df9e3dee6d5df0c6f8f70452,0
358af627ce4baf7dff06bcdb2ee07a9c57f9d782b49250dc84102c2cf4799732,0
2cf326b228e33ed36d9d3b124072872f6c04bbf5e8d58ca7e20902a23a9f3b9a,0
d7bd34a94a26351c45cdd96b2e238e692fa1bbea4e170dd3d623db6620190316,0
2e3260abdf1df6bb863ce07a942e0620bb66c614e8798d360f90f43a3b2dc19e,0
e8196c254e85ab1e0e71c7dfe4e554677c5e33f46f4eeed69c0cc258d1594d41,0
e3f3408c473374f2066297cca11738b46d0cc21f22ed2c20bb3230d279cfc17f,0
1f75666de4b12ea1574f7b82ac2a65056d771604fd362c7bdac5c8f8062ee48e,0
270da37e47c47378ce3d2d45a78dc575921245e8f8b5bf5ba5ea6be05a18c2a0,0
004c41e58521ad97de337248f2dadd568ef2b1aa8b4e31b4c056f68a4aaa7f04,0
d23c241ca68a3cd009910b252896edf0102f223ba869707458e45c658b6622a4,0
f9d5b95047aa9dfa297d428247fa0355d008492c937e8f62911494f0b6174ff3,0
04a5bf5a3850fde07c3c8b459e073b0376e332d1b6c812ce7c27209a859d8141,0
619685605118b607d7d6ad0825170a5ea6b3cb5889bdf3fad1e004297051afa0,0
950d28ad352c77ac0edd316492d12401b7b78b3e81fb002bc8b1f5a43a49dee1,0
bac75cce74dd26b5fac42025314c7533caa1b8ab383abf75cb9ed9e7a16e1afd,1
77c2aea50f98863bdba805094d5ab7bc3238539a279b62e2141aaad7211fc2ca,0
e529429a412549a401e1c679b05806a90e4c05f2600db06e13c235934e52ca05,1
f245ee95dde03eaad96b663a404f40189106c3377e85aec5fd7b91fe59427a54,0
f4f98e312af2d4ac7138ace3757f5f8af3fdc5461c31abd05057b1a8d9f7a6ca,0
a9a564abbecd32bc24fd9bcc35b0a5d49791364278cff6299e86332f364c8e7b,0
822342ad3db32bdfec1e376518028fe5ffe937f7e88a07fc2014aaf5da839d97,1
dceefe84f5ce194c8e2b66698bd2a42f04f81de43eecb88c1e1781ce88746b63,1
a9c3a0051a23ffb3bdaaccdf873babf525193df13f0d8860d961824376e2d842,0
86de4be766e8754e05bcbbb241bcf5a8a4162d5925d3f0fc23098672c5ada74c,0
cbafae4550fabe3f09c094b5e70d70aac95287637d9804a2e948065d86f46788,0
d9ca5ccd5ec450058f9e04d55516df35d78a4c8f735578dc0c58f06a01900477,0
4634deec88937b519eb27a3d2502c7e46ded5b71b7a41c6d7e5bd9109ebedb4f,1
aea95af049c65a28937157f62454aee9c10b68725ea8ec1dfb8ea03b739d4ca6,0
0b5ce3de35315fd2efba615e61af93b44df73c955e592ee6b2764ee159c7a4c0,0
48c86b39e1296b57e1c7f7fbf553f7d57551eb3f86a3831826f85c4c3d2ca560,0
63801475479b0d2960534ce17985af2ed7523a3f8c26202d251e68706df98713,0
25f2b78d17482db37a443dbb8e8d76c661b52171d7500f39ae8166c2c9b42a1d,1
53983b9aaf803a3ed173e9a0eadd8db26a482d7111c172ef8bdfbffbd17a6f70,0
36e8243d4d962faa5a9b806a645319c4b324b6d050b84a30fea0d29b8eafd996,1
75354724c7afe0cf5755bfe9b786564f9affb1d310a5206ab1fba72dca2767dc,1
c282f4c4cd0db718d2a1d5834854519141bde71b16fefe464c5ad861991666e3,0
34594066c7839e901b70d0ed8978390defd517e66341cfcb728784ec05ab9411,1
9db3d5c6af9c3dd4f4c0f854eae45001cf4f93fa19a20307fa69b363089e8b1a,1
14b4e6f9e27e37da1c9f5055bf6e25f7a310ed257e62db76bb19390af14676c0,0
bb9113e4056d6f6450b6944dd64956d73e78a05d7197e5318edbbbae33976dcc,0
094c92e396f879e67b9af86e910c9376f500b3e4bd8cb8ccdeba69fedd83170d,0
239ebdd9355888a74b7be73637e677746aa0286796ff52761ec70828b2aab080,0
48a8afcb0832994a73923789704b9a79cfbbd14011220c08405a5408a9b6d49b,0
29ced729eb3fcc1550a3d6435d8943f43f3d99213010d92a53679624faf19aaa,0
0be7ab7d17b942b2981f821efd672ca9186e5cd5390a7c7cad3863bf657d2487,0
8ecb07142323a5dfb63eaac8fafe8607ea2ea6d233bc0f9be7826defeebe4c6f,0
c5af38b7d3536bf068303382e901f5571b3534fdd0415a71bd3f386bba10c7ac,0
f9a4673487e81ed4174b4b6beba4332122b8d7b8b4ed6c69bdef08d62d95844a,0
ddb872ece9ab6c558663b4a22b5011f7f9b5929c5a55bed7c25e6f390f029951,0
93c5fe4752f3b3887809993d215527f24b709ede74cac08d8804bc9e32cb0944,0
f033928729614e98ba21eb50d86f104847b1e62dc3ba67a990fb9fdb322f566c,0
cb4b2ed84f6303aa6f55467635f0a4110988547c79f4c74025c5dfa137dced1f,0
397494d0bdab6bc29188b087b3aa3196b024ba16c9614139be544b2a15030330,0
45f9c275a24fde62a97a4f7627ac00aaefb70416a1f9cc0fc71eccb2cd6539f7,1
ab2bff4457b0b92414adebe7d0d4f5ad54dd6de06cb073f3957c9c59d3f60dd4,1
937a73aa4f0cc923f032473dbf41da10a630299edcb8b745e4d9979a71d0f562,0
a18b1b79171f5f18b37e74b36484b52a7f38371d670ef09b29ec40b25dd7b01f,0
6b6c11022c3623b6827b73cdb541082c8b9be4b29ce2615c6eace7c2ccd36fdb,1
4447ec0d5b4428376d3261b6fb925f1b9091cf777d03681aca56d8753407d4e7,0
acb12d9c8a6141000c34992cbce87adcfa4e8999a1e57b304031273565169577,0
05f14b127222e6773644435fbeb59aa4f0b301a6a597ca4d9d5a06e8791ed578,1
1a3549539537b5338468e5015de9ebc6cd229573906c2777128094d6186b57df,1
5a5e54c2e0e4f63793fdd8c90603ef3ae12590db392a0b4ea57560f9b34b94f3,0
2f351e8d749b90e37ed3db5fd03ee6d9ecfed402911fc89ae3641034c88a8bba,0
88718ab31b245607f37db666e8a31b500066f327f80b7ee425dba9c73f320542,0
bcfd0f54bf8845b8ea0ce741c674b61a9d8bcd4373ea5b8fa4561b019295680b,0
4d8e5e330459b3ab455e867f39d61fb72278818d7b731a3f49340e8badc34957,1
47a633b31e7631dfff97383d3ba930ab8f274a6826e0c475a01e698da77de46f,0
b7699d0c12ec6657725e767bccf261865955df959d4f365244afe58237858ada,1
0516fd7c9e77252ffc554bbde1a726187f2c2920ab025defa192ddb9b7be2dd8,1
d1fe51d5916045586eaa9af64355e3de40fb5f141598fef6c74c38645703d650,0
417ff55d1dca964a66d16de1976a87e5478c203bf1ecb2102543292eb03e3860,0
c1ff629a5d5c3999ef98b7f6a890375710cad8c637143955a5da7b03fdee3c93,0
929457a3460e07ac34a0846bad0b6daa9c8d8dacc6c3fab64ab056a1b1e9c6cc,0
67132b7239f3356760364ba388e68f5b673eb0fb69660fd86b840776a9328585,1
49ccfc922c77f3036ebac275f192e04c84cf027d9243d6547e0522a9c715c8de,0
eba43de5053cfa7817df04da358655574d63584aa9efc204f18fcfea6938b796,1
ec7d96fd58f4524aaea22fae1a833af4b437030316b8964a277a42b183e7bb8e,1
f5b03b2b70a82e6c4a5f8c7bd6dca7c892486c81eccd4da3928e7c7ea48862fa,0
7868e7d71243e14fa8fb1c76d7dbd01db9f9d386dc57864a2295f74760290fef,0
767ba065aec100747decddd078188f8eff3aa43787ebdbbd652b4578d5ec49a3,0
c80588bbd1cc9efae2663d1608efe9e19055486f6fe6c5e82a22c977e2f9fa2a,0
c01493a059c231a9179d23387469cc425a7009f3d0914b74539f304381557d5d,1
efce8574590d1773f3bfabfacddcf069c5d776fb06e3de453800453f0269f89b,0
db180fbf6b4f28905c9dd7c41da934d53c749013b10f1260ff866194b0d08688,1
8045e8ad77f3a7447a0638b2be91f1dbb59e810ecf351765e7f33dd0f78fc00e,0
100b78e3cbd8db25716843462e6289c38831f3d9e95be89b110efaf086f24b70,0
c70e927782efd517c3ebc442247cd7cad6af20d317cb8054507cc111165f180c,1
793c5ff1dd1fbbb3fa088c9b2aaf6e6283f02d45103700e2e68db5e17c477a4c,0
dc17244353b0afaee98e856095d4b59d4b6817d0c5955020c8ac7ff5bc138e7d,0
9988e2364dc0b6343a7db8f0bb43dfe7ffac4d01bba2ab73767d21f2a7f18505,0
65f38643b85cc4caeeb480288d754598b899cc8150f2f590b294ea9d64917f86,0
f4580479de464d6215494c910972ea11ca682324ae4443918e17b2a46a775f7a,1
5df1255371903c4aeef6baa82d79f1918483338dbbb95d1ca116fa7793e8fdc7,0
d52ce477bb63faa6e1048256cbf9aa4cfa72616d1c1b7ae6ce03651f788b9d2a,0
29f37e8155b5d8d0c88a7629b4fed9cbea23a8f6afc2edabea33a953efeb6b37,1
54a26b90495dd106cb931b9baa642a5748e12f1a69fa9a63de100b0eceee6665,0
9f49575528ea8b76d13d040c0ec4d8935d73bba4b709ae19d090430b4b2192c0,0
4a24d077725e57731133b0fc80a409765fb04b1e4e039dc7920bb6e9568df5c9,0
ef9f06c316bccf72b79e33ed5944c6c76472d57677447d3d0eeba20f2523cb67,0
a0cc7143068a283a18a0609f1740f8a5909719b217dd9c4c40c1d5f9a1615496,1
d63e7f1472bf019e88d7d01fc8712ca3a92879b6d96d204fcd6e7996f205d859,0
936bdee141b2c6cb2939e616ded318a046463ffa3706834c660f8a92406b2d57,0
be113b64330e0421d650d6c10c62ac1a95e86b6a43d6148598f0ce1721b34a05,1
54f366968d2be4f1bf69e0a02070b82782b67f131f212f711160962a2b1f36bd,1
9515e4a7c27113f5ca73875c4a2737ea6ccbad7464f0522ef88f261706540f3d,0
19684363e100e4f98e292cbf2ef1ccee2731c1005413914b044f99072ced5449,0
c9380f2e8f2e2e3510abbd17438b9162b5ecf101c0191ed105e97c1146bab940,0
10a9a0226592d7adf3b42302982a278225f7ebfecd2eace248b4851e243813a5,0
4d73f3f55b07cf16f045b1dd146d435b7ca5a7b0cef07d1de8347924b288ab18,0
69fa84a94919e3d3cad3a9ace0dc8333a337484b23ef1c89faaac0f0e9d301da,0
e7c85052581b3c0ef475fe7218fbc1cd5447551328fc25b2025c318d7ea8f171,0
b0eb67e855b68f8e280448414aab4080cb111414f44fa833bd3353fb65e06d4a,0
d1f4a499c26b0c1f615c62d8ac523e7552429efc53fff24adbc81b6f6f5405f6,1
a7480e255730f99a2ec51a98756e55319f60c3bfa1990d09b1b95e5051778b9c,0
c82ec2201b38621bf5ca8bccc10750c26753a3517eeb1edad952fbd864e457a2,0
7020cfacd3c5509f5a85c30e0360ca2d428c9e868f9b74fc3461aa5b1215763e,0
5e18db80d01781edfdf7dbf21d1b38c9d11605b9d3dd146517d3aa5ec3c96f2c,0
c7ed81d90596043ad96ec77003f75354d1b783f3a62bbf66ac5195db4b5049dc,0
086e00c4dfa237e2c4b6de2ffc9569de448dbf5c2b8914a2d2ade2be4aff674b,0
a0ae8fe9558264a2fbf2d3fef3b910dad27b41d2a8bbde1e68b382441d6be33a,0
2445c61d7ff65245e1adacbeea5df3b42e683aedbfeda2b79ae310b1e0b283c7,1
63e1388015ee4696014a2c79fc9338b49ed4215f76b8258d4dd7ff7e316e610d,0
29e35ab4d08f0b18f89da57bae7b6b0911761ed9f397657b687deb5f91d36c6f,0
10cce882432d83a1b2280900db618c6f10c540c5ed9062777c3c8385e77bb95d,0
5a203b403cc54f7bb014540ad15942a519d332976fbf567a59c7ac096694da60,0
477874188ca029cdb488110b7b8b966e1a591c12dc3c25db05c5f23e9205c87e,1
fff059d70410292148cf820354ee6c39175004d61d3a86c63496ebc9c7858b82,0
6da515cd380e5484e55c80eaecc170da9fc3e4fc42ab3433a642d6f1c4ffb700,0
b85ef0064d711bcb0acfc77fa03ef17d5629a567cecd6f4ae37099ba16b241d4,0
138932075ed3e94f5b9680a78441f56d06712f76e8f5940125c4b739114f768e,0
db4fc1d6cf53d43e2fc7b5a0eda35ab6c029856ba187b489a3cb8461ae8799be,0
79e60ef61d4fc442b10ebfa186ee46a63b31d3a24fd65dc727efc43031999c95,0
d90af4acb43640d39c6b2004debda4a291f4d9a63ee271ca3c6a1c1aa7e2b721,0
eb847eb396451c7d894f4b1b497c399cfb7ca4afd71d9d2d7629766c40fc21fe,0
6f3969dd94cb6598c73ff915d2de09e7647638ee6a782b0088a3a1988a847242,0
dbe0fc512c99ebed33e712d1ba0fc386a02790a69065f6e1a55786da4fefb35b,0
afa5e37835647615d8cf6119b6e5abc7e528d1c463e76fedc12aebe8039c4a28,0
c9089a6eb5b5e976483d09118d3769785c635b9c6a579e6a68cd8c9562ea0a13,0
78254af249e67ac38c9a992216d78480460626816cbafb666553900788b37db1,0
4073fce2016d33243d8e8b33f15a799647aa460b2c97571a0f5a09beab213e07,0
43fac61c17dad605054c0815aeb062126aa230642958a6b10ee7812170aeec31,0
0e30eb33726aafb2ee9a51b8b108401610e0d7097b3bbdc53f98e6ca71d57c1e,1
9830b6ab3b0bf6b5724ebd37cce3bec1088cbecae4c3f765c157502a8eef6dbf,0
8da74910bb4b9ef42b66522d0364367b1e0cc3df1d2ebf1aa8b4533695ef57d2,0
aaf501eff205afbb2f5a92a762709e8830f5fbe55be2a7ae0cb935039397c50c,0
078648c6da1dfaa0dfd0ff9e9a54299efea8d1e49264f2e082eab9dd3fc03964,0
c762e44b3599f8d86ba3f832d02df5b2d2110f2df57fd115d76a8521cb302369,0
d93c99b1c33115a83c8b0c548251340ad1692a0101370a38c00f6f9c28e1d7d8,0
34a3e3c2909fc2a67368831a3032c053222e587b48ec4ffe6bd8933e410569c8,0
30731a956e9edccc35e25fc462c35d4b0ee761c20f0dd8ce2d9d310ccb4fa90b,1
a8431c60d8db862eeb38392a37c5b3a719bce139f127b80513a7efb5f15223f9,0
18652f28b8f0436352187a6621f28585734bc47a8bf50bfdda613bc3a1a99072,0
7bef7fd26acc8d889e13267f896fd3a60187b8a3f330c54f26e83e340564f0ee,0
e70432fd61fe49f6e38065a6009103cc628cdbd4e5464aeda99d3ec3e2370b20,0
7758e72f96f185ef5b3ead2fc99ef1010180bf8f97f78540f111ea797aac7a51,0
c38cbacd05720fb12d0eb4837ee6e426bd257802e920fd6fb11b3e56b0e7d034,0
44f9677afcece07ff122a7ae5579c7ae2114a327615d8240dfefd8b3f2b5e298,0
30f502e640b50886ea79d879faeb7f4c4099c7f605d400926729135ef7dbe826,0
abbb44f7ecd8dcab3956cb8c35da13ceb864d27740d445e9696f5952361214f8,0
f41519836c7a5c40e73d977eaab59a68203cbb9517f1ab110738670aeab9c8c3,0
197eb8253ce2e49b049e141c64d5a7d27f73f3cb115ed3befd52731416ab2f9c,0
d4582d67a2ee0bcf048c65660bcf0b38e0c9b72b157e7a14f51ef1b2e169c8a0,1
a833cd0c48f7f5e80524b87f5686896e9441cfe7b3627f98c9f97c1f816a6981,0
53d60d28a48969401fa09084e092e73014b0f03e030ed0436d5da187775add52,1
d2134af0efc87e4d1b92a38d8c56e062211059f6a602a68261e98c6169edbf7d,1
1e7a5c262dae4bd2ddb2b2a85827e7077fe7e8720a876feecd0c0ddcc70cae19,0
28719d3171f3647bca80deb7a1e8a2b2de56f7fe3a525ebeee3cca6d56543ebb,0
dd635fc67d742515862e4c21975827bbe65c28c0181c7098188fe534328ed27e,0
0e6343d03ae5f5cccf5f38644b2a21967e31eb9c9091ec38e01a1715ae5b462f,1
abba9736c054c6c67c24d5195ffc85099916ac98e6d6e9b1c2c4c4e48243e023,0
77eecdffd4f290b2ea830882b4d0fa418f041503c262eb32853b2e3961465d33,0
cf1ccff4cd4faa80e2b44572c6512d2cdb4e780f6cffa5f5b3df9221b401d942,0
dcc59fd713e7d0a584762ad7f4b3c9be6cb90882969592ab666af71e2de809b0,1
a410b8be6779137663f8c639de1f08f7dbd2a930f9494b7ae47c4cca3e5d7340,1
d47bb676da2ac530de52f41d69594a526e884cc4a1ca87bc3ba6c1e1644b1abe,1
32af049f45f2e40ab15282dc2b36da5b1c6b00c2d8f5e216c27982494a9c140a,0
7c158f8530dc6f5fd35f1989b2a54f86e58acd8c0ae0e693115a9a00db404840,0
dd935ab132dc8d48e095a7bfed326b4de3c36361460dbf07185e0ea421247059,0
d8411e728df76f6ef194dcfe86fd2c8a13e414e5b7eacd8f3032caf1dc6e01f9,0
48ddd90abe1df644d9554fac9188b16eb0a56370ef8b0ebcfe45084fb13527f0,0
34769390ac3618c7c04a9f669b917f73393fa940e824a9f0247394d22c93f82c,1
521f255a8d8c3b95d9a26ee1a3a62e55ecb458c8b755ac0425c1b737efded406,1
c341fa73d982b3e18e63dcef7e570403450167a71b3cb7cd6a682fd2a944dc13,0
0685d98b961d4a0c846ebb653a6daf443bc0c2c0b9078071c31fa63d4cf7d3af,1
1cc8ef2e5e2a613ac6c9563b60d7e58ae11472b5365a61c013098454ae08861b,0
619d350a60d18576c5b2a472daee91f6705f44bc0020b4fe731c25d757af3475,0
0d55bccf30c43aedf56c99c484d8aaa2d39ae249b880d2a5301e97392c833a2f,0
f9fe01159ae3467d5c63574306aba70ceb902a52e1b86809b5801316b381f633,0
cb7ec5c6016f7bd7a8547ba9f7139195338fcde43da32775b9f419bb3a52fde7,1
cb63e717a549ff1dd2d01be851f1cf301dd5600edc975f5905b1f81241ae23e5,1
c387d9400526196aa4b06e36168d43e63311d71fa278d2281fdfa18ae284dd14,1
29bf5df2b7541987ad14304c89cec1a6c44c3be854d1eae11c386c806d9913a3,0
f7fc1007250f26f07c4988b81930209ace459daf149a1de39665eca4e1a4eaa4,0
e377a4cf56513353379cf1f4cb07165a72361bd1f6ad7c26db2996297b64af87,0
1ec1eebd9848efed37cc3ff0c0e797bf2394cca15fd2b183c2e341dd89a8adf0,1
32b9e9876938eff399f8aafde6b2d4a91f9576965f09c8db8dc021756fd727a3,1
efba5dabecd891b9818d2edd9944aadd4e68782f74a5cab2d2d124d5c7f1559a,0
31af7acfb35a98002a71923f7104683cac6944859482d89fd671c9dfc8bc1ae1,0
fd143664db630bea89dbf7b8db3b1a15c519a7fe66247d7db2541014fd59b686,0
54e6d55f9895da33c79b4c16ba89e4cffdf06ff1069c041bea39faebaf8fa2e6,1
8c01807e560715ec35c1bde658776dff15665f59e6022e36214c72bd3bff21b1,1
dec0b4c8febe00f5c22ca4f25464b79fb483514f507d511b616abd728ed35aa6,0
a453f57f8d06884a8a0c05ff7b80cc4f5e2b32bfed0f3ade3bdc2a124aa97051,0
c3056ed2429f04aff7a05a56457ffa1706c14a1af78292818441904690a4e35d,0
efaf78899cfda730bb5bea31e37643e633d7ead4c37bf0bf087a50b7a736042a,0
54758589b5ebb6fb0420a7343168d5a0452e45f8b4d233e570eafe3a2fe550e4,0
03e7a9c34b83b63e8cf7795e21e2224cec911788848ae0fb9a09ddd954f1fdc6,0
04b23d6b859283101d77b3e4899fba7c7d7e998e2554e97eb90fdba5558fb8ae,1
03a4f8ff544faf2e7a53f93b6f452b82e49d6f77f8382f62dca09fe2eac0a161,1
7de31326988bfa32396208c9c667282f8bef0b95c610c95d6a656150a297a942,1
f477ab96bdc897746446a1c4360c51866cc0b02e16afa1b1c982b9f6cf1e2e06,1
6b406b3410b1b73f56484fc78cc8cebcb6d00fd7cb7994312ef03b0403ef5dec,1
abb405c4af368ec98d8c21273101f6b5e0338b1c839428136fbf215af158ead0,1
671d67fa022bb9f36f541233c2920ec0865698d71930f93a59f56e11996835f4,0
99be67a0601995a1959aa410d680e021ad30f51136902d65ee8e12abc7bdb302,0
3b021d2124cedec9139e9b0a649a772e122ff3f48111251a062ca85dec435611,0
63ea9aa7dc5fd2d3b265078bceabb1bbd16027e5573de4beb570b3a1558925ae,0
1cfdd246c891c20d69abea75bd6d4ae535ddf87fd8cd091e19cf417316b0f4c3,0
baacc96f7c37c62f7ecc087cda87b83b922d399b0f881761750284ff74418199,0
af027f569176569eb6bf71fefcd00b4cd0dba7fed65c9280dd5310d1c1b3329c,1
a1fe02f41752f42028ff302360cdd48f8368235c1b140f7707b609149bab57c0,0
2214d29a584cb06000162ced01266e35df3e21debfd348dfe9d2a06636e973c1,0
416ae881b63effaa4280a9c2c530540083086e292e9397dde852209ec30d1318,1
caca6b55b62dd715a305816daf28b5e20f1b7872eb48bf287512fa3e3095c1d5,0
fc8b225f6b8c84b3176d65878955fc0c77f4fe64feb6c18e4504427be2ec2b2c,0
60531a6497342afe9329e29183e6ce1133079c4ebb888db93cdd0d7b5b1a28e5,0
3b331eaf642afb852656902a8d28c561dd9c199b55164d0fb8ed1e6d8bb69ae2,1
9abbde09e3950ba8a9f66f241729889fba867792bb4705deed2f90a5a1aacdbd,1
ec8019d247d599cc6cbebff0a971ad0295d117c7c78b5626271638b07b9832f1,1
51fb50d14960d2106d113f21df80e4dcab1ada6089c239d0cdf1198143879710,1
f02f22df0f626e25b8c4632acb6e62996ab5a227695bde608add8273a43428f0,1
b0524a95e4c736112df1450aa99b2b9fb3fab454d1f8a947bd333cf350f77fca,1
37d53f7c48dcaf95f47a3d7ea5a17b807e2fa8a35d8349451b307e7f30609636,1
f3dfceeb7d4e45831ac5fa1df94eb71673c505cd6ad114eb336f6ce1be41f1b2,1
a21a35be979689ba8040aea1c83a957dff237452c3c5456d3c7271687d0b7f0f,1
1f2ec84ebec084698f5b231a7f0fc9adb15e859b7caece3e54aab45d29083532,1
bc49b52d58e08877eac007d99df12dba67b65682e1152ad8f2c727c198b77cc9,0
9ef584470658156cdd7212d682a585064186e6111faede118fb2230ff52c24c1,1
2004f8fd7f85e1ecf695e422a51d52a671654b516fd4aafff2a3587f2eef2726,0
045ea472c2e611f3671462057e4b0801d4ab304d6c8017234db215b2a6f079d0,0
cafb6e5508072b6418dd55a19a10fcf012b7a1e5de39392b38e10dd7a6347a2a,0
744d0fb0b35249d9853bf767e88e5a181f195bb829dc8edc1378bae473dba0dd,1
0b36bd626397f0ab292d8c9c2ae084f9df26f10fded57b737605c57f06ee29db,0
8af4a8708ef3313dacf975a4bce6823da23d3660732ea6000d42cbfab04080e2,0
39a762c6b28c92860ad87923e95a77d19562a98fa8ccff9101cdac369eb1cd36,0
4c6192ed348e382b1bd042a04d660909ce259f8e2ab443a2f56b4df3c684c596,1
b164a90cffd5f77347c8d1174fe2dfa8f25230bd0458a31535679b6443cb81ad,1
acc4337d2b1f06f646b0cfed1c7a3badc302aaa94e07e5d037783f30b00c11e2,1
6654d1dba655f749367f60e7a3b59044ae0981a58310c210f4a9c3360cadc6b2,1
0e29728fe1e3ef419e493fc8c19ff08421733b1390aa053b2fad0c1ac7fe180d,0
e288a8998a4ab94ce7728061f101d6668038383e2b4d57a7df9c66690c7a52ec,0
6a936d340c6ae4e9a16415e87dd40d50ba964acb11c1df188d2b0c1322184957,0
75512c1c9a75916f24bed73a2510a02c3ef19da1c8f0c6695ae52dd53d465479,0
8703a175fd5b112ebec4cf597b1fa0684c9deec146352a220663861eb98f73de,1
42873cc3dcdc7c0cb39f7975094e0b76bbbd6ed9d96b05df1d7e4e80d3f01c29,0
1dad26ccb70e11d5d0b1cff6781e7575e7470899e6349aad444a5bf14f381d2e,1
f8ec9ce139b4ba65aa8877fd5402c59fcae4f41c5128bb090c7c92c03b51c11a,0
86e054fc7cd6c4e340a2adff704b7d0643308248b6f4b725e3d7efdafe69f26e,0
98cb5821bda46f912c71319c2c5024f24598c6fb7ffdfdf9b5bdfe28da6618a2,0
ba70884b3f89af2989709de7a16b603ffbb6ca1689557aa4b6c3095eb2d5c919,0
bfbe1f03129c71f102acd46e509f5270e697a8d3b7257c7420acdf43f3e6eb61,0
f1c6b03e7e00741abaa3bfb8cdc74620b7bde5f3c0ea3696aa83a099619db38b,0
f8f4f724ac1998b20cfaf6275d238f3239bc185e74e9e7dbb03caa077cf3a7e9,0
a96953ed01ab45f86c95ba09368eec1273ccffbad3a3e663d8145ac78dd52a02,0
4ba27a831302fe3729e6bded3bdec680d9e0a6170bb22a285483d3f3483b8e3d,0
60a38c3248ab4ac709d39d81ffed204c3a0851f3168951b3b00623e2dbb72d80,0
f847d5cd7fe58bffcb6638c1e227141051c1185e7698bd3782d216f5aea99c01,0
d046f14db626f54b82aebc74774d10e645159cfff8c8b37bae42d57dd307063d,0
13e9765c53ad221fd253b69c043b05ca9d3a9edac5e11730f40e2fe81903edbe,0
202519e9535bf226bb0d1b2c46c7fac0133329fef08ef22f80c00e163e64697f,0
c6762ec0efa27c04f8bf83d61d4ca4e683537066371db4421f1efd9864e625d1,1
7dd19814c792230c76c2b22f08fdf2e4bca1d843bbacb9b9f34c21e5b2e788ff,1
67f1833abc6a53ec9421eced43961f6198b24f5fe160e1b89422aad55279fe60,0
b416d7e0422b0f59bfd386eefe0058cabd7b8c5c51a89a9f3429f1fcf3aa1f65,0
a9b11dc3c5de106837d7992f58bb6a14b5f8c7b4274708c06282a754028f19c4,0
8088957fc020c68b327a23ef1fb6e3f9154bb61cd4f4f73f037c437a3cb1880a,0
4fb7ab91b5582451df8e4bec2ce53ab98ac44928104102ad20cd83de52d9182b,0
cd995ef303ea04a9b52b1b0c1ea8b53b71afc182a54b4b98f527411a1bba67ac,1
2c864bdc579e4b8a1e798bb46abf91a11eb74198ab80f34127ec2552fd290876,1
627216fd21cd88f84269090fd7246d1e18d5132e7e4cff4c20773aa2974a53f5,1
23ec8e43b0a4c07d53f57e490c848679af2275cfa644f0e65388b1b83d6a2b83,1
a3935719739a48858e6e062e6b1beef5abb37ed303235f9c8eed1a715b40da39,0
70362656de4bb3cd10e3d39819a2eed72e20d784b5093fd35e9e4f9cc5326c6c,0
a01d34023b460f7888780dde4f67012cfa59ab4f3cf78b82c687df8414493ea4,0
a9eb9635374e6799ccca83e1d341509f55794e2bbc1cb8b7921dfaa103e7c3b8,0
4605ea3383d7580764151b48959e130f5fca751e0206772dcf6ea5b3b291cbe1,1
0f1ac8140d004099faa90547fa784926c1591e4b9704de52e8561180c96389fe,1
fb6e3d682fb2826e6c244bfcb881b1d157a9e09ebb605f9f51251dc5f213a480,1
90d958ffc0bfd210914752804fb56cd6bc2e47b966a9098f93fd4f81e2135114,0
daf390b5dacad5128b749884fd898ad738f3b773974b83600cdfa59a0d676f31,1
b4b1d4d7aded2ff9dfe50634c2e7f458346edf7104d3be960d624717fb4a6bfe,0
0672e4c86bcfb81436203ef985d2d619e9701473d10e572e4c4a85381329cabb,1
8e979df05afde715b4567569c65c3de992f57f3b06cfda35e75e114e11ce4008,0
a3c1fa7a0a59f407a2a260338f225045d2b21b68725906286baa490a8bd0a473,0
e7d22299c104d59356a42675bae881b9420bfb559383f9417a1b090351f0ef79,0
18562f95abf40a7f2a4586aa21572e27688c94327432da24a0cbfca6bcd53301,1
fbb7859e1afb4517de66e5e2bce83657fdc3799a96b8f24810fecde9c2d0a009,0
19f1183a9a0fc932a7163a222504fc0baa4942802a36365316123572e0e881c5,0
d136f5faa5a7b75f65170c3f40e452a36d2de8ebf74035b754f6127a32026369,0
98df467d1f6b169031e1f2ba912e8bb038362b2e8164c17c627fa88b607e3f00,1
9afbe9df6aca3174594d4cfeb7de4b33605019e279e419783bffdf95ed1359bd,1
508818740fc96cf9dcc3fa58a25ade250f25060a1c3473225e8e30d27d725b6a,1
7d2f11d025d05503283f5d4840c660264708243334a658945e8dae88c26e6b5c,1
d830c72d68147a602113c66f288874082f8ecf8a6699d2fde940902f1777814a,1
49703b0c134969fc86f135b311ce62af294302af9bac7128376c269bcf003555,0
4bace6e4d8d69808120bff27b7a8bb9e6475fbcbd49b4fe78a5d9debc871b2e5,1
9841d3625d821531623f9e6b42a17fccb91c46a1ce6294c665a6a0466afede25,0
c0ffe5da6576642792adccf0be52fa65b219696d24d1dd169c410d76badaba4d,0
e6fff6a98dfc487597040154af933e5fbf0f0f58e69dc055507245a20948dc0d,0
65c75497035573ecbbf0cb787739e41545c0153b11dcf00435be742e653ab178,0
4848705da74f60a2811f6e964d45427c84a5406ea5d34829d5e9f7dac46686ac,0
dccec62cf6a1eb9023d2675ed93354bfd40192a98088609d22c3904598b60546,0
4be500592ac368a9cec3ac003937e8f0a52eb59a6f6a025d64ec34628ac8d059,0
879c8e11a24dc627546473dfaac9596cc09a6fe9867270021f83dfa00dfe61b3,0
d40ceef7b459826b91a851a50b67c259f0b2e1e75a3fbf6fc273318422abdd05,0
6b3263e5799d7eab2737cbeb6d82f477b634427fb2bb06ed6c067cd2afb338c7,0
9e40ebacfe9c88580563280085996ce924b584d0a133c2b5fe0270b5c1e513b0,0
05631ffa447f42cc3081a363ed75876e540a3051e3a766f91ebe983719bf0d2a,0
eaaf281c9c5576bb522222491d3ca648fd9a63c01a502290ebce50055db704fe,0
d122ba6daefe29e6596c7eca26c3d72120caa3c95426be19c080e64822d07c50,1
7ec340ae280f643733422fef8908c73ba7a67e99dcc892c9deadf8bc3e47893a,0
dd7537def584f17053cd84d76783a38575ad748034edf4b55e9a7ec4f6018922,0
958f7eeae572f0d5abbc6c7033cf992d398e2adda2f9ac5e62ecfe9ba74da354,0
0097527aa01577a0534b3091f7e738ad01b1de9bbbb6833a9c038345240cc91d,0
3b8900f438be25f42fee6645a2c48d5ee13db9da5f55b1093000a3fbd3369185,0
1b352abc09b164cf04568ec72a25d59895bcf17e1751256bf519893f729e97b6,1
addadadfa6eac3d3d264ac0ba950309cfeefdbfa57516f0820943493c61a4c51,1
ee5bd4b324f19d51b2584eeadff1a2916e1e074c26bc44396a8fa83e1d5f1a48,0
67b82dbe0952912f145e19deddad632e726212d6659bb28077761d38ec62a83e,1
6ef23a0be1370a4ffa2070160e5e2685b20bc26e83aab89059c0ea66f995637e,0
fc6d2a4b2511aaeb829679fd00e7eabe9e23fbb9df84109bac097b9da76a3d18,0
d22f44956f20ce5454d2b6404d9082c6dc0cd7586af8bf8f3ccf61a064e14e21,1
e52ca6ff7af4d9c651ed875062ec4f012a783381ee40e726e1c404a6a2bf7911,1
160ab6a42d18df276e57d95786120aa2992d0868a41f00330cf2adad808028c4,0
8258e358e20439aebb41f62d0e2e310928b04a6ada868e50c59e0e33db6081f0,0
e6b9305b66aa2c13c7703fd319823dece1f47a886f2524fbf3816cb7c0738688,0
fa76b10d5c09fb1c9b5aa5d4f89d049847ae77881a18e19cb6ae430ea62bf2ee,0
c413c0f474b3df5ab1d2f38774941bcdbf6d62597e427b1fb0e23f462f0456be,0
27a1f56357d7d08549fbbb76a252530a7fcc20abfd0524c397eb7c6eabd773f3,0
ca7e00d0e72417fe12a1bd0171a66b9c16d3a93c97077e89ac3c37a7fbef0d39,0
a2574e8ff1ee36a3c495f36f11beddd02e8e7d2efae40dce0859fa7247dc0c6e,0
e65de81659eed9bc99bb2eb151a0d6ecf1154bf5c8a7114a6138e557201c16a1,1
990466afdfe3c9e25b5ae002d9444851089e0af18a2b1410ef45c836e42d44ac,0
c0392d6f5bec31f2486e238cbe6bba28a92210e648e8ba038b78f39ea08a881c,0
d9c67da13413421f76091e7b6c9cf77da38d13c2fdd5ec35fe8e135e95d77177,0
4bf5c8d164a3f1babbedfbf5c9cf72408994306472ba067674a692194ecfc9e5,0
7dd7aaefc294a197e858de094fd6457b58bfcb1677484b219e24285e07ed4221,1
f97d4640ae9fd150d0ff013fce988b043c6f420e7f3ddd07ae96bcdb2b9c3667,1
43b2dfa8fa81f7c66c767913a6016a71787ab1f7a8c467f04368e50d7d3e2cda,0
5f380486524c51d8be794e3be23e0bf310d6e59687fce4de11326246bb9e8f38,0
92f41514f3cec38365e3b6376ab3470a5f200ee82c947acc7f592e802413ed53,0
81fb6901de950bad540ec28cf516c72228728791d7a3ceaa36b906829a36a982,0
a0625e1e5b241c90393dfc63e63f4aa74abd7144913f0e9e6a0eac121b422043,0
e03b653ff7383483050117b272ffcc7e7f7541e4b92b31b2fb76ce08fb858cc3,0
f9539c14af767e60c58f2b198ce418b9408ba1bc8eadbe8ccdb7e26e3660b686,1
523cd1daa317131ec9575f79e24d79920f1c25e26122a88b2db141066ed8f84f,0
e5d96fa5e51e1096633d792384e9119742a5b005c3fa99ae82ea5980c0b0c04f,1
4dfcd16cc40c5754eb7e972053f49a95a19f0329982bd8399fb6d023ac4e4377,0
eb0c327f62204354a16f2777df79cf65753f62960cd1ea920fcdd225e24f16c9,1
98acf7df4c304007a7d621369d96845f55826fa2ef7d99691772174f1c00ce5f,1
fe1d42af5894328de28d5c8fa1b22fee5c3fb11787d9c35a84c1f33450c91870,0
13b28d9f67ec98edf2409f2a2b8c0ee5f7ed8a6b365f6aace2e39efa8e1116ac,1
85cf79f75bf3cb0cbe417b55c4d935dea7814ea082be5451f255fc4db35cbcf1,1
ed91bcb5ee29e8a4b40439fb6e62874349d2da76bc03631e3961a6d2afc50519,0
8b94ec8523432cd728b1687d27aa0de2a0da718d808e20e87f85739fa186e435,1
f4850480dc3543f34aaf4cc1c0269d9a2398a0fc17b6df6b6a067f188eece1d8,1
3704561e57d3fb2186d80056b7404ad4e3eecf917e0ddf9ed0a48d9eee397d00,0
f28782436c98e73fdcd8ddc83a084c6aba7ac9091b36149f8bc9e1a6f8e60f17,1
7f1a1f2c25b234315b3841150a303276427035e7936e3d179afc60361572ec07,0
ecd88181fbe2ca85028d4be906a8f77b6dedbc901749ff2f4b308bd6dd737427,0
8e1de3fae7e1a01e1fb450997243dce4a8a7772d07fc8d5c9db0e10612430f3c,0
e621d5dfe21ba635accdf5b92b8fc0be01dc41d1f59f3cdc25054f942d05801b,0
1d8a22feeb26cac17baf47f1e51fb660819c623b16c381d049deed31020a9fcc,1
7ef3c6ddde2ffd97bd8033615180834ebf27fd5483f18880e976770abf6aad48,0
39301e86803168cd2daa2fa47417ea5e90743d7d2a0ea5b2a49c95c93e48ffb5,1
03186c76719a41e72eebd5a0a430a539516cb24e829dd51013b0b476c5299ab9,1
925c8d74275ff383352613f1797fd6b6874a32041bdd2c3f319664902c429a2b,1
f4bbe5f94b12c7bd1ccd8095da23a3bd36327e062345755dade340af682152b6,0
f6639cc702a045602a07599c33a33240f1a8b98cb4d759d867c2744f30ae5202,0
5a3f28e6ad8205a89338bceafa760d46f08367e213b319016d2a7c545a39df5f,1
e615249689e0265c907429025df9443f007282dd9442d9e5795277e3c0f4d783,0
506365d086d571b067bf291a37d0ea6d816e0f07fae94dd7649d8b367d4a9532,0
3afcdb3a7a1c0d99e849011022a15968644f217f1d567f18d7ba793e7d14f74e,0
5ef07dffa2ad2b5617ca3d0b5037281130de26f23773da69190394b5fd44eab4,0
2300eddf1a2f5cb61bfa9027fb19c442426d25fbe02008daa8acbe02c5dfe66d,0
a3db628dc6598f4092efc495f98eb829e376d0714851b6df57a5e1a5833a2cf4,0
e5616f548c679a8b6293b0ead83e0b37091ef4957b030146df1aaed23f737a90,0
3b5423074b1bcb0fd4c8a428b01797f23da5a25dab789d61d625a48fc178486c,1
d0b4b467553ee37e56671eaf73ce8224e105834d3966d241e1498ff96fe4d202,1
1177db1960baddf0e51157280dcd8cc955bffd5b28bf7d5c6e1919b620b94b9e,0
553ec40c413299166876860f8419f116a89279f70bd72db04c1754edea389878,0
9517cfc81497d79941d813be2342fa03be5da130a3faae6bedb0151cd479ea95,0
9b024fab381c08f3e654df21e06b67e666265cc4c4b9c53fad9162216b4c930b,0
95971956eeb282d7b73ba04374c0e6ed09593c43c7253df1ddfd051166d3a785,0
acd627be83465e1d008597a100c658989bdd31c3b58896045673044bdd4bcb20,0
bce217d4ab5242203f600cf7580a7350f9d304b9e805c5a1d760727b24f68a46,0
e6a7210c76807198aa10eef226e1216d458387fc15cd3eeacf125841fb77cd0b,0
96322cb9ffc020f0d3055e3263dc3fa118f30e86050d2d0a0523ea65fda6eda6,0
6ec53d253417fdaddbd7ef096e71b9a6a987e572ce2b4d94bbece59959e643a4,0
f209dfbe075e492db45d8f57e011e05011ea14512b4935b33ee6c7640b394d33,0
fb5043163d9fcbbcfb63707619d91944dd586f8e933e3c978aa98979b3a31649,0
f15734aea4eea2ffff5369e3032dc49907b68ed1b68be78bb743a00b62eb09f4,1
e69f4fbb1d42e269e2adcd0b1a486f6b14475ff14801285f3837f012d3368b09,0
ae13a7603d32993bf7785c0f5cea82ee71de0dbfdfbd2aa86a1969aff893093a,0
35a4e44e5e264e9b2df04cbc742e6b789f182625982cd075faf04e067ea3f6e7,0
4333dfa501f366114d519e8e9b6152ebc9ac1330e16110fbb7dd38e61b80f6d0,0
4fededaff586775b98d5167be2f692505c2d7841b16fcab041b6e7297483b699,0
687d4d95fc409f0725f8eb2d03f6cdbc363d77e0c1d5bf278370c0c7fb537330,0
49859b77ec7117f1b846f9efd29a28690cbd5bc8c21d7c2b347f0ef097043109,1
5b8a37a1d06166800bcfa09618777b50505188b982dda2444c452ba4b270cfc5,0
1058822daebbf8b062f8fc332a05b212ab45c925545b63c16601ec6c78b06f65,0
1eb2f0094b9eda55b7af0efeac915718b68f45f2aaea756091d54f9be9a4dc7d,0
6b09de9d0e56c9d7b7684153c7af6e8077986e6c687b7401177189f95e4ae926,0
3cccc02a5ee8ce5f91d51a57d3eb4fc5d396461ee6a202d7cd7444d67fd14959,0
f07bce15116d23d418f9c3af9b3d95374696fd166eebc59663372453e7dfbaa6,0
582c3a14eae8eb057ffdfcf590e6e290b8c84b0c3d836b9d0e84c0f950793a83,0
a62ecfe25e1520b19e0b11795ff039433d24548a28ee8f786f5b34c2e8cf5713,1
55b0195f3c9f8b763614b5fb9f39cec7ebf8b6fbb1110bfff0d595adbd6118db,1
2f35e539b2a372411dec58f5bfa37f4da733bd4c447f407b6fbee2e312ac1f3c,0
d60944d57f1fb6f91ad0ca47bfb4d284818973396f8c12836c37f861bd396256,0
134b4c9c319eb546a1325666ecd861087bede18a924023b6467e17af95bcece6,0
965871a07ee10e595ddfec39f6c86ac0b2789e304155741b224e45f4ded111a9,1
90a71e7192a0c40d0ab348a2dc58bae016e5409c13c5e25f8621b93295b707ac,0
e521e0a14a9d3b49336326d073c72bf5ca73d88adb3adcd5d306d7a82ccf8de0,0
7180f389ff67d6171843309dced558f5ed083bc2d0fbee6f3fd8697121c6bade,1
47563fe695515d06ffa4846390afc68d565a51c9c9b283ef79c386d7b237e269,0
e066245d87ad7dca767069fa03d3d968371ca5048a01edcdd9458553f7d638dc,0
736c864b88bc9cd59d9707d46b16b80dc30ac9f7f666acd9bdddd394aaea8526,0
1096536d57ee9c4bb5db6a3ca72255e9c40902ba1a1ed08f93cb8d0ff0d81041,0
99460239041322aa03c2a2da2b03c7d4400f879a90d49e611d777339bd31733d,0
09de4a9ad60fe8b620e1e045fb861d650b5b67e05ea337d233f1c9d4a57b20fe,1
8d1c1f2a60133689a8993eb78ecaf5fe510aa68f38c8156bce54acd581e9954e,0
749f57037f188720203e960d7b1bc2a76f359ca63fc2c98b05b79abd1b6854bb,0
e6f8e85572162ddd684edfeba29f285884e1f869662da5cef1c4a5131daf983b,0
d202c65667438e8e2fdc00c31b26f751d1d8a22685863baedb8f3eaae9a7fa18,0
13dfcb1a190f8bce01f342b00eb55249e780a284238d55329214166abbb2decc,0
ae49b0d76077a26788f9c282b2358cd0461b5a8bf644d45f88edfcafb3097cf9,0
8a6a5416c68b8d068e88658ba00fcf966bc83f57041f4070b86e061abc553bd9,1
a4025c29f2972909595a4c454927e2e2457360693b9445259863e220bee24c24,0
aeffdb4052136b0dfaf7fd518a802db03b77acdacfba66eed5d6a74f70be8159,0
2efef795efe1eefc41c575615c59048eb00e5cfeb88dcb73624bf553859e3611,1
18e4fea861c676e5a615374e1eb7a787b16f32aec6639a1dbcc7efcadc613f1a,0
39b43d0113f852811e36e05737c58d3b5e231636cfb9b4bc6295e5c2b9c047f9,1
4fc1ac416af8cbb0fe1e0a5c42d12d9e5d3461b6e6cf86c7a50dbafed9a58a7d,1
6d2f8b7a99709e36cf5828d90c33187a6e01107b281cfcf6921cff949458e786,1
de79fba7cdba2650c404cb00f42d9cf0a3e96ae9a4e0f7a08b09390527cdf7e2,0
41c1c84fc71e03f991cec400248f256df947f8b7dfba9c6d5c22dd4f216ae596,0
d36d65886cbe5efd098262b7dbec357c6cbc3e9b5312e5ae6ea1d9904090ee65,1
0d5ffc9f782c422c6b45cadbe7f0d19d1a1da13e415a232903fa819a24ad5383,0
093f3493b754f11e634efc30f5a59e0b18b2c6a83f0f362c3e36af989a09b431,0
3af7b26580e65cf2c21762465832c7549d971f8315b4ea6f7c058f402da55b81,0
81a5828f3d7318c5123bb5cc9cc31b6916d8fd560cf20b5c530c5a3ca8554263,1
38f3b0378b929a308f484505200d1a343a2a22c7303bf5424259eee97664767f,0
db2ae57f199aac02933bb10598c427b28cbc3a44a7fe1a3c186bb438eed597b8,0
a84a1ac33997525de7a6ea9e18caf3ebb43fc0902b49f475eb78cf886ed9a7ee,0
18b5695184ba14063e1febec844bb35e21b0b9ff25044ae7cb724669be69013f,0
b0dbb71d8d8cfd5555980a50f78bce0627e75655cbac643a1f3b90e0a0b41a62,0
a1ab9797cf0a3b9d5809f6f103730cf046dacad662a73b334d67664b6819b950,0
1068b40183911a6113559a505a39012d316142b73b561fd3b93d60aa486c4728,0
a9e4289f3a0d73fb21634fce89cd41861729ef1b11546f0cacc58165cd153919,0
5047e8a6ac75451e87ccae6afc1b7e45294f7f02722745d4caad20a1a472c7fb,0
e21975a43969f2bfa45fb51f22f3a723c953bbeb28172f14b7392266267b0553,0
b78b3c2b15881b9b914a49f787b98ed49483fc500e7a4f99b883ab021fdfd603,0
6ac3fea8bac7c3430a4adfc9bf40d7420608ebaf22da47a0c921adc1aa08b270,1
9a3ee1b184adcc8cf9e1910dbdd29b64afb815f60fecbcda5786e707923a48e8,0
6b5c88959d6cde96d7e4a39480dc95227188e3b9236663b3ee10a70d100a375e,1
d92452baa1ba24fecbf16a169c8b469df3c6e370e287ed76c4a84a5322302862,0
00c7201630ec375bcc43d4f1fbb9e7c2e8a45bc073c00267a4337478d32bb8b1,1
963e20621779bb27d8ecb19cc3fb04c60e382ca217b42dcaa81564a6fbe8b8c8,0
e715bc897459aa9d756d8eea619beea9f09c7bf238b9d15641b2df8f1c0aeb3a,0
625abf83368cd31eedc72d9d57f4f614e38fc9fc693b9e359a90458ca192465b,1
7566a6d10a26133f1c94bf73f363ecfee5e5f2e50ded6bdb253fe9104acae8db,1
359c2bce3b00e26d6f99da3ea2f9a5c52589af4ab6c9415015abc7a0f7afa561,0
754c3060e7f3815a99250944cb407031a77bc5f0538f0c6e26c7377af611783f,0
6b6ab55e101c03134ab7d083844c2e8c1b58bb56d0f02ae11c9600942269fd3f,0
4dbd81419e790697af2397973b1f4370b9e2f01db508efea0181a52b6161785d,0
ca646ba65c93312ef3cda7cda79d6810c7a644db3ca017c2f9512873d583acfa,0
c30ca101dade09e76a30b78d6423b4d894054174cb623750e5580edaa30620b1,0
f04e76478218ec704dc71d2a1d21d653917ee49de734c8a3a43dfa00b3b5210c,0
427d2c04fb9a373f6c41294440525bf000a7318c4273b0f95b0ad230cef0f8a4,0
d0071a6cf085623860d7398b77614e5b7dd7115fb1fc1d2bc5d4f83c3fbdf2fb,1
a24168e6a207bfc30709bfbb94b6bf1e2779664d8c4dccd362815a45a5dd662b,0
89afbcbd8de61c946cd4a6d2e2a8d109c457a42332e09eec820404365800cfb6,1
9a49c02d640b13b3f1fc4bc6c8e685cc1cf4fc0340ba3229f9feb9900908985d,0
0faa36254d77ae32c3a8d1b86eaab2ce85f517930f4e838ef8f6197b2f26118e,0
3a3f07098c04abeb6ca5f940f1f7b825e8b2313d1285d7770d5fac6c265b5fbc,0
a86a4fcbbcdca8827937f6e32d755b64fe3a3185794c179907459f38c1b62c2b,0
421edec8c8f3556d4d0312ff23232e944153775c2e0bcd3009e84bc66a6db882,0
1d64ce29db91532ca09d90a0ffc7b3d3458e80d980e3c23c12b3f819297328b9,0
d75d240e3e14eb2d135c3e73b4799acf63303da1cdb6200043a30ed2cc936ce0,0
cb6a0beebe2b4729dcdd4348fb4688182712f498735165b73074a4661439acb6,1
f59680b468145c21d3837e54885ea59bbd137bc58d4361b47965ba163f8e2306,0
18178ed3ae42013b420c2c36070f6df4da07c1f0195fef1f05aebb3aaf3e4fa1,1
a95fa142e81af12f10a560fe6bc18d32562bcef0a4388f6c403a5ef0cddfa181,0
291727c626c208726d8edebcd9260d1af99f55142b2406797b177a8680cc72a0,0
2a3c149b7382c3ecb0e45aa9fda0c4ed957f7aac67f053a3df908a5d8fd0e53e,1
4db93fc3dc804942e89b5a25f973ea8323c433ca9e1f6c5fb82bea408f8fa7de,0
638605cb17a873f0a739782ea293a1b8c69dc9b66ca850d4a76aa07454f140f1,0
20ef88e23ee4551ba406b2c9f83539c3e463764871cac0730a34048ecf78c1e9,0
e71486c0c7ae0a37283dfc47d110d7f614c2aad06c945d533f5dd2dac4aa25f1,0
5d616f34d28e5e296e6023406bf909c51e8f5eba238bcc64f18002cbad2c5027,0
798a4faef8280016e16355683c2a81212dc2788cd891fc1b8a2307792c565599,0
1fd77c6960b9a12792b986df71aebc779f6eeb4ac4b116befd7c6282b3786641,0
ef6bd3156276f25515b3933b9e12cd0d16d7257a8b116afbb25c7f8e99c48cb7,0
cbde6d555faf15031bcf8538b6cac2865e0b39d666a627393d310b90b7f1f837,0
c73120acc55abbf79eb73eb51b99a29854b3088f62224048fbffc5aa347b04ca,0
14258a9f4ef1c381111f66358b59ac134c1418a8f19e6d5e754ac8294fc2ba54,0
c6a1aed3eb9b48b16c3bba3d101ef5810b9c44ebfc7988e484be51383d1e7c6d,0
5d7aa0352a497bb308da90b5ac8911fe3c61a84c2f0926dbc352a8c555746cbb,0
19c0441a9004f4089ffbd01bf18cca30d18df8d2f6256e28f9997b39264bf345,0
e785ac2f43f10fa07c7daae25d8ba597d372623516e722ddf8cd3adcf004d2ba,1
74fffdd910d11054cee59ea3913c7e39e85482a9959b3911a0d196ba6d8518cd,1
9a2f063fd94947d1f279f4bed25fa457ca0cf13cb6ee6b6712ae16868c2738ca,1
57991e005349adf365af7353e5cb3d5a86419c3ed813daefb430d930a3ca59aa,0
b9cadd4ec474e52db0c40785cf8b5e75e3398fafe20843bc6edd60615125cbf6,0
ba8d08674d75ce3dd75f69e063754154e29b5972bbeb019a4b86de9a1e42ec12,0
3d2ad156b624a6280edbbf243e2a5a2f5a055b0173f604da4f2f29c94bc25f2f,1
7140fe17a7ea188a2b7e104cc62282c0382efd69e8897b9aefcc053d79407c1d,0
a3d08c92667408c0e24b90182c687a30f4b99d1a100868a19f22f3a89c2f2b1a,1
9a5e5f7ec88ff56502f1dc88f5557ea270d014b75e8fc7e90b1cc1201a117ef9,1
cade7b70159e6d1f3266bd483b236a0aeb94c80ab4f44a5d3c1e91c1773f623a,0
f37530f32776013a6f260eb44e46246cd7491e89c96fd0dd8e4b3aab9bdb3aec,0
95a5d04c90c96c8482d2299dc280782ac055bfaaa7574e1d078eaee945bdb444,0
8930bc4a35c57e81d688ead63e7435777a50e9892db73575ab7ec0c6a155ac63,1
8cdf1d095b47f7ae3ba3ce900ec03f0391a01a7973206dcfadbeed179ca4125e,0
972580abae094c54993c0933c247835a94beb077830acb8d8a105aa58a99c24c,0
2f027fbcb3e494413596dbf6ea70f49ad2b71fe7b2871f7e9531dd1525fdd4f3,0
e740068ddd6f2c73d2da620fe976abfe8e4cdb88a803d1b7bcaaf09923901614,0
7f89ea87151337ba7abfd509d934a3949ac37199196e65f2ded91e0b28ccd7ec,0
76e8f40333c3b460c9db6ee669ba4428e3a9d1595451a2261811ff3d7cc62c34,0
b4396627835547cf38d84206d3e9151c0fbc4f1134e37794c4c20686c2445058,0
1b9bc6fc5296b6649d119cc950ce1cd10c5afbfff729c432a9cd2b26ff0d16fe,0
6e9a0949b138483bbe80bda3894668af7d3b2d427ecdab273e36117f310366dd,0
6b0ff6f3ebb8c3b6a96bcb0b53e59052478299f88985112a1c9bf96874941374,0
0265eb2f651596b5d40d99c9e3abb0e48e46c9c2310bc75b25e55871cebec333,0
3f737ee67233a747cfcff51de670affa8ef188b632082471c3ecb1a390b4948f,0
4efcdf9dd47ec8d6277126f2a285ef7d2f133d045477462aa8889604a666416e,0
73a295ad227c10a45259cbd776e6dfee4a2ed3f6b716872a138871e247e40f49,1
0c3886efb54fcf66b0dffb8bd5b1ad01d435bbf39b16523f404ebd15fc81d31e,0
9364c9a712ccccc0605ebd1a7cfb0e54c6894d82983416d6765b98c2d6660151,0
62722337954fbf5768427f98b6ce1f34431823f03d2336dcde87eebd5df72d4d,0
ffa1a97dbff1a5d9057e0a476639a9d77f4e8a51000fd246be2e21f1d8563b69,0
4de5a7bd3f1668ac3468923f16d1b6d6b0bbed93d4911400552cd58867ae19fd,0
3ff08a04c8851807d4844891ee4432c73b6bda34362f01482af12581b1b0c5a5,0
4ff50fca081a595fac7d1e4e2f65e481b14d4f1a861bb79f26033b4dc664072c,0
300b5d7cb5b3cdcc8be1ddee65fc2f8fb24ede1ad20461c253b8de3090f2a1cf,0
bddaeee7889e761e81a19d82c73e3b9b1ebd3593deb275a9d9ae38fa4785bd0f,0
13f904bfb83523932d16c92930277261f7befe34eab16ba02431f71ebae92fa9,1
3a8cd842874603cbd6619977e48006e91bf2de677d1623d84b6721067676b65e,0
4600b8ea0b3b3af058a3a6953fe10cdc6cd4fa373eba9b8a5f29501ec55a1921,0
a2bcb0996c2e740022572faa02417ced6422bb66a7dcb1151b6c03bbc7779007,0
b2e3b8fde9661bcc886f6e15eecd4197b1162c0159be927ec127479b25dbf90f,0
ab4966761823d3807419dc72819bc3e0f68407b84624334df8d02e9a820dce37,1
57a1257b6d8a69a56e08d3ecf9b95c8d142d3a2007ca263b20c31d97c3ffd2cf,1
1e36832a98832b13ddc4dc99e9ce278b0a33710e95e32d47cc3955c881189a9b,0
d3b96a927b8e4e6ff2ded5807da9026bf961988e1a6babf4faf77f9326ad3413,0
61746a712f4db992aa27f8693f3b96843f93deb9f372e61529d2ca680d8ce1f5,0
bd8e6bbbb13235fdfe5e6de99ab21b029e6eaf2ce8e93f8e85c76ad99ed7cbb9,0
b37f252a94b23062e0160a8ea1eaf85b9a4114e5d5500d3264411071dd7555e1,0
350270b0a5ed9c1382dba41c64b67cf0f23e02f3a813b2b3eceb1197f5a1b1e0,0
bd31302006d28558ee201c258f363b7ff34b32d9871b6c379e5742c88c4a2315,0
61be138a1c381edb02a0aa99442d45186c3b27e7874c8e9edf50daa240be70c2,0
b586b0c10cdb5cc5acc9e2bc8e2aed2b5aa32315eb2b8f53d5cb3f38133aa07c,0
fc796c51513206bed607b83b6f5a41a5bb580b4a25f49d90b1a0d05bfe975cff,0
9a39e060da225803c95d30e7137aad21dc510612e9e8e07150c34cc27d6c18ce,0
43b1d4d5642183eaffdd47671465b33159213f9e8ebafa0faec4285144e41451,0
05c89463ae812dfdff44b47618ee13980e7b80e731aecc40584913a8f06a16d1,0
e1689b9e632bec48aeb6ce21d5fb87e945fa0858882e43061685200fe6b01de4,0
35e0894bd718359dd68d9228a444a8e6c94a64dfdad864ce8f94dba8f95a3557,1
05d06107a0487ed313f707d639786051d6632a963b2b3d722cbf6a1511d1474c,0
da3676fd4d15f90ff6aa0b2a2b89cf823f953c828da674ed1a81af2003f5c732,0
58f96074c5e0f520c66a7c3542da88b51f2952337357dbc175931c62e52bbd9b,0
096b3732623ff2a90b2e69f43299914e3aacff26b8bb29dd091ac50a9b4ed8f0,1
26462d7abf6a9f317fcbba5dc957591e8653a83b21088bb3b5a15cef495507c3,0
ea707c79832875bec02ff7bb42e374e688176d33c4de0f9b6448e2bb949edbaa,0
bd3df9c67c6ae02e83b03351173367c1379ca8018263086d6dd86035d5040754,0
75bd933d339be7e6987351e6d640ed8ff69c7c2252ad06016548aade4d44eb33,0
7d3ba8c607d76183fe62bac6568ed0ab3d84ffeab31f62b2b8ef21167a3382c1,0
32222480cc0d5cd6dff0457a0ec36e227cbb8d13d5edd6f65e8d146581c59e75,0
4bdeeb47d3be59aee9d13b27a3eb2cbe33191f9879f024ef8b11ee8fccb8b72f,1
844d0b447354695aca833485faeeafae12b9db25d810ce46b1dedf4c1e7d5837,0
a965b1cedd4e69b150e0108987bae2ebb7079abef687a3bb4ca997d4942b090a,1
5935ee33eb52f106b2fba7950a1860c4a3f7cea002bd786aa48bd00087b7215a,0
b20ecdb3a4b27c4122a7e933ae106b310084ac99a149a6cd48d8402a643af425,0
b17cca8c54806531c7b1ee857d1ab3da6e3ddfb1310ab2eee6c22344bd1042e1,0
dddfa312a72f7fd79b56bdcd3159a85dc2438458c7aa5f70adc6324c88c88e5c,0
6ddc67f5b9134ea8f2cce1b18e14d5f9140746e1d6464e93669ca71a1dc20ce8,0
4cacb58a2cd9cd61a331f60c6b1e7a344a8b5ae073e6ec9511093842b70f9e1c,0
0c81e04a50e03820e6fae4fbf121ad753c7bb0193d72b8aec734f10335fbbb49,0
beea62473fccf8ec319a6da84668e8d4de368313a65680790929f5eb160b79f6,1
8851ca4f8d4ed40a6c210f225879f34e6213defb3ed07e89819650bd4d5a8e67,1
0a2601b6c2c2b83eb90f72bc5dc9831cd5f826f8b85aae8506e8e6d060b1460d,0
e5f9445dda9cbcebc976f25696f9b90555934006c7c84998630ea65a96b7dc98,1
ca79d9dfb61763288c3430c780eb8af9ea1e72b6aa3b79103c77f4408bfc1d88,1
2779edd49e6c97ce2a24ef821679e586a2bf366b79d0d4617f557ab51fe69445,1
ee331e8353d51c9fb486b2f16875a8722d4e4fc8e147a3158a98af765b729f68,1
678c68988fa5a64d08bd751ace752edcb2b66f08e06747d8c7b7c04400c5b8fa,0
4b988beed32f51450b37f76eb56d092bdf6ece75881bbbdfa0b5df100e1ffc11,0
fb2f299a8c6a73d08bb8b1815926a57bda0fe65e0ca21ca245b345a36e1ea1b8,0
79f99cc0ae1af1477374a85b52f94f7abf958de6d6577c816f21c6dec22904aa,0
14ba354b043aa7cc9b1f6a6e4505f0f0f2d3e04d06c870806f8a069a516e8b0e,1
ef9619937ba4b17ae4a90054d3557bd998597260b4d03911a303ac40dbf6a27c,0
01b6c7685d9b2873c9605645ce9594123795600b65b9c5e637ab72f56994f84c,0
505675fe544e287b5ff66e754ac605cae84ae569d1ddf34b33dfec533ca6ed3c,0
9cc4432512ef8cdcd4bb9d7db086479cf6a3dbdc4b90cd5cd15c7696f2984e3a,0
544fc9240302afe7f0f2fe5168ea71197ecf5bf200b8e58d952015e5eb84e495,0
760da7d4a4b6606aefe9147bd341496074a829fc98ad6b54f3778105a5fad016,0
4231ddf86175c6daef4b82f7da5890c119912d0e13c7ed6c5c2db8d0672869c8,0
bef8963030bf81fc7edce9c2fae1454b5aa95c26621aec9c0b043569030d260d,0
617d2aa5ac9b6341ebc2a7e28f77c051d465ed267aa9e1749a47f31d10d78977,1
5fa43f3334f5f2ac56b21ad273688991e2cceb60af8353acee596908c6f42dfc,0
55dfdabb3e9cd3c74d69d2c39910890b16015d36dee1534589ca13ad01fbdb2a,0
be0f920c82bb8bdb190b941ac3d79e26322193d59e2f469543f619952b28d893,0
deef456f6c66c7e9fc5c14d8c9f82cc1d37e91b32f6eae9e442418e5ba9a7be0,0
ae6404c22bd08a4ea044bbc4d5fb1f4dfe4b0bd889344d810021bcf517c9a7d2,0
9639a45e75ae64e67b717011eb87d7ca80c4cd31c27344008ca09f148ca9792c,1
7a8fd84ebf88643a3c87f7b95757540bac5c31e30c0acef8833c48612cdf0e63,0
2fb1445a2ef70fc6a31f878855cfc1871d634326d330cdf27a40a9ffc9182728,0
b9770bb8e2c4f8164e777814c3f3bbf5fe53d9ffbe72aa5f75804d6c2a5e5a4e,0
5ea016fc8bf579330671d4b33611383b7e5e50ae52614de89b093c6fd16191f0,0
79161a3f906115d13a0685b1fe785f634d43e985286628e99bcd87451a417232,0
c13d80fa3b306606ba500f3f44a1b6e124115f345cfd3518e106cf1a8695c238,0
45dc02828a14cfa8cbed61ac2eb3b99210388c768b2890744c2828b36fb4f01f,1
313894fd324c8d9ae3de735264acf428aedff34172e8862e0217f6cdd7164de9,1
27814029d38f76e87910c59a6ae9a8ba6e8a92f5a572d12f726458435a1e1d3f,1
92efba4eeca635175ac444e344d3e6dd6acbd3bd56e24276d3c573868c6c7be2,1
df9a7c57101cbee26afa5304015fba832586e845a4a6eca2e01e7107466e1e85,0
156f328fa2c567ccc3dbb09761a2f5dad6ef91c570953bf4d902f3f6add7c62d,0
6c922fb86d0fd90636891382ec09ee570dfebfecabc0e72532534e6a6c90320c,0
4f060d948ab571ac4488a93d2e9b8c11c0a1fe8f30c8a5a7a1861e8fe3ef5b16,0
6c05f02817f1b33323d88eae5a417d78ddef7b6f204457e1bdcf1977b55eab6a,1
65db59e2367a60e57e35265cfc4cd51c8bb8562c11ce7e77044d27a18e438a84,1
2ff26ce73e19207441039060e6d69ae88a332b234468b386637ec1438f322957,0
fe8874c21a6a2a37e61eac27e51babccc656240a298d26beed34cdf10967ff6d,0
9c6bb19600814ec0b5fd06046678609f397baf686a54ea252581cfdd78606960,0
62f6be41a62987ba24c33a36d4c6960fd16f67325d9cec036b225330dc3016b8,0
2ac63c141d3c6d57176793ed21ebeac2654a6cc6dd5725bece8a8547d7bb8dcc,1
d0e790be61a77d8574631c9c99ddcc96a8153d3883f20b9baad396bf383a80d8,1
c3a781b23d94cbbdc55cc174034ea14b4d8d476219cc30f014ee2139a617cc00,0
697553b504f50b986544ba30f332972399410caf208b1b29f3ba8a2e2ec1a275,0
3f0dae6f16747190b40b65d974c4153d020409b0103ce4b3be3053518e2e4b34,0
723ad973af7f4c0af2ec60c1a48afe3323415f7bb4a77d7254bce3d5fb15125d,1
8eb44ae29d9008a948365c15535809d970bc20348e940ef6f4337c1f78dc65c0,1
b1c9f247edca9add766b7dc349f6d8f251daf27a5e29ba37be9f18a01b74ef66,1
8846ea14a3eac6377fb7247db8ccd7b2b40d5fa06754f6396dc00cf3cd89c556,1
7792c0b592a86e5e17efcbf6b0e8cdef5a6af21ad5750e299e1a4bf5ce01d405,0
2b3fe354d026faf171a20969127f8008d911b3cbdb34746ef963522c6b9740ed,0
2d8c35ce6aabe663deb049b67f65f2aa1aca104c153421d1b0220dc51cf483fd,0
4272fb1e958957b303b793769b7de70485eef674c2073d26641475c7c866e8fb,0
c917a4ac9ed8cc336354aed8ee92fe8eefd94b0444ed9daad91baf030cb71470,0
29c5bd215e3f68f7e3c46e47863b83385e3f6841ae2bc1ac5cf44c787002f698,0
619c9e8c51f1253377dcf00bd50982f40c44d3090e7ea77a73955dbafd3d8386,0
92eec4dfd47e62a04a9702600dca6f4526bb07bd41d809395f370231460b15e9,0
a7ee95ea479b40c1d52cfe1ca683e8feac2f6adc8de162b26af1a76de54ffca7,0
2ffaf6e72705c0f776c8b365baa6e4e89857ab71c203c9239b7402a805f32510,1
fd96a4b04a008b4240a0e7f7698b6979270c5d6b7152222ff47bc1335ce2e931,1
2d3971d81485fb50a4e17dba4dbbdd4290a477abee7aae7c612294c615d7263a,1
7f2435a44311e45bd27b50997ed40d33fe9b03a701fdea4a88fec252877d3b4c,0
83ab990a892f50ca047e44206b57ad4ae289863bcf630aeacb0bc659bae4eaf2,0
521d28590f4989a743055c1a56a130df0b70f8e343d88a856cd790188a13147a,0
a4b95812ee440bd2fc41c8293397ed95ef68d2bab3b9a8211133bb129e45c73c,0
67616d910589c8cee9e30a81856f4364348da745da990f9c1673c40c6ba725ef,0
d510e138900443bf9489172547a490fc94be991c7be79d9b7b03f646584eb989,0
6071424d9262e8c4073eacef548bb088e84e0cb382296bf51cd2f3b855552386,0
5ca9ad18fb890b09d4ec2ed84ed0f2487eb646f9a7e0e9ccf047bd8eba605580,0
20707b54230f5e19ad2970ccaa20d39b9bca9b8c7ad1fe17ffa489f4db3cf8cb,0
bc6497ab400b055abaf310b7c384af10e8fc1c936f7f46ce93807cab2847205a,0
569e04e499d33aff6eea2f37e71c950b10c7cf458b05b82a6553bc8367858623,0
d686f24bdea753535b024fd695b4b252e2f7c832ca7ef98b2e59c9547fc0f8d3,0
60913580c5bb088dcce4297d5654233377adaccaeb94c8d5fce44ee133450056,1
5a48a034ea5afb59aba6af6a6724d7e2fd816495b8b6722e19ce1b22f0ac2f89,0
095ddb23e4422feaacc9797f4ace924900848cc3d7ab64444572ee24d9bb66df,0
2cd3bbf9100bba2e6e7ad5698ba14d3d947611752864e055d0d72dda25550549,0
52bdae9376a42d611cab7720e1de2df2f7f87dfb0f4e59dc4c69f11eb6525333,1
1595b7e3c9497b398f37433548b31a8a39898e4a48f03b426798cc05db5ab44b,0
562cd848555549611cbd889f5c08218145b372978288bd3fd7232dd9f56a759f,0
904f4900364d64e200e1f291d3e8e8fd62a3c78e1e2e032170e4b7c18e06b1f2,0
e0956a57478bb03c420c4035eb67ae8f365101c86aefb283ea04f6c81d76bfb7,0
948823637923f7df328514e29ed85e2298fa7df3f5c0118407ececf8f56ca56a,0
ad6e5917428d6fdcf4e90f6df14ae9b253cdd63b6a55c75042ec64c98d104560,0
b91f292a36fe22a3208829a37eb88a73b09718394d76ea0756271025ccd4269e,0
aa19049fdece1700e5a147fffa2d579a50ba03dbea1a6b6e6bc217b1f6838a7a,0
78c7861f0584b637276edd23d4c9a378a0d9ba72d1b8b677124643adc8726dfd,0
0723753756be0ec8c15f5010b380ca399c801deabec9aae91dd63860a92ca490,0
6addba3a77c5281fc72ff1533edb6151649b2c0237b5f5c6f4a6ad2004e1007e,0
3d82f6e8da2600c31864b680b7454503fd57e61709316b18f07e85cbae704668,0
42cd8cc9fd7720f880714d53237b02976167d16aab4dc4ce6b92b274c235c993,0
8064abda6697bc5bfc5a771d22e7903e39ea903affc234cefcb22c68b1d33b90,0
58f48e85e9b5f9ed8201c010e05628c8508b7e6bc853d939ec58db2c31cd15f5,0
73926596d1eb32afa3da1232ae6920d1d0b6f40793c8728e2792556d2e2ea1ea,0
495a1070562264bb6b7a5d94b2a7ce4b65859b66d3c2975096f8646ce7d7f5a2,0
d623c9c4b5a5465163ff5835995bf33ffd05b0825f58004bc93d968d0ccd5c80,0
ae3954887cf3ff6e0a96e59b14eb4046d8c27dbb4a45dd23a21551f22bc03f96,0
c182f32063a4d0991e7e47a5222c2cd7fe134219b3274cfdf8780e007e991575,0
5ac6602b8c44bd559382720fdc113cbb28405f18d8c2c49dfb82ba64acbde48d,0
04f33c74d26908c6b2ccd6b713b543d206d3369e60e7b5fea5e7b152e498a411,0
441ea66eefb0c855bdb2f9e5205799d3ae2872585c19971a2151150652f0be1a,0
d8214041e869665b542becf125ad840cf23b2d9b808f15ff5031859bd3b836e7,0
341ad16f61d99fc69de5b91231c15047b70eb937c9ea65d59077e549947c3512,0
fb4e5bad7994e195be098530a311d68f3fefa452dbaaaa1f7e1b02b56341872e,1
43bcbef777a7ed2d6e1ea355d1a0ee6054a4583ba3e176ccbc9ad5fd3cfbb6a6,0
4fc46b6edf36be2f8d4a016c13e7f3024542667cdaf53ca039ead2d863920093,0
b27c6dd9b4b20d7b47bcf3c37a920255c58be817271c2889b86e7548016c4c1b,0
2cbcb9bde06764119a16d2844a637788de0db35659d9b983ff7a5ce708d7b8fb,0
28e686e013a991fb5dee8af7933abd263d62bd1393614cb20388cb7a26ec5fd0,1
3dc65c76b242e7cf43fac80bfa245ff4a68487cd6c3d695cb875fd1ab05dcc99,1
150419795833c23f716c8cb6149485a5904f8786d8cd9977d543600d21b9f6bf,0
098c34d040d3b65a5c6897467e5d5eb56a8bf495ca30215112a089483fb465b9,0
68877dd60a823c428975cd2adc24eef3630bcce858505ef3029210e8143b660c,0
52c6cc62af7063cce5d2e377084d47a104366f3c2a048f09b6b86088b5c1de28,0
55189fa9a93b0a4e00a7050cd7cc52f95d53ee5d863d87761d50618a37ccebf3,0
49fe8b8657a0ab5574cae9380cc267790ab67b9ba6ab6c2ab51f6f891ba44409,1
2f413f0693dc284e5da1744180e86a451db9733e0bb274e3f0e20f9f05e0f62c,1
d79de549098a1925c1120785a7c4fee972702bcc367ec4d01bfac9dec6fe8e91,0
282b6cbab09fb829f66130087d29033a69681b03ebf1803fdd0c97524dacaa23,0
a4ee41e2f8f369eb7ec2cea734d20f2eb873dd2451ae36e0c2bcdbdad23cffa7,0
a34155be1094bb83784ae113b7d9de3e1674ec76a13027b009e1c1a0c86300cb,0
7f2a3bf2c4fa9bd8346d927be4d40be92ae6d11b858f33b32769ae9f7ea640f9,1
2f53f49190db777ed463c771692875977d606f5446a15a74f4aa5da3594fa0f5,0
26a8d78b6898af1a60cd5b4ff761ece099f1eb7eaa89ae08dbce0246868dc2a3,1
a986c1c89c5aedf5b6efc539d7dc81f20f68adfedd81ea8e91da068021a4b12d,1
3a0cab93a59c0edc2a721a97d3d254ca206e43f0e1e38cc2f8730df4de849b3f,1
4b0f0da320b980122f65507ba41a0854c34e853abf14166d94e51c239fba7a1d,0
b26431eb1311f5c03cbb0c20e1de419fd01f32625d3b8d0d9924d51e13e47463,1
c64d57b6caacb4497ea7d5464b19fb1a78518e4bdd7855aeffe4752ce3e6e8bb,1
855eb1756c4c94f788baeb7fd40c2ceaa88a7545538cb1f119a39e93af2d64a8,1
e132c9124007753f53479e14690f87cad885a64b78c685783f61f29803b3dd65,0
62f668ececa243420d5e35cbfe2673ddeb39bd2d58e1ea605143c9d320988a8a,0
68466e75f0408d8d43f93b99120cca3e330d9ad2c7c7fcc2cb9e64c5a28dde51,0
cb6b10eae687058e81baa2ab2f084d89b9d8365f04da0d573783120a99e4604e,0
13aa0a2704823bcd71c8525044a7ec8a86fb172cefec7655fe3dde756edf7072,0
8ed99a66eb8ec29438357f52cc6c5e70ad10d98b70336d531230e95606f2bcf4,0
06ff3d6452fd149b21e57a1b73fb9ab727b3d45e595599b8a4bbdf99a841be9a,0
4a9e2729bfdee0d7891fe6bc064f3673549924065a82635f6a489c52a66d5a18,0
0ab2db34b0388022aee335b9d5e77565c73157f451571051b90ac6f67549431e,0
c9e79a274f3df455b81a05f60c319bd1f8bfa304e1c4cee83793e621977164f9,0
859fbfeee2e9fbaf4e6074a63f6a770f109f3382f6eb5e3fc05482aae7d9e2b5,1
6eb26845ef4ba7fe6f45d3c4b975dbc4da20ad9780a4741552bebc02066e350a,0
9aa816e3d2f779f25b4dcc95ebe5f90ff3c1f517de8d9f098da94c2722022c82,0
bab9c995dd2379b88ad4028bc043e4331f50ae7cad69f9962ba18c3176146433,0
cd95234776cea76a7c3b401507a63b3008b234acf7e4b86b20fbe5003d474f09,0
eb6571fdd99a20270106ef070d5f2d8263333e25c7b84ac1863c7639008a6af0,0
d65548229235b1df81cb759f36bb11b9aeb5d986b66cac050c6814ae12faa24d,1
6e36b01a295d5d4fc178a9e143cebc80c0da4331363efecfad8e28ff17f8caeb,1
c17298759be58d95ee65988b0ca2b5bf569254bbbe6031f6e758ec4e62f50683,0
5ad3b895a206ea61ad2db7e99c4c3cb05c74e85cdb215ea709079374f5304730,0
f7fc7152770049b6edc279e74351189a704ee449cb1fb3708b19d0b5da91422e,0
573f857113230514dc6adb3e955a2dc7da06e11e0d00f859a22b12aebfe939d9,0
668ca6540d99b4a40de8bd5f095bfc2c95be89f15f6c04f28f45fd4c046123de,0
4303befbd8363ce2baa2006fcbcf76c2ced27f6a7430b4bd08beb779a2fbc8b9,0
357b47f1a230fb6e8271184cd2dfc410c8e8f1bb61b6c7c5b72f22966ce5855d,1
abbc385c42794f00be062d3ede81ca04fd3fd74460d4f8975d54574ffaa399e2,1
5a6e60b58d34beb1ad89539ff339dc3b3f703dc2b6a09d0bc70756c18da88968,0
d359645204725228e1ea0573d46b9f904bfe38dcdab524bd394c923bfcc93315,1
8e043fc8589e0eb0c51fd2738513abe029350acee88640dfe09bc5cac34527ef,0
b5421d694836ecbfb63c74fc43803c667b4d4dac4539a326f63d430449836433,0
03c5541ddf584c5da60f17925e0115446a7a81a4a8505339af6db626420b4268,0
250a38669f89f799cb12132c678fbd68433a388e5f1144afca826f7ddc287c9d,0
7ce26c6e066c26717a28c6df32c177630a4237002427248a0c2f9f8a1e5c385c,0
b4e1b1ca10b305a63e216a465055b4af610fca3ab90c0e62977c5df3705342da,1
b60bd1f11189f517384ec3533e846678186eabe7cc245a43adc264d08b1f0f63,0
5b091aaae88c17966073d859ba37e2af05b48c4da857cba746f885b4b327dea5,0
e299a12cd32e64c214ca6f3415c2905922dd920e61cdb708fe81f499d8f7b552,0
43dfd3fa84e29fae7d123951461b75d64d71f2b3983f493bc7d3efb91ae7a495,0
b88b89bef42ba6de364191a299ae65e44e2450e3e8adb202dd2fe19219330ced,0
863435bb36bf558555122a9a0e4847cca5989a13294d83fbdfb8911c4cd5eed8,0
da953e73655fc9b87fc92d0bd6680398961b85026db28b529ebc163df4692a8d,0
03cfb9eebcb8a295590ce77d4a987180186394bde69330d05be012f34b72564d,0
9c561daf773d952b2af68d59d6386c7e579ed68a080b3aec9781c99d1c7ff49f,0
eb56bb151842b9d2368f9d766b5cfd504c8ca0b4a9047eac1cc26acbb7fed125,0
6c957ef3e6ca67c20af43ea25f1ee79b3509538ff1da41485704c4d9ff938bd3,0
00fb6a87bd16e0e5548f6180333d2fb1424414335e89775078ffdf7d4c7fd8da,1
3e0c9228e2457f96658bb3fea80ae2f93ccce7d8b3071e4c970300dfe476b3a9,0
4de3b2bd24c42c4430f54dff29088e3471d1f658c5b4f3eea8dc597228d9cff8,0
1eed41311353209f29800111558bc9fe3a73a0257f493bbc65efece53d38f8ba,0
1f43d54a92b7c8c35b58dfd98eb228d1983664c2a3c496b20b83d73225f23cc5,0
e69e3be27a774a3e9228bccf021ff57d54674f624924efe7108875f68e36677b,0
00e5f152800e53dd8f22ed1e7964f116b279669330c013d3c705031e866f829f,1
0a6e7e3a00fd57740af0ae684013c6f0dad495bd7f24d69519b136acbf35d756,0
97c5d24afe57fd3a3b0ced99ce03647ad33ebe4747f4e72c28fc57971525f3e5,0
5b89da8ea76866cd649eb27e7b6afdb4577ebbd2ddba2a0bb909ba047b09947b,0
30c8fa33d3ca6c823133fef7371e038e6a4029df8df493d06f4998e255c2a04e,0
7972dfd692efb60bbfdddee36ba8db9bcdf5f880f8af3eae4b5444f8874e119e,1
e9e1168a15a19ecbdb83315c561e9a1a0f1ccc5361a359268292a239d16c49fc,1
1304fd9a90d566b776bbc99665413afb35709c3549bacf6945c0eba40226e144,0
fb9a6086117371659fcfb2fa1b0f798e19da898befb8d1165d69f1b7a906e39d,0
49ec2b7d67092366f69cfec3adb8277d4c9215ed7b8130f9aea374a9ee646c5e,0
901b5f63bf9fc4557e41ad3e422a49a69ca6a31824e2e9604e42efb8a0017a37,0
0bb15943f009a1a82df59182b56587ba75e188f4f6cd0636957b4f5af3ccd582,0
282798d947d365c2acde2b990d52b2ba519eed464578e66ef27c383004528d0d,0
71e33e506603bab969652c329c90db05795898d1c99099489894db0d8471a3d3,0
a67bbaf0fc8d3912ee4eb354984f06f55125a6f086cca30c9199dba8531fbdb2,0
da6234a26c1ee3155fb5ca2cf22a07c7757fb56d67b4473dbbf0cb8ff3bfde16,0
975868902e5585ca189da30e55a743d12031c61f9b187b685b5be7fba0fc74a5,0
8f37d9ca8b1877c3d747dba10ba3890fdf4c0833abdac1b0b995e05026e10b95,0
9813ce551f104764fd6047011bbe663fe76dd34017060483ee36782c3c9070ed,0
7beb68afc380027c4b04ecb4c830dc96b1dbdb837f1f167f68ec81b216933ce5,1
942e7aec39054940c58ec9fbdf8dc7a47d3c4b128201bd3e90c5a6b74c91312e,1
db9b0cf8adf1c35d26baf730c4c27aab42f1ee9bfd497f267728c6ef9a69a847,1
7bd87087e33ff5c81997bb0bb5519ffdc0f1c9bb416902c62c06e16af01b5cd9,1
f5baa70a3dbf294a80a1a90097fe4d227240381f575b0f6d0487204b9daf6668,0
c56b0710c339a4330690d66f79001f73f40b553d1ee23322fe1a3467ab43c9bb,1
542a772e3d2e8c6e373c237f1e07d8572d3374e171f0e729a0e41dfddf78dfd1,0
692af435b00e5d465bc4f0401f0357e9b03bd1413f74e800c794d3d081e25a7a,0
b7b4098c9a312fd9a861a0bcc3bd6f10f0793204ebc3e0b05b1b93ae04233280,0
1b091b16930752897149d7188f68d0e79d12ed5fde01099b7a060aa483ee2214,1
86492c2e0a5482e44207433c77025fd4c844a874acc9a647d3b514bb4526ac22,0
e0f67d9f5a7b018ea8f064976ea94b0b53445325c7b1b1f26fa92e9157beed03,0
318ce421703620051cca6da0fdb70d150ba45bacfea753fab897fb3da78ae113,0
90079954da051d43833abca6dc39af940b84580b2f483b299596e858d448780a,0
f93c4394ec5437bfc944534e344956e229d2b20e61301af08da7f2fb8afd461f,0
05255db8b6328fdb5836389ebf198d90de3e62fe764b71c9f4b3b3172571fec6,0
d8288a2d841bc9dc5806a1fd4389e5adf4b62a6f548bc30fc0408297d5541390,1
3f13b83be382d0f6f311cea33a7085d62f8ed3738d3b2928786bcb41d9839d2f,1
e2312282b794a58b550b6be3e457c4649e13b5a94ca8933344b04d9947091d08,0
7e619ddd28ce8520a42408b2bd368bfb5272b634a204473b3ddf0d5f880261b7,0
9ea2b653e04f4752948c05a1153d3d6f286741d1d33689dd33d78ef0fb5fb74c,0
3d2c49bd609ed0374c8fac70d7e537719411832841c5610e0dcd6d3d9680d7d6,0
baf5d2b0985c1432545cb9f586d2b15d2b69df3df2a4ecb5c5008c38fab00631,0
0375055e4c6c1ba91a3659aae5ab463c48c5261ccab358188e2291d0a0862411,1
6cdf014522171617e6f2fe0346091374a9d57b1c48356453ddcc312958b91f64,1
41ff4e59ebf8b7f661a7e89e270f578681a578351d017ee19cd00ac2d5593661,1
0d5a80ab3a45c36c92494affc00b519c63d9439dc87eb7ca4f16830947620a8c,0
996a27b068b3eeb907ace07e9892992ada8f4f623e21a1f0b752ef5d6ec7d6f9,0
d5386ca3530604d1290e67ef04dbed56b8090e17e8d9f57f3beb3864cc2b544f,1
b0803822fefdd274bb4334cc1ce1d3e98c60b735f4cd1b7be5b852a54f0b0765,0
e01a87ab35cb3b7e5cdcb33a510e6372f82527e39e0b85ad518202e1517c3bfc,0
8e3d066f77ac5b09f27da04dcef7d5cec829cd128425914620d3c6c7c04e0465,1
1430bc75b565d0fc9bc4c3fafcf0fc76fceb598b3fca7f702e5a8a36f8de80f6,1
dc51fdbc7e53ef24c9d4f16f35f6f428176c6de8328ca2f0fc78064bf9526d0e,0
542d0efa0bba85328587a6cb6ccf9b624377dfaf9814a26237d3b52b5864d3b7,0
09eaa8635d6b799097520e3c25c292050265a4aa52ef8199aa18e0360b2ccdf9,0
d5899a5ac8773a72f8ba1d0a867e8a273da3a15c1385b69f96c985816465556e,0
e08f039234eb7ae0509696510b1f93d950676e4d43844ce34028ca6706652bd2,1
84ceb697388b55d88e96af3e7c5286c72d20f367a17d7af3e178435322634d3b,1
e980011aabd1f69a23576008c8e9780bb0f62f15343861d81b6b5f297597a445,1
a9a9ef12fea5774d200328dbe69f63321cee8f530306d67b02fdb6be909e126b,1
03245fdccbbb6b93c0328a00f5529cd9fd7af0237d411d6fc806c098bc2aabc6,1
7b5d0fa64459e244a22dc0fac7d62f0ba68e5dd57d98f2a0bcca3ce619da80c6,0
513adf8a350d6c9cc3ecf6a2cc868ee5208c62f51dba9bcba3dd47ed6dde9863,1
bcc66417f826b6d47134a67287fe817c079e92b887c30012deefed4d4ae450cf,0
5b3c6c318aebcd2dd6b1510f55cfecd02fb630ab01bd7e0113670ff69a513a16,0
9d61fa1647493ec142a3b4fec1bd5210215cd2c85c311245314cbe69ddee88eb,0
50b96f7b06ada8804b8fa14690d57456bb847459b0b0fa1040395c527eac3835,0
d88fe4c0472069a5e59a47a1cef1ba3c442729874e8979dac0fc220ac758f40e,1
e44f72de97433e9ef3d4568d05e34e459df0cc7eafdc18dd0087ba3fee152fa4,1
a83616241bb8443f8df02d2e071bf6decb150b4bed18c05c1041cb4e836504df,0
f3146448862e91c2e6bf164c5d86ef6e3e24da9b6aaccda068e3b4fe3536ffea,0
e62980bdd5839f7854a0c22f288f0b1d6ded80e8f4497fad0af51c7d21d04b06,0
b2352d8b2f8c4fa83caad9622c2c6e47e76a04ffb28ec580dafbe611c6ecf2ff,1
67bc4b64a30d6325cf83044f7136f260093b2aa84b976ac58dfc774b64598573,0
fae39915c08fe44d9d35b531390527e55e3eb9431e2ca87eda7bc4e6ba8e2bc5,0
e3c03efceae65f82f4846edca416acd810b66e35004dda6fee674c954a1c6989,0
51a19deef18aaaf93a6141a34567b8a11062c31b4c1c2d2d96521ff0fede7d52,0
455a0b90b258df045d50ed788d8f9c12851e42ace228592eb740b2c4f041cde9,0
8e733e2b12e9819a4b986c9d63dcd6ab5245e34edeee6cdd18aa384c2a830db5,1
f3a56c893c2305988532f1ae63f71d56995c765f7199a5f3d8dbcee4e15724bf,0
c824e2e4f286c819f704e6a750f87cb9250e3bca0612cea0284d68899c8851d9,0
bacbfb80138d9cec0a84a9588dc8d8f3392812cbc6036a0b5ecdc01552b20dd6,0
2dea30930cfc68e51ca37769a6cf4fa5ae4a0936a85cda6a82c0a665a6f64c29,0
86b92928e405097345a33a1b00a7d4697de76ac9d395a30aecb943d5405028d5,0
446648685e1ea1f72f2fa310c8ad61e813dd7a217aa64fa4067fbf19d50630d2,0
cd0b0592dc4c974bcfcb540aca7d27c7b43e5fd77b563a9291a7b64c757348c9,0
101a96e2d2bc7d3020de6dc1b00baafe8b8dc7a1b2234ab9d9342da89812fb4d,0
c28c98dfcd0264c309546fd3cd717d2b1d899b8d8ca4bd9aa393476679cdf094,0
3a8ab696eb2b71d45b20be8fe4b85478d9b6699efe1d11dac2e5a4344263fce0,1
205b2aabcef8cccba32eddff404ab7a01924e34646565aee09d7da38848009c2,0
ff5e97978298e26557912cee1acd077d80587ed64a90260721a3425aa63adbbb,1
5ce98220158070347e76ef6995816a967de294edbbfc55e9e0b2246e68657b55,1
60d265c5b02a857a7b19004e0c0d6f8e177fb0d7f5d5d1fb1a2a8ac6692fc1d4,1
7a570968ae9376623fe52df3d9d7a243b19df93a44b6082f306054b4f92e7841,1
c7144186e9d6a0f8aac3ad7125624238c88e06283b266c65b8e19d02a7a37d4e,1
020bd07f7d7f3f198f1ca80a719af6071973e5af3a8221d1b23067816caed51d,0
98a55a5f4a40fc40b578b6f2b1bff74a37d46b0386e7151036cd07c2ed053958,0
dfde3b82aac90e46fd1eb226ef95f06d625fd7570d8f9c2023e8c7bca69d7364,0
8008131cc314c571e4d8dce01e8718ad2082268418bcca0052d992d89b06b71b,1
f90d32903abc868b6d388b11e03c5a2d7105607f73c43da865c5a9244d1e2a6a,0
663a44023a64c2145205490bd4a0ceee414c1dd9855db8f53ac64af13ee79fbf,0
bf9fb71737345fed5c065bb9df79c78e958f0ca1362d7f12a9fb98b41c2a9e13,1
572fa5690a8014a79211654a70189fd9af402a5f4544b84545dfbbdd709763f8,0
0af359abc03999d72c42cb830f5a8caff85b8c07a88d76af0e77644e3538205f,1
239d7e517691a74d6341710eef45fabcc09f6e31a7cea516fbdfa125740913fa,1
ac6acfbeac130ab3b4d766d4cfe092d437d9340e450b7d8ec4b1c1faa5acd8dc,0
a5f99c2123b8dec05f7fde485f6adac5c5271a44e078ddff2825a37742cd44fa,0
53f0f5742f6ac5a5cd6bff336a7d77d68eeac078ffe1d2aa71e16a7e6c17aac7,0
dba909fcca9723df7af06c4daa0ece53f795e4bdc02bd399c142054e22235f6e,0
6bc835b85c8a7e7367739b0a56f249680bb754e23a48f1145e9fb3aaeda9f0ec,0
823f43eba796d8fe49657e99360527c6a962276971f9117c43434cad2ac88806,0
c5a6739c7599dd3d2c572e5b3c348a6d06927c798f982c1a6635f1daafd7c3f0,0
e4d4e9eee8cd4da22d9c3bab2f8cb38263d62c479d28719cb8a98a94147ca002,1
8ec46b3634860b6780b28be00554f94632fc1ba74f1f0047e672944914117143,1
8bd144ab5fd8584e5a8dfe1d6cb0e7c1fff72e0fd1009f5ad0732a0fc78250f8,1
def48a1730c48e166dedcfa1c6a34f45d090137ff1ce2695ea3b06e46931b62a,1
231c76c3935c5c11493b9ba174ce18212cc92af1ede8331ae39ff040a4598379,1
497f2968f494673da0eb4f5bd5e655d7d86ba7fb21d6694451dd08c40cc74300,1
d73e5f9846098eaa2e3e4b91417c0faca5aef8c85fa08a6448b1e31cdf7dae5d,1
e4ca319ffa66ab22521fae0b2c839a7637181a5c19c11dc573585dacc528ec52,0
c9d7a0f3e639fdf51da5b05b8a7a7e9d207f8b55440aed38a2aba4ccdfee904e,0
5238917769d183753c9b18052eb647ccde3f1f4ebd390122253cf1f990a8cb41,0
02c4edee928b43b2dd5a8587589a6eb80e5248d28e318a2fea1a4d8330ff70db,0
f736ca060ba17d8c3da48a143fdfceaa59b67ab44450f59f119d1a5ef8f80792,1
351124c3d65885aa472d9c553834f4dd0023c49d9fdaa25e140bbcce9edd6a10,0
7a882e6bd6dc55d4dfd5cbe0ab2406be3cc6e92e6c14d7e383cbaa29b3eaf571,0
f711fbf3e39c40ebae99d04b621f6957f05536a1b7df7050fec74f338009ca55,0
3160cc68c2e798bccd9d07e8361c1709d1ac1fecfab0aa3a6e201433f22b61aa,0
5f37d38b8bfdcf0df0543934137557135e8f3ac4ac0dd0d059723ab0ae351a40,0
a8fbefa8b18284aa93a09e9a6591947d9289921d5f1bfd2482d06ed85d206ab2,0
fbc7f1081541096fa2a2157e2461333195032ee7fe2e9059306462bc8ab24b30,0
af5596e8e1d3c753985c6d33cf032a22bf9f797e836aaa4ee1042d3669cb7f9c,0
2b2ddb5dbd7213cfbdb196c4023b11c34ceeb6415a902007be706ae8092750dc,0
fe27c025ee14d496309cd13126c990f3b061c56b585f0f057d91b56bd4b72423,0
e00fa66e00ca35512b20d0b3353a1c9ee6c3c1622267275bc248804ac9c84d3b,1
45640eb1e829c2e42ded8a7f7fbdff23e69c79a7e104c501278b32fe35c5be70,0
4480277b8f87f3f5fcdd16d73e690c0e0b6817682275e03d680fab14a6ee45f5,0
a5099a3f8f71a8bf57e1336f02a162cf07f37712d80c19f13d83b7947e1bac23,0
8511180c868ca563f8c036a00d71d47006aa10f33cc44ed4bd138a18053ba62f,0
a3ca38197a75836ff87bfe8e46cd9cdc82aa653ff006bf20c0e4f85aaa5fc7f5,0
0e45e6f358817dc595daa3a9a2ad2c3fbdeec3cf1e1ca219d35e18adf34e6478,0
42519678a89abdc9cded95cdd25d4a2423e3110db880daad162cd77d2a3ddf6c,0
2f128d5840d37333012150085722ab301b98105db2f88760cfe194dad6ade2ce,0
ea8cdcbb7360eb12e1c59c941b8ed39bf666a37606d05d52d2ef3804dfb6d152,0
26ccbbaaa7a5403a727cb64ef3f76704cc8daa43146100fe53754683a6ff80fa,0
7b16a5205e12c8aad654011dd7918049644746747d637d32225dcffc2da82854,0
ffcf269094cd42a7476549c1816b9f63e8d5a3a106b9fad8fa0f92610683a56b,1
835b4baacc1a465778aa0ef462d8fb9122f0d1e037c790aac3c56c908eaf45c8,1
88dec83c66b81e236cce8da4e296a469aebf15c15f236fbecceda46bb17ba93d,1
faf06caf15e2b760494ff860b4f9b240c82a9135f10cbdd5c43ec8a4c72638eb,0
b38b10d83b79a0812ca2867213a55ec8bb595b8db85bfc86f562081b4f45a422,0
ba3c0ea6bec23fac603d88dea65d9bd7afae78dcdf68a91c9131ef33a55c3169,0
5e26a4e9909d2fe2794b3d4b7dab1b72e946566c164d2f4472823fbe0717cbd1,0
79ad737af9ac83e8320a3f7a99da3d1c19374e8346b2636df8c66b779a070649,0
1151ab8a95369bd17dda29670bfae638d4cda4ddcb89203fb738ad227d5d67d1,0
834f2f58401aaafb3e56ef8ded7a065e5b4f301800c4e560aab806aab250203c,0
fcf40bc49fe36faff2b77721d93428f7bb5a4575d201c78fa8f66f5587e1ba06,0
a7bdd603562a016c3d0761d28be34f4ba4354a0140e653051beca97005afa45a,1
a340c93227e66c07e98091b633447c88d961c4f0eae8cd32f5799a14d194d77c,0
44c795284366d403a1e1370458e70bc579a50e8ccca03a12b12d6a452957bad8,0
9465d1d9e03495f03f70fc01ed1909bfb2f88ae792574d0248e07f4ceec55fd9,0
5023bd5473543c653a6471f7128750a00c1af9a2103fbd058a569981d84868e4,0
41482956cdb6264d58bc9d0e58326867d9adea140aa7aac6698a369f05e9edb9,0
17977abd67632dd378f7c2667c9ee4bb2112ad688acf3d5247178c79afb086ea,0
67a4d73acfb519f0f49585478a9aac462fa9ef120f15186d5978b5907a7e2f54,0
8be5793d82213b5e363b6bcd4a6736fe400460c654e1189da3b0b7859a912ad7,0
34f54c4a9dfda80c2bccc162eda1efb0420154635921ee469aa0bdd05185a7a2,1
ac016d2f373454979e0c1aa3e7b656bca07122a8a78b96585f79b982911b4b14,0
c62a5a56f74d82b7736b243bc77740764263c387c38ce401a48085cc213bd924,1
a8ac1dd376fe8a2015718e221be24970e7d5860af6b159005b8844e5f7dbe165,0
7f958db5db4fa5824519d2ce91653550e8b77b3c95af14940c867b475fab2879,0
bf0da53e807897fa3dba9c282d996eb4cac616c2ff6e8bc681f68ff05183a5e7,0
60dc7bdad226f79ea491c3b9e710ba943fd81cfdf9bf283634d0d7c6c2aad7ec,0
09476001864fe209779c48d32094c72869d43eb8b1204aa14a1930c86ecc0a11,0
793cce02de66b22f24e66c1864760378f07ef7e6638d960913d0f6086f8bfd7b,0
ad10573be21ee4469bb9b03281b693447fb9ba151e91eb0b22d03a6ebc6e5c14,1
b592fc3eda7e240abd348ab67e83dffb37082e051fc209790dbfafe86e1357c8,1
d92e689753f9230dc6521c959412ca4ba6b59f2722a03ba8639fe446baf43f7a,0
d405be7e89aae761bee7a38864890191c74f2a0c406f1356d2ba5873ac2020d1,0
2375c98fc997d94f3a382f1eb584eadaa14ef626757bd4ff8f66cc99ce3885c2,0
50e61a62435ef1fde2fe60117e60c36deb0a3291b396f155386e0153526c4a62,0
931fb3de94026413c0833d1f35a7e2eb03bf162a68eb9c791a108e28c2804c4b,0
90f13a194da8281812103feba241e147aba43f82ef87922ac03fee46f8d2f4e8,1
34e90fa5430841e6011fab1cc3e8c80e18c282fb5fe9be0666f9361ddf265709,1
f7374f62f26245c0fe5ad44a1797d66a7579fa4549ec5887de418af184f8526c,1
212c0cec74736ac687d27953ee95adba91fc0899ae43ba5c6ffc74af12ddcfaa,1
e3b196eb23b03602cd05989890d7819831a2781f112c1935f77fcb085aebb44e,1
34ab550f9ea11c2b3ecad75ef6de14e70904941725e4d80b6e3141b20db18927,1
bd06926b9eec55a7045baa6ab1dc7ed0ce3496bce42cbdf2fbe2a598e45fa832,0
f003a887221e479bb71257b4c9648e57eebc79c4489da47db4117a21343c6816,0
932dc41f27041e013e2538ed981e5028f7225a0ea0bbf394c10cf63edb846ff4,0
ad5de7e2521cb51a5ee2eca638e23f1e096a75fb690b7a1937657f7689bdbd9b,1
5734cc82d455d189912ad10a6489c3795798e7c22db37fbbb94ba57f5b6d6d48,1
0602c7c2bbee3f39162f80921dfff7a9cf5ffd5eab833720e1ad1fce94673630,0
70078399a018dfdfb3625665e8db0391c24c6c3e4f937ee04b3e40897c78b6b5,0
0c3b1bbf7c016a89de37364b475cdc4cd2d8aeae7742dff080d4467b004253e3,0
8391b407ddb240fe69d40e791fe9f47d4f97cd898c0bdf2ae736c06ff22cc00f,1
96e7d12af3f67099ecef0b00e0b3017d94a947c8fdc6fd5a84244a6fbc951a28,0
cd6694380290c0f28f21383ee696c1c706f46dd19905c414ccb67efccdb53d6a,0
32ea030703515ba5cfa3d8ed7c38bce7baffc8c627e81a81f611a6235560158a,0
fc55672088f4c7450d84f9cea69f909d1f4508ba2dded4b6d716f8b932964d2c,0
20975f2b629782bb0bc7e3dc01e1fb6da957f218555549a1c1adf8c902164ae6,0
a9981e18521e29a6c809f53942f264a93fb860cefa293153fe7d9cf7a67ff743,0
659a2b7a59f1c6f60eeeb4c6e4e6f7ab2c3f04dc135fdbd8669f1f36b773e09a,1
1c84b6b4df2ec253a02cfd8d9e41225edde2a946695e17b413e59b188cac11fa,0
1aa1d5e4602a10c27067551513b6622670c0d3a7d977ba966a966b93e35a0545,0
f1643d3ebd89c60a16111e07e14676186e6a603700fa382009374e4692e28b9c,0
7afe43dc26bf88a1c9ff6c5501829eb2864d5c9812c820052791509a5fc98155,0
a98e02a87f5bbc3301fc941c53905b1e4c0ad845aaed91aa09b1b9bd25e9b6aa,0
70bc248bf37cb60b82ebcf2c707d196e4b629d33fa43d7d15c3cd91317df096d,0
cdc8e0833e82fdaee231aaf7f6bde1b82e3743e6f31b08b2ae43bdb95a11dff5,0
40ae04853a7ffac7a4adaa9e7f35aa4d885356a5223f518c4b33fc1758555d02,0
68c4687b2126f9eb75bf9ad541b6d36c6660c44ca4e451e13c24555810b31d9d,0
fa9e30ed540db28df67dc270b47eca28afec2432fda71c71439c6c286905f919,0
affb26efa1b8a159e1476e7826e4595bbb33ced130f0e1b49abee4b14f72f5e6,0
02b2f757ddcc08b37eadb6f85a46d5d58b60cac99d653780cb3afbf44c8ffc1c,1
471523dae6687af626dbe438f3ff3539d40f131f7553f565c8cb891d4db60167,0
9d0988a111f5820b834f663b45b2a9ecf64ff38494211f0e86eb0b70e20183c5,0
12b4fba11cc68d753d7380a788dc1553b1a9d8e33dcb3d96180ca87e4abe8dcc,0
464369e9d870c49aef9c6b59587ae440b96e6283160c7799918301e550b01678,0
85343fcfc4dafe6af03eb80b3f30cd6943ae98ac15e7cd20e3862e193cd96916,0
57742806a15990e7d56f4c9750501fa0fa4add9f7bc54dc946a1489e2d10db1b,0
9884415568fdfaa7f9f2039fa442f8c7182ae8a47203338010f46e2b81b278c6,1
b60b1d23f0eac244e01c48648244223e1055425cc98c5a5daf43c3653cb70d1e,1
a2e5e2cb674c23410cfc1b183238cbdb399f4667f95e03c293e486ef0af0c331,0
4bd6aafdbe626bf73ccbd9cc3c03f665949ef191461ba94f06bcc58e8126e63d,0
42a25ab9438a18fcce9c1ceb3d8c65727ee5116a06c28c8b788a39dbf1ef7b13,0
53ba73ce33e8cc125004efff929cc322e4c19eb115564d3d41bdd11fa3d6526b,0
16aecafe93dac9044c42ef8cf441574dc6e41d5ecd250659efbbb2a307774396,1
3c134d93f5a88a0694b871838f57da3d189641e30e889fa0e6bb9f7117791f3a,1
885394b6143df2fe5747c42c9d178ae57fbab8385f6eaab556dbc0eeee622ae0,0
485e51d3f187e857b1ff665ad8d5d765ad54a4cef0388d4b358564bed5133c9e,0
ae82e1e5266fe517c01ae2f2e748233f9f22d86f57a7a1e7e2780e58b3d6e399,0
ac462ecd5f3153f133a4f1485f76a97df8b2172ecc41f1abcc0bb7e129d57efd,0
287d3a5428ef472fa6b2ab345a5bb13b62ae6c9de43c6289ac17d0ae3274538f,1
548a0ed911649dc7634d354f89ef3f032f94223c64f323ee140dfb473d77b9e8,1
3d3aa357c7f3f7c61cd5b0ce1c34a89fa3bc7c1eb90b01d49a29cb27056057ad,1
a34c3ffdecbf5d1f48ba8585ea14affc51181d9040b48c5f5ff95de945bbb1b7,1
8bb74e085e4f83c729b12960dca186b580af11cbcf80b0fcea847eeacfb4c59a,0
2d30e77a425743a4a728a975eb04708b5a0ad4d2c63bf25bc946f29728fb6655,1
4a965ee9a51bcec1ff25f2340afc93c8671351111300ed2162a0d004a5e60aeb,1
2169bbb59ee43d326472c49c4ac08e17726475c2d653cd93d67e61d9556441fb,0
51392ed8401a898df0cf0248aebd3810a4ad973df19985ede24a9fbd59dd8e90,0
eec41de9e550c595801ab85b085651c1a11cd47aca2b5cf1426a9d7928af889e,0
71fb0b96f989d70d3904200ca1027c821d281c3230b5efb78c4ec2104c5efab3,0
789db91e5f634c520323ac7aa0fbef76bfb5d4c71e7a1c4fa85cce5e90cf67f8,0
c2e09d3595a079475438374caff58b40b4e7d0200a46e3d14bf69fc67a9b277f,1
0c61fc2afa993664dfb1484cb7d77e853dc4928b4e06ad2a995738f76d937ccc,1
7e33cf28d88c2020bda941210a6a2a5a397a379c284e4bb85c5d8d3350e6f0b9,1
71d966682def6a30a0fb7e157cc4b7aaa0b99c569ca3b02e34722eb641a22ab2,1
af45d0b13d08e4ba5178f39034d6f0d5e22275c835e82203ac0e67e75b2849a6,1
1dbd7920130fa462bcfa3cc6eff51243f8420e95b855c01fdb372c0ba208d35b,1
33cf9d6e2d0e85d7fe715dde98c2f0dc8157ac9c5b383ac29c51abfe1c4cd58a,0
7553544668c0aef4d862cf26764c243ec8da3e922a048cd2e65fc2d0ede7398d,0
dd503e2f15d1719e8889620b52de89e5578f4549f64db4ea81cb595a0da87220,1
dc5e73838e7840a8cad59409764a65d15debfa1903766dc550f77d05b3da453a,0
59f514bb256389bff72c31c58fb4715a412d3b19aa53ca94fb6ffe6ccd899dc7,0
68ba468cdda8676cfd60565a0e2bb997d33cb86dc02ad8348e92e6b142f93417,0
013b9e0fb1ee0755b178bdb89c2907d4c78cad73b23412d938aad1b63dc7a550,0
2ae9b5447099ac4c4640082ba2493ebfeef81f98ae2cf859af5c4cbcbd12ca6f,0
f4faa6e730118164d0c6779b20f87347cba3ca8b3a31d39320b91e8384ca95e8,0
e5d94028aef81aab5607456cb757bd2279016b00a625b155b745df675fbed668,0
ab88f3acc494f3c040a4def0a60b163e7e34cdaf20150384668df0bfc5dfdc80,0
bd8b42b80faa17d317841c2d6479fa636485e8ed047750a7e466dbeb0a4179e3,1
f70cdbd9c0e2ec239a03ce06f3f5b0c6b22798760ebcb0b8db146da682d7826f,1
ecd06fa60a18b66e3300cfe90b20297c03925cc30b9545ea3a9cbdb7eddc0e5d,0
2351f0c99c11842404a927adc9686db97ab965360f804581ccc6832cc3823780,0
ce69930e7d9ac06d831fe6d06d3bc0ed66b16d280972ec0ac2818dde4fb5c57a,0
478242bd49c74c50a285b8264f1c19ab8b3cfac7d71012c8f884a923bec1d331,0
b2b7e8188d4b9eaab6bc46160b8bccb1219d597c9141f8eb3c45e379faa5d823,0
5a65f0c19b49335b220883a227f725df435b00309f419648527b290f61421624,0
53f712389f8e8c6212ed66c4d33f766abe1aeb9f7c41a63ca3c06e02f1b418bc,0
d581f55bd77ffefe6ca3242e037b92807801956ebea4a910acc47d6e80873aba,0
a7458a1c2de716cdecd7ddfc255f901c386a37c7fe793518fce69550b584d03d,0
0cc8d3df53b97bcb814fb87727ad4285add8a83a21298b21852c492d9a4939f5,0
2716e823e857b7ae4f7de991bea7a2f574af67a57be4863f5e85f3b136f96b34,0
5f3fc715828e83044806e8c5951fdda3636f3eb5a6d3d50bd0a98295dcfa708c,0
dc19127aa75ff2cb7e6dffd0644e0d5f7b9e40ea3343db268811fb9a1fe252e3,0
664513f10cbfd76ba72858821cca924480b10fd92b2441069fc50850c4ebc10b,0
aa7c4ee5bcbbc1e0df28a610b18a90829ef30ab593eaa07ed8c678f358a4ee5a,1
37eb3056b0aed8281538f61d389c7424b4ab783d2da59a83cf8e3dd299c170f8,0
2563924f1d74c498c35b1542da1a3195e4f50f31e5875e060850003e4fe78e43,0
0929f30f0b84470f6df947c0f0d4e41845a59f205e36de32fa4238d47ae5fce7,0
e30c913eaa93dc711b777b794a53db8b88172de0bd2fac8134140f54206f9b42,0
cd20da789d1486870e0c4db72f66388e61d9cb8eafe64737660b9c3d3422e902,0
66cc406229fb93cac40ec49b45e45349748fe86c1a4b8e5641ae8c22d883de44,0
488a04acb6fbc489b3c102ba36cde6fe044e793ccf06f156711fe02e8d4331df,0
36a63e800c45f3d4bb3c560c7160982dc7c7483dfa65fb9208d5081b17513e4b,0
aea225634c2d0fc6b7c4b9e1dff9ca19f6316f1cc167c55ef765c06db24bde8f,0
7bfb757c360f92f77301e611a5a1ea929f990637f27e4b1cabe09a9478008edd,0
d195ed5f9a0e788815fb6325835c7396e0427bd3ce7acf11477953d9501d629b,1
a4d04d747039240e73f78fe6f2aa0179790652c595d3f77d2f02391d93bde1d0,1
29f56ef8046e7cd63b09e6cbbdcf7048e20765fc2b05e9bbc7f1d12f3ae64b7b,0
afe73cc45ef3effe60e47219d8544b546539a09c826f563937a7626881cfe554,0
b700488adb2da3241cbdcbdd6a12ab8cbdab52baf256f1b26f062537a56b5a4b,0
756396694841e711934ce52ae384773357e575a4492334500017268d1d18ddc8,0
3a5e5473a5390594cd519f8834e0f66e9808dc6235c190f09d51465edf5365b3,0
592b2110fb5595d81e57a38098dd87dc8c2beeb124e2ab72d6758326935756a6,0
be8e28b7a8712c537793e70a951dc34962793665749de02e012e169961f12acb,0
7c214d7d8e57c17a18e7414cdf5322a0a0c45f97f8fb076c86ce28b834460de2,0
47d690151c114760a503864ba483a68f4d245abbdfd1ca46aff757949f79f3ae,0
e9f68823b1c8adf68e4ee114a7d2be24b0e1985be5e98bf9a07d73473de25b00,1
62434b1c61552feed8481e72ce3568463a7d2c9eff7a04dba43e1116e3ea4dff,0
50c247f991403210c38ff552460c7c64a7abb84b0b04ee3af597471068269769,0
72acea07c54d88226a2d466336e9927be5213b7c4420c870198dbfbd182d50b8,0
00be4f9c39861e25416c3a8e0d8bf25a2a95b2a04e91b8bbc4d7a6a692aaa302,1
6aebf16834ad674d07b5ec4d1b7d7aa04cb2080d8a1c93aa116b2b194bb58726,0
ec3fb61c2a9ae6137e12b21263feb6ec1abaead7fdbb19d662ff3b4b9bdd872a,1
af4b4bb91e86c8e89ae6bc603b1cb8a5a63f4465acc1123db429d4b41d419c70,0
424aa162a92cb904c90d715d63f93be41643ce4f9163cb41441d076a8c6b898b,0
6a11257cac87125ed9fd7d805bd989f0766f5f49c06aeeef708244d1a6211897,0
0dcfedb37559c9aef2fa388294e2bf4c709295770fae42e989e331e5ed47d608,0
dfcad410513ad95364f25172faaba6ea373167eeeb8afdb6212b464f963cf2d1,0
95d8703d9985c0d3cf8e7e104a73ddc3acfacc650ebe990e612af0f66c9daf26,0
9ee7bf6b06373d21e7baa7f5d56b3b19a68d19f52b135645cd4f21023b7e1eb1,0
1b0a0876bfde0351b94c8a92efcb9a5d4f4731516b3b6ec2bf20204b7ee3e148,0
7be21e6caed179c2c62ab425c52bef5d3c7f5c1d129a1e284450dfd8d67c5d6c,0
212d7a8328672b1d1a59bd05e52d1a9279d2fcd88822e74360ad4eb6d237f5cb,0
d4a5a2bcdf446fe4aa3daa83f2662389e12b20f04d3773cf078ed3eb229d8c03,0
9936978766792f7419a28aec9f51c5ae265067e6fd86f6b8c9d0a8953d662e62,0
28bd30173d06bfe032d73a5c48e2b70f72aa13a30a69fca0dc655e7b513db7fa,0
9f9f090fbc4f05cd837aca405de45203a329404e627ffffd867f58abc624cd6a,0
30a71d114815053d4b6ee5c9a4997f68733ddac0095a10d0b18c35bf6018831c,0
40848e64c06af7cda60841cae9356efaccd875b2c480722edbc6c668602f74a6,0
1f3d119bcf8c3cc42259bb33b1b95cd30a39fe72d9a3fc24b12c75f3e32c34ff,0
a03a1c75016d047915a449b53b58e249e37191c421d2a54884100ea9aa2e4354,0
c979ea7dde598641ccb2b38d8089c62f30f6fffedd526e3d8206b18a58b61863,0
1095f249f8c719f2819c1509be551c8aaa47ea2007b71cd08d2299b9a1302ba7,0
a3258e990c86fe77342d9d64e7e5ea3d31e96fd831c777410af93bb1795807a8,0
63722af7c414108ece066f4a66474535ae81519988535593428e62f25d6d0013,0
d3ce13827e489853b07ac36aa86cc45034b1a9508e4275fc954173427c580bf9,0
ab5ce627cb061e3ff808bbd3ebc716ca978aaee85c04ae9f3faa0faacfa8187c,0
a43f93fca8a2cbdfc9a5e0cc95bbae58d4338dbbbe3fca125b55d048cbe4f397,0
88234b291357c76c428385423f598a1b170a532adc751baf8b70247f839a42c9,0
7568d02926654d1cf2c1e6abe9965754f5206dd9af12180f4d93506a6aea6757,0
9e6292c4eab15492af64dfbc9ea9fe00eaab14d76f05eca81ddb1089609b6354,0
11868a469308aa78856117245c9949dc93bcc0bfa3767d142cb67276cf481310,0
c4d7024f739b93420a62b02b0380d6d2f3b815801ce6888f32fd3699e1933f5b,0
505e6281ee26eee18010094e18fbae82b826812981fc40fbd19ade9142848e01,0
65c87f5d8f200e12d170cb7057fc42294d5e01cb0e5074f2b2e99216eed26899,0
7b546f93cca590a59534ba34a2f93c2cf48cac7c665e06987b8c0392f4d636cf,1
4eb44a1b817d3da085e56d8a945d0af63d060025b5c2161c7173da71db476dbc,1
5864988b84bc976ae68a538b6d41cac1e700a115f3fa39a6b8b986ad09b5defa,1
7c507349a9c85868c979a24106343a82a57bd732107b10ba1d5c283199bb8fb9,0
345d1aa3aed4fa2cbb0fe67d80f5149a2e913a260a02b962b7b876316028cecc,0
54c73488c14c8e02db0982686bfb3675153de2b5edc04b3f7ce212e804b0bc1f,1
9b206f578ecdd1709b7d33127ecd51613d2e214d0c5b5d4c7fc52d312a4758e8,1
ab6d34e46282b612672503570cec472bfcfd693f40e883368e3c48232e22a14d,0
36020d16520e8ac6f82fe4ea7a6603525cb42e73ce58ef4e18d6f80d3a1873cf,0
0c7e95a0ab666688aa66310c6586ccf1af614f844d8ea62eaec4cb51b001955b,0
faea906524a10fe852df07ec76ad3ee8770ce5a47ebd62353c6bd267357abedd,1
079c230c428cfd9b52c578dfcf4ef3b9766f0162c003ad22a2cd6adbaf000b13,0
a3e537c50a7a6415673296f7a1c42eb4d76857a293a97ddea12726c72021703b,0
db8b090c3c15779c9dee62c4f83b73b0091651b464bd3a07bd0f12ea71c16d62,0
6f34d9ce20a38fba3341714a5dab08265030d8e0145488014b2ffa8c4154b5b0,0
ceac107533a368a1e1f6c21b0f54528e924d7143d6e87c1606d38909938c88a7,0
36bf74b794d7d039ed5a45a7dcb9f6ebc4ef355dbb5b5702e3d64573d4cd50e1,1
0ce639c7213de4e8a05f4217ed6e428a41ec17ad20580d32916ebf81d89c4ec1,0
ff71a099c6b0b8e2a41f0d68c470d73e812611f5f19a53a4221c5356359f4d6a,0
829b9c8693abf2e0a10c670907571df8a0720a5c74b4714ea265e122df92cef3,0
0e2955d673b9e7a8b29d5d67c9929a47ff5d7d1ba1bb1979fddc76efb501070c,1
1eddcb6441b6a0b74504f0324150f3a138c2a1bf27436e219c4b5a21fb63997d,0
f14a2e071b1acba4e875ab0df031230a5416e29940a09a5a30ab74254f4e7a22,1
e6509ebd07c00fa52f374efa18f1d04674a35e8026f3b2b0732c50a0841eef3b,1
8351f1582b78f5ea02ed50fbb21dda1ae3e6a556838af1e67c1e91e40ea14c88,1
1614ae2bc1a8fe6a0b89b742199208529b3ae6b909149e3d2fabb8e4ad1296de,1
d7e6c56d10efe996125a67b27d374edb7ce66e2d5e32cf0a3ed52467c9c9197c,0
a648d73d3174b23bd1ff37678631cfc31db5a40209677e5253859bf2a3fb4b34,0
138e2ac7ed2bc1501bfd0ace9c4da4d3fbf8ef508d101cbe2b21f26d268e743c,1
92d20ff294e14b5b64be2684a1a80cda2c899f073fa1de3f8ab7d3e76b1a29cb,0
7cafc291d5a5e59b9fef8b843e50797cb14781c7e529dcb67c48baeee6345db2,0
e281551207a2638d393064758fc7609bc66194651cb989ec13f819b6a385a69d,0
41db250deccbdb4174c562077d5698c78ccd0bd641878579a9e71ef1e20acc87,0
53f2efb271ba93730503660e3bc320f8a360ad25a97452b2c83409a513e54ede,0
08a55610b066db9fd98de33376c99e0c40ea1d7f2d67073aca8520d70c55551e,0
299e58b2740c570d9faaadcdf4338b7fe90456f4885db39a87d8f6f72966cef7,0
fcb2858a68fc2c0bcfe37002905499aa8c9530a1282ef2d62fdab65b99db9b9f,0
a0332f380ae781fefda7aed7af84d77de23e94703f21930f8944f77d18e74125,0
83406816ebddb7b5c37ac37f866fe171560216a451fac453724fbb2b6d9617f7,0
d105a75043c3ad20bf7b70b9f6631b6db85dbf70fbcb2384cec432aa45e3555c,0
8663f481a18e96fd57f8b3f089a3fa77d0c5e265037d41d2230207ca5cbe101b,0
73561bacd53b97de2695518d179095ad8a15f11b91f285d4d31f5182c36a1ebf,0
a8fbc231c77812bd70e345236494e0ca7ddb8980724c175d3ddee1708897e3e1,0
acbc893e6bf6c63ecb62620ae4e46735e7178959a6d78a8668d2363d9052e5bc,0
67c4494d158a9a270e493db053ccd421c4ed7c2c0e90ec6a8b3f1072a800d95c,0
9ce50c9e854ceca66a58edbc48850619a3b8aa7aae760881c630cfe0ac5156d2,0
ae801cd3e2c0c2e72ce1290e3f4a904ecb0e2c28d4c6ea6d542f21a6c9ec172e,0
7a1aa9441992c352ecd50e728a68281599d1b059c0f9109a26bee57bc29d7bea,0
7eca1f1c4c5c6c50cc1b87bd10f53796f1b824dd68d5846fcfca039601db5b28,0
6ee08bbba3dbf304bd8f9b9bc9e6349e3837bf9110912233661788936bcef061,0
5a20a485377e079587fca2281f4782f5ea6e304de8d0e47ba1eb73bbb20260b6,0
d4f5a2332c53dc6aca3dbd91421b823f80228653ab138647936a8f0877982f16,0
c31f7f4c2e66dbfd9f06e865711f47593d09fbfabce0c4fa59c819923a9513f2,0
cc2540d2707d47135c3eab09476f7cb025e7178551dff2e7e6b514562c51cbfd,0
d716825cdd253b7f4ea4e2eaf2e9299a8a316a13f5a8c41f84ba556242e46b29,0
21d14f25748bef13ee2b2a97c574078d15c778b022eaf0d34664555222d0bad9,0
30e34a04781b74d785463edaa68c4d0b29eb85ed0b817ac4723db765f7f5281f,0
7d04ea7851aaee0c6d8728ee680e80ad8b1cf9755445c3bfaf40491087766fe3,0
a1b516af775da05f04017bbf9f3ab48aa7efba92d25894173c6bbde227b59fef,0
ef0de47267dc8adfc829d3c59efaeab917562911e34f7011fa746e36fc92a08c,0
7f2782736cc5d9c2e4af2b952c020224ca1a9b06a04298da0f41d8feefab8b0e,0
7a475aaf55553ec7f0c2cade23eed47ad6353d91c19d7dc05cf2b454b3f887ad,0
70b43030a603d8fd0ff84aecd90629557032b8430b94c53b1738697f4698088f,0
627e32d0f71620ce48290134bfaa4b8122b6fe7f7c0b989e10d21e3d69118397,0
18d10df7884f6b75591624d69bf36cde133e6ee3624f5c4aaee633e95bbf4038,0
c7c241fa9806555196b2d18b39fa014512060aa5bddf7f53a956b16b5e98960e,0
db624db74f66dc726dd9f4899eba81cded8f589a9fb76015d6157943f7377e51,1
996208edf68b563138288b6245b516163bdfb98bdd23fde9c4a4a946308e9e18,0
8353dde80e804dbf1562f62b40c1d4442ba259bb04bdc30300b264c90a5edd22,0
eaff99dfc10a7f1705762927bad8480058104ba704400dd8ab1622884073aa2c,0
060f3ef02cebd07bf944b8364f660681a9b1f74026147db534bd3c096e41c3bc,1
d88cfa68d9334944054a60fc884c8d342ad338e605e5eda1fc79f54e0a9bb4e4,1
eb2bc554a7f65075ebeef432ea9200417d02926a130d88aa5ecdb69100d9eb46,0
39417be872139e4a3fcbf9238a7dc29fa6699cd81bc8898cd4c9bbacff08cbb9,0
889d021be1f098d83a3b18863ac69f38cb3fc5fa5dc88de59e443ba280defe00,0
bd419b191b7bff1ce2f808aceda82ed60aa3b68595f27fdc5d5ee7413f198dc0,0
ac4118b7a0257ef98b7a8f0782d11036469a40901058c55505689ca764f3e32a,0
ecbe428524ff2b3c3295d19d02b7a9ea85b296d2ca877479c6f7ecb18a920414,0
dd23965a88b5bb17f57e28df9e20e469d45d10d2920bf60f49b4ef608d73265e,0
d91af6a1302b85331aa52ee679fe8fbef69bf40cc7f47b230ba288a799c31472,0
35113fc9e22a6e51cdb941036c1578ab01d69093fc4bd143e5c939f7b49ad2cd,0
697538c7e9b03d0685a84e61400191d59cee34ef0ed8a378d6e2e4b88b4b008d,0
eb7fa02368e5e2f1d5a3b5604a6081b716c1d740f142f9ab5304f011e5f2f926,0
c506cd7884b1fd6fb8c6dee245b7fb76a9f315e1715fe0c845c8e0108b51642a,0
ef4b0f35a51f49b005aa4c7561d149940cc3769d69a6a00fa60c3c32a3ccc323,0
bd5a2045fc7a1c0601b5cb053778703e30ea39f0d395e96109daadc14fe0041d,1
e9e9ccfb78a7484dee2efa8864bbce497f7a9220494dc6ebf2a134c79aa57c96,1
e6a3b26d76a4d4a1bdb0a89814c3876c428837a81c556f78ef2c8c0a6464f83f,1
bde2b5073f41dbbffe9e7659d952d726dc6a9adfaa4fd8c4f63f1f4c15054076,1
cc084bfc06fc1ef8ed51a7a90d247e19b91c7fed5b884c0ae6f657593d4c39b2,1
1d150247542003c3db61b4457fa75fd841a9a1aa56589a8ebec003f84a0bd06f,1
bf596f3e1c267899497ca7f72166e307fc7544fab498c39e7c3b08630a468529,1
59784c74daad3a81d1d44f2fcc632f41f0421237e8393e2912e5d73b5148af54,1
1052993133ca0696b445b34c357db06da69710c15cd3e5c38f2e75e92c76f9ac,1
2faee2e8974ded7115e316f539d59084a96acda2c2b8bb6790f43860b0186eb4,1
753e7e502af8310a905194474afdd0417a3cfa067076a4777b4818ee86f29971,0
911188154451e4040067df81b22775ffe52f2f8d942b1dcc7c56347021327ee8,0
f31b921830531b1e687a319d39aefae09b6e2c865ee19a88b6bc984fc520fc72,0
6f8aaf1ad7049562fc9d5efdee196cc7f0f33bb92c094b46bdc43a0b4b46bfe7,1
03a1666b684238c369bf92f19bda2608a25ec438551b838c7e386bbd060535a4,0
5ebc105033b9ae48b7ed578c8e2171e6843140ef09841ef4167c41cca64e1f68,0
80b797d813685a57c00c3c57c33c3c39c113d9c3174643b3cde38b9b205887f3,0
f4c8addc79ed81071fb19ec22536c1713fa758c8cec7c6c25e1325166aeb8a6a,0
ab105aebf04f7a925f3fa2a53b7c6294bd5425eee826a199ad0a271a00197df2,1
ddae33d5c78fd42a1267a3be37b8facea3bc24fe7c3d672a91f213d74703a30a,0
dd66c245bbc40ace9522efa232aae3ae6c9b7f03d81cd5a69e0afef8af0affa8,0
630dde9a99aa0e942354aefca2482ab878467165f2bd3cbff94fc023d41a6c7f,1
f1fff35843d4a70d0c39de940eba4195dd8aff0ba3732ea6303c1e63d40f4d0a,1
1d75bea12259dd6a0b6197e9abe4e917c186f3e1e440abf8a9b71e2088821c60,0
5e3d57008d1b65345c9bffc4ddfdf32a518ab3583b25f15988bdc312b135d0ba,0
92599288276c491b05eabf7711ae5ba909448e1c8b0eaefe564ae5c3eac92967,0
98ce30b7e2e5cdbb2f3727c00c362489e840bbb62bdfa28b741c0fc4d77cc970,0
d7e29c0f74fcb74c2d73a316db8651c96089449c002eb6972e61e22de488783f,0
47a5da9f90c1d27fa38b59cf0ac7b07855d5a7178a81c2526a144d07ec047aa3,1
0a5d7f5a89ede98a060bb08c48fbeee87031ba14c9c92c653f59b9629326821f,0
87bad6332be3f1a6bc90ee3e1fbd90a549940b2fe97f0386b7f2ee1bff8f5743,1
ad43c548cfc015af7d5f2196b505d149c1b9a5e266f46c31673ea4dcabb202a3,0
6157a40b82fe57d17b178f664b14a798cdc254e58017f2d97aa131697377bfad,1
bded216165d126c68f3b73cc245fb559bfc1d88381f2826efe599ef4dd912ffd,1
eb1b3e0ea5a90e2d889c67474d1f6014e3a6f4b2253cda806bf436d597c86814,0
1f25a5c219516a773c49418033f631651b81cd9691d2beab1b93c0414f88230f,0
1f302d8ae031faf96d4eae88f6716d2557fd3c3fe40481869de0772fb75c5fa8,1
fb00078339f9665ba6e493b1ccc872901f93a68a7e57350eadfa8ff349160adb,0
7d65300feb7778bb28044a4efe51b168f6d47c19d37d77d776a0bded360fb322,0
2dfc8409d61897c6ab9c1dc7265b0cf2da7b57955f904e00568060def9b47ff2,1
f8dee648e04b15d258a97720e4cc8c55209821ad7633a8b859ffb4a01cf3bc70,0
650ecc65b7c759b69796dd6ef2c3921d98d0ec897ced91f44f7f2f584835c93e,0
7b579ffc959eff8706b6678384c8842bb2367a652edf8249f010e58dee726b74,0
e276aa9c8a5125e55277e8cb2cbe727c132c8f22ff85a87d4e57334519954f65,0
0d0cf1eb1fcef071f68336e84480fe88878a3f2ed0f2e12c4915d6defd75f342,0
6be68e888edd3b0adb000878d29033963673ab2328b4ecf9dbf50b2b34246630,0
1231fdd3a64904414ea44e4ac26334ed8026b17641ec821fa677565270df105d,0
5eed5a20499717d3882a4a04bc9994da54b0de9f2369e751bf85995eea617b91,0
97dd1a22052152675fd3b87895aa56a9cef33699035f8e909fd9b1d14717db02,0
94c9b73384b84d189bab6ea35e5748fa3e2cda4c1d0f5312cd6a2b8cfb793f54,0
b09385c5b9b3ad87d18aa90b0e0c76d1b77f4762bcfda49845342ccf984d50e0,0
69ddc9ce749790eab829ca3cfa59c713339e1209f43159bb3d20b2d86564e950,0
8a9fdbb7f6421c37511f439a9093ae3f61f4cc564e0d1eca137edd7ef2d8826a,1
32a49a76e19758882d73fd57c287bd32867b277384c7e649c56d3d88ce82169e,1
70ef0ef20fd78aaf43f477475ecfd20251af3e188a3aec30ea26e5394289d7d6,1
5e234b4588e0d4d4eec8ca2349e393cba0d5e449cdcb0d7b9beabb6734775288,0
c200f3552dc84ff1ac12134980ccba8817b797bf8a57634860d618f793cf3e71,0
b90ea31b98b1f73ef0440dfe206772c742287c56e46e56f5d4585212dc9678ac,0
0b181c75cdeb979f429e009a306e406c66fc2f9af6d10e1bd642b3c218a3706b,0
e8097ccbe540542b2da534a33ec86caf2287fa27d87048c01ee329401aee9ecc,0
1c738e35d5e19019dbae07d3651bf31a6b39fdd31d10c078d86751d82abf9220,0
9d0837661d77d252e54f8c857facbe0c4bc100b4fae53c14049c6aa02a19b17a,0
fd7f115e0d6f8f55c223ff857b18c02d692ab3164bc41f406dfe28a249fca563,1
593cc3e66b6add041741d118c26e187841448d386e78dbaf238ce639267641d3,0
a140eb99e32a9984ffb42b10aa0be2760191e2ea7d7b58a6a72b35cdba3abb25,0
c21a49a1f473b9978d97533fb82be516ff25c2d2ebadb765394dc40d4a0e175a,0
d5d7887d94a094851ff3df293f58cf9f5e81c76d48fc9983f57b7ef0db9c4b7f,1
7ab21cd7c8c8ed2f871752857758635289cdd8f4335079ae05d6fba417bf6035,0
4ab0bcceb1c60d4488b6b97993468a2f540094159b50371a4f2e06f616605d13,0
8d8fd33a38fa5dd2cf67a58013c809695da82f11851a3a5ca0622fe1c69acd2a,0
b75f4d93ca9eaae60ca90dbaba159fc6f34c7f29af7fb1c4df130a4cf8dc63f8,1
fd9a93e7e30750abc33aa9e6c7863036746d777274c0a7d469f5044e6e0b11e4,0
dec343bd1d531f5531a2066673488e67c9e0433212d6a31e7953633b9a8d8a25,1
2bdca20ff9a72715ce567f1d1610f65968c28646622294759d8e337577441995,0
3e84276e631359f55488290cd87d332036190d87e8fa042f3ab60e3e5203f1e5,0
bfed3e1ccb1aef41ae2433c4c97445e91f3f8aad1403be38d16b57e555889883,0
269d66d12901e1f62bca7ecb68e438d6224afc05ca3694fc456477b7aa29d7d7,0
3c37df447330f035b752147fcae7f5ee733d297601e4b223b4f6d65ffb6d9a10,0
a955bf1120ea604e6e2b9a5673152041e5189e4a89d682f387c4d285fc88a05f,0
c1b520b10df2c21af58a19467e8147033555761f9ca901d8d4a9db25f8d9595c,1
e2001bbc54618651f204277727e037d38d46e3872c62e6ba7c5074c3600dba50,1
3f4623299a619a1e6f843f06490364bd654bf6dcfe7057f5f7048f0708191b81,0
16ac2f3bb7a65dd1ebaaae6fd4aef73c2b0c275410064f02f6a3fdb77df56a58,0
71a9249561ef915294c1a580b3a335737b0e230a9a01e55a0dc7a46e5dfa84a7,1
4bd9ddcc3fa39fa110347d20ce90b7c945e5561eedd9e57ab133871281822195,0
e6287aa066551c4423c7bf4c85b193a27cce79b9c9ef709bdbef60e4d844b55b,1
6ab7c5516a26d0572682a49fa133d58d41178cf7c476db61c7584365cdeff0d3,1
dd68bcf6a7e2399d80004d5089ab0f550baac95429a7fb15f2fb1cf7c4cabc2d,0
66dbe74dca1bd515db0b3b562c897e334435fa8689d9a668c091fc74bae6b417,0
49253c8d88cf2b129377f5a20485ed9d9048ea025435039ff295e277bfb1ab5f,0
b3b6b6e20ad7b816b30e521d07dd593c0720a8e9ef882dc53ed7ac7b595aace8,0
435689fec48f87637398b4d1fa6ca103f7f9a199b731d511aaa0662f26cc1818,1
ad413529c80a7876ce6976b352de8a3a537face459c44d7ce6dc9b359371dafd,0
6ddd53e160ba1f12e05d0ed2ededf97bbdc0e8a5877d45636605ea660c364b7f,0
dc5ba544dee0330fe9975162c4207260e0b7c944c3ead7d4ab1a00dc76f56cab,0
1794df0048067c3346dc5a85c282632d7090c799ccfbb44243ee6a72c45d38d1,0
8e2f5d4bc77a3d0f52628bafa3cc600ad055da64b25caf3b1ef2ae5d8d6abff9,0
5074803f8a76e16c58a0e0009800792624b7c4e5bf47fcac905cd01988f7b2d3,0
3f01b3d57965f10fa8427cf4f7bd6e8c9f085e2fedf1aff109953ecd4fd34890,0
994c97432f6b87ec51a3fc532119777cb45f8fdbd74ae787a179981c56b80bc2,0
bd16c4923150be0fb6d85b8b79dc97ce68cf5bf31d9c44b8e3bf3eed71864633,0
1b2fecd687744cd569168151ae24e7102c3f87ba91e2b5713e251ca6c822a54b,0
112a2f452a48d3a248e05c34ad8a2aa7572f411575059458be22b78263df5249,0
d2d29f6c78554e26bc12b5282cd76002b1cacb6e13e2e3eae2bc8cde1251a3ed,1
66a36cb419bbb7f93dbd8613bb20735a9d4c304794627d6d4ad51e0a3329d6af,1
7dfe4fb0d0c2644b278eef0f74af42872fbf6d3bf112db5c3a60c8d492038aa9,1
173215e1dba20c3523084642b7077f0075bcfafc4ebedb362b2bfc8aa24b1056,0
3abeca103531a4c184252a0bc0e15e86b9d9b8405a776b79ad8f066d4d46d1fc,0
5f876c08cf9c6e572d46bee7ba166e3d70cdf47b0398e7920c99008820e17980,0
2a32ebce3d624cc6b0cc0841c38b29ca02a6a4d16b6caa7f653b039b2e1701b5,0
236162b9c3269a243797a1eb2a74c7f672b54e6b8af70bcfa3e5fb9260d4cb01,0
0a920055c509407df7f16aca51902f124c5c28862158ff3a81afd8004262fbd6,0
244fdd42c57b6f2aacb8e19f5e2ec5cc6ea728f53c9c93473f2b711091f726e8,0
c74184904af5009e3612070ff01f97de545d2e9cabde1ad70588a866f43d6af2,0
ae730d3fb6b78192c5c29d838e875bbb9a0d8d72224c073b1be3e95395523baa,0
e670b20e1065d0873117f20a06c21734b6fc2bf6e6d441e190de7c9479fb4ab9,0
6f2e53ce94c8e2f96b04378304617be1c5ac7d8261b7b21e5f938b717283c613,0
01a98f6f4b31fb20c40b1bfb3614c5316579cbe69dd1ff1c15944250a70ce490,0
ca6841dfd8b417ad18d5f55daad72ad9fbe8190b8e30d95d9dca4b2a6c0d767c,1
7a1491531696e5096be1b2dbef3115bfe8812580766f9db81d4e6e70a75c57fc,1
c3c147f538fafe18bc912d74f048609eb0da7b0f16ccafd72009ee34d0cbf3a2,0
8175469839e6db6dc85d98ae61a79bc9214d050f1f3dad7aeef7e0a84c693e02,0
781d22358c9d0c88f6fcb36fdcfd12a4caa110f6ccf2d7713b637684e6b1dc26,0
2f01d450a0855467afc4a41a2ba215923182717b43a8be90075e03bfdc4e3808,0
aed57d0cab3df5935a2704c05901963510e836956394eebe2d4c7914dd4eb550,0
bc246c9cca8fb058b00a3c581e8eff767d4d0914166f1bfbeb5e933d9f413af5,0
50f7a90808b022ae9f502233851520783e973f8bf95f0a95858ad58469d2f3ea,0
e906760cdb8b48c429fa5b72bfb46f81cfb98c7250caf6e9c5f422b42bd7cbae,0
9fb7732c390ed345fbcf62c4b9baf6d2101aadcb894c630b02f59c80d5a8643e,0
cd3a013f3d76ff0beb405a5de2fad325a764080dd1dc3689974f6ad99cc55478,0
1ec4c6d83bf528f3940d78dcfe41952c42ff41d9e437038e82aeae98f988179f,0
3565bfbdee37b925f9dce5133758615bfd55390f38747172935eda6afa58021f,0
cbc6f8b724e2be35d150bbd5e2c94b6f730f7fff6b46083c07118d5d942b784f,0
bc75bd3bbf9a9cf6f364d04d3a5a9abef181ffbc857e0a8f17ca52973c4a743b,0
d765e9a00570aa8244a567fb3feabd001f35f99966e2d34920ca1fdac2e356db,0
1c598fa918a1f5f47c6d2753ea5000b7049b327a87d79511c598a72d4b74472e,0
9662c6b16c05764101c1c34266c32486b23423ac35bc81ebb7ed950c8e1892e2,0
be4520f2ea2840a9f94b5c1a7ed3af6d7830cc14ba19d9c27f3b25614e9ddd94,0
1ac602737456eebc34ed55e52bc4820a6645ddfe9ad1c87a05692fba12a18ce3,0
eb5f457bf5a1bddefa32ac79582375e377f2a54c7c9e49af769d14336b1c1e43,0
d33b2c40a3830f3cd3499a2e58b5ecdc2de82a030f59964b5a012571d88d1684,0
8e5b76b1c28f6d089500b3e2ad2567e9af47f3d7a42ca797f070312bca82dd96,1
9fe7d20fe9a83b1a3d35e5555671e2882018b41719e1f5cb0428fed67923df3d,0
70a4a557d439d43899c0a45a0db9764e581c6be3caf27a9275fb41f2772a1407,1
3914fd3e79680d883a8a331f08a9f38f501fd29b3cf444b544ecdffc54a7f744,0
e422c8118fbf454f144612187f8d08fd591acffc47291da67dfb9fc1555d20a2,0
e90015833c98ca0b4b545f1f146411da9a4e14c6bf2102cd4cd6451c43d3a126,0
15a586ab805e73247a610e19dde1b31b1dae9c1e1c785255eddedd25cb7b450d,0
25c63a5568f76ddcf7796a5766efd1cd4d0d0d60c4c5cc398212a8e4486f27f5,0
6ef09b3c28ff8b9f06e9539ca1c71311280a9379cf0fb07afe54161e4cb81c39,0
6a8dd75d42665894201b7f80972475a976fff9142b1986bf9613595840ed93fa,0
3bf469f70c5668e1df4f3c8f35ff9a0968e86d4ce71f2652447e89458415ee22,1
0035740498f46b385ca59e82f19dfb4a78c6386406859dea3f2324b2f640eb47,0
fd8df9a2ddafcbb46bb8b7c8fe46f2273b4f5b8d8401f15d4102bfdf8686cb5e,1
90ea0226437c9534b929b1ad311871187ebbe5e29a4f6bde65508ea014987300,1
2dc54cd1b9fd1b838e912ab07fa1909793d07d38fac408762516ed00e04ebbf3,0
06184f84584b3ff985f10467b0b6cfa40d9511cec015477d5c6f94818c621939,0
fa21b9e1544ba7cce8785d6312b8b160a2d6581484422fcf96454fea54d200b1,1
afbedb48b5d9f91de787c2e73657daf378545748cd8531e618d74d42cf26dd9a,1
1cec5d2fae68babc15e46213348318b4d9b37e151c6e3f1d7a22e68ef1b0fb65,0
30af3625039086cdfcdab5a5d34b2e584e92b12fae36f43123d0fa12ac378899,0
a15b76ca466fdddd20348d2d6946237f4a3688002a57ae58ba3749b2cc604940,0
94a165899a82494d85a21f375f276837640a5feb7b7ae9ce8095fbf9928a13c0,0
65d3eac8a7357682061e68f1c9ced271aab0dedab8f44141ea9a5f7bd7fdc6ea,1
113fabc27e39b34c738a21a7d1daa0d9651e6a3c610983bb5ccbbf87055bf9ac,0
51a5be9d3a537f21e63f90c53327cc5b238ef1fe8bd2b119b5b69481c7f4e99f,1
c5b2d3f1ba2d08a73a80f8d8b0da6d9840fd8bc5c1b1e928a7cfd0215c53a3f1,0
dfe3b831247f0f02a848cea8266e70a8cb4f1d5751938f4b8ff2c81842a6325c,0
8363c9ec3ca8c79c9ca5417af0834af19874d99706ae76ebf7cf4bca33fc2d96,0
44f950852904fcba19d2bdaa95b42a635e0a15e7f097f52e5fc14d95b9693863,0
6d855e8b7a42e66c0bf0760b46ac3fbbd7ace6568044bc3e1cfd2375a31a0b7e,0
1e33555d2f4fd1586868c5a6bd192694a0046f8295651fe5f7a2f71e55a887c5,0
32abf5fe9129cb9544e0b15833e04a201c58eb5bf172cf9424525426dc656bc3,1
87d1d436118122c78f2419ab206ec58d1979c77eae85630f1d253a8383c14654,1
84d3920db068e8588893a07e78f49c387b81f67b81fd26f0cf0a2f3bfd8889c0,1
b7dc20290076b54bfb71a295fce2b0e871338ecfadaffbbc09825a4c3dfe85f1,1
54cb995c28ef721be3af3c017ffe72ae853e459d328cd341892dbd9ce3392188,1
7a1a38f1072c37633781b843d3969f98ade5881e06452f8e1d3a3e00fcd8789d,0
aa9859d29c5164a59db3a8256d0c86fa7c542524e7028a0f100f74f615176256,0
f8109e3c3389ca6605b36d6e8088666404627ec49288a849c2a8c750b44a260d,0
63e11d4aafdbf1cce214c379cf3a454bd03ba69ef3c41e87d0b02d6d731125f6,0
661ccd03b5821cca0c1b193286a76121bb91750b2c35c6c28d20d02abf8da939,0
78df0278a3a814aab563eeac40b556f98b46197dceaede563884c9f913f70940,0
80efd701f1135ac0e5b159dba41c0eea722cb74f946f1a3dfa1e9085eaec50e6,0
6ca9e9abe73b278a38fb171a9a2f859424df42bef18b06bd99bc58c9626bedc9,0
9699ef8ff8a397166051a7a86d7e461cda3adaf35213c94e61f36d1b3a7e2daa,1
b4a93c5f5fd5b427a009135553a6ddd3114a7c303e64dd4f7b6fa3488e052487,0
1f4730830274e7b809615154dcc86473ef8ac21d07068babb0947e7b04ddace2,1
a5e79776747a0637657c7f64da2200fc5ec0bf801ec57e8937d1f3851fac4e5a,1
a5366827082c56b906c04601c0e64897ca7731747696da2bf19c0ca516cbcdf3,0
19a08489161ec2c5fb083c7ca712b7655eba016a93f1eff15b4f544f3024211a,0
364a8d78585b7933c784fe2a303150b1dab82265a49ad59a37fa785f6bfcee8c,0
6c519e3dc6b71e1a00cfdf88333ee7464969f24a9da2bf7d26a33421a810ce4e,0
b1b620bf17a2d8ccfc6144d7d2bed4293a11c98114fa41c536944d5586684fc6,0
9024a53499c45276792b6fe6cc8d2df335bea5c6d55f0a2da8a819eca47583c7,0
fe33ae6a9f8fa213dd77ef143bb74dae6caa5a4dab8a5a752cda6c1ed11db386,1
ddee45190ebb60c46d5351d1bb3657528727976efcfe74a3ab9932668c967852,0
074ffd7e2cadd422eb436ddadd0afd629166b9195e6fd367eb5559a198bd31b3,0
b2c2fe44a536f80e34c61998cd1b4ea2fba689807f7dee5131279449b291748e,0
035155de880fc5aee53cca031a396cd663b353604c31247738898d40c458b8a6,0
fa928165d8cd445e9ea6782b6baa02ef4c25e9ebfb83fb75de0b23cd4d1a0b55,0
51d72aef856b325057155b847093a9950faaa0ade0c1faad970b56fcfa4fb30e,1
f8831abee23f2788ff7e2f6a75edab19be4a6f0d55216342825235b06fbfcf8c,0
97d6fd023f7e2bfc612552da3b35d471df3ad4410a955f0d5fd48b631b83e730,0
9df2a7c377aff7f62ad1b272a67295af9d4777a90e7dacee7b894faf3f8e5494,0
84dad0f445f07bb6546752fcc6632bfa9ce1b5cc045ace4906b9dbb9df8b1616,0
46877857e53f779df84f51e19081ef1b0776b352d52712655b943df59d5574e4,0
15d3c189fb5ceef93fd30b5c3789a36be5d5c5d2f76fcbd43e90d56412910e70,0
4e21e4519c6494695364157f7d5ae5a0f5c68c99c7412e52defd79e84ed1d52c,1
27ba55ae6dbf3cc49c02405f1c10eb81e20b1b48cdf6c7a30f6a650e719d7118,0
f05e02473a1012db6bb3bd6f5e993c2e18ec2d1462468bb6889a4ffa8c606d18,0
72c7fa9cacc5a332d0b82ccacfb4ceca751141fcd63569fd5835c81008b7c9f0,0
80b44951f5ebb85bb19c735af20c24de03118006e4c8931bf91f8e8905ee079c,0
755c92213544e6b9fb1bf501b0a3f7e58069cfa5045797ad51f5e23cdde70700,0
67313549062b0005dd5366857efa86092f3603f9247f25683355f13954d58105,0
0f9d7687c767f1dc30418d394899aafbbc84c8f3f6b64c8484396de6f9e3a654,0
6ef79aa88f8be33ec9fa94d199b16736d8926f561a78c6ba3435cc14608a8f79,0
524c2535bae7535a69d42987682d4982aadbf9ca5f38c1d8ff5c97862a101737,0
9f4fc44858f7ac2b60545db3086e7e4970cc01653f379c328bdc15175061335d,0
153148cdbc1b3975b79f88cd76b5e9b81f1e110c42601ac295269dd0478d4f07,0
dd1acb8964d94b958d3693590993ef20f260820742794a38246444c5cba49390,0
e32ee2e8334411ebb71d544240917bf8a6848cbd75b62dafab42023499611fe6,1
a9818a68e5ea363b3c551d1d74f24f37625ea44e668f969699cdd6ca3e478e66,0
8971c319ba7d7c8cd65fdf255ba5a6abfb732c03dd8311ed48cb498670796a7d,0
fd02a96fbbf00b2deb3146b8de410010da5e360dc74057cd35d1fb5cb3432875,0
d20e3b806ab0c8149cd38f0d797ce9916c53d4929896b7aac00beef4ddf198d1,1
708c2e74cdefb9a856d508f14f70ae3cc14c132f258f3a92ae8748be79622dce,1
bb23ff3f5ef9c18071e98e0931b5e37811e647dff46966f1a03f1afe7adc1043,1
79d84485a66a0543552c685a108dcdb284b9c7c2716f20a82a098614dd410fa5,1
1c794e19550642246682b9bfd9a1a3ffdc7ad348952f4ed78525c0b87a1ccf82,0
8c06f6bf9154bb153971b3413ba38e3e1f59d83df6808f449a154645a00ec7e6,0
06e9e1130fe0e319edef3e9a0f7ed3ef3095f00c1ecc4c94017f15a57ab59233,0
b17b8bd8f474a1cd16c272c9f6a6937cac719aeb818d2f5a45b824e826a4ea3d,0
0836928a5c0a0dd092bb508a2b9b37e07d9022bf6fceb33ca9d4b930124f5483,1
cf87e07a2cca61ee2f078539eb7f40eea03e0af930a6378b1fc5904f1e1e91ba,0
157b74ca25450ebc61ee6f78ccb33e225590662c7f6864bb54116ec2d30223c7,0
dc9af63b55a0283a8849868b2296dc05e077ed6209ab1cecad4c3f6524962698,1
ef6e62d794b23643b7e4c29ef24b35482a4bbea7a7073ed3cb4c9fff8fd0e9e0,1
a066d8c5f16c15bfe6a53082f899137cc42ddd9c43a9cee12b7ec1df299cec71,1
5bd1629951fe0e24e65d0494715e726a531072c31d83348ea0cf3f62d01957f8,1
7a92789235cd0a59e00e33ea2dfa387efc2ac6d4fb41594be1d5674fe8d0804d,1
103d5f85fd4eb79fd9cd5e3322107e14a4c812aa64002b243541406239cfab31,1
9b7435ba84c675c08a46ad2824c78aebe9776c1b3a466a53437a28dea08b68b5,1
ab6ad4ba7686f8bf7b7131eecdce18bd3fab9f0e7552b41ab175e4fe719ed9e1,1
082e5c26ca2598d430b8eefe7267ebf66940b19a5fea97a2afdc7c29ae1d43a9,1
f35d01730db8943d57a701da746b4c4bdf6bbd6d5f7f809045f123ae7c23814c,1
5d649c71ecdb3361b5005bcffcea0ed9b96e03b5b18610e23a66256446568d42,1
081bdb12ecac4fa88849a384f4939d30d543b71bb3ade9d5d1d150c6b0c1ddbc,0
b31401794d77b505c0a4965ca6590bb70544ec5298b72a1d5a6f67771c8b8fbc,0
18e88d6f872b6b2f9569af6a16f6e648ebc447d302ba252a3d20df40b15c9df6,0
a64a0ad301b94fc4bfb02c6048c79acda366c7fb064dcde1a5a7a5540ccbba96,0
d58c7d3b340cceaddaf68ca434ba4dfe4484fca19bf545192b8cab68f878f3c8,0
013c6be38873ba4cada7be0f81f14f828ef3ff9971440480e69ca02363719fab,0
6cb5f199123a049e14d2ececafa7be55e19f62220d9628f087b08b8a0e8ae218,0
aabfd81370fbfc1a55640f9b0dadb4841da30c6c13d6109b91eb260b783c07b8,0
1bc691dddc7be2d165d8b1cf47679d3e8f70cda5d077373b5033410269477e7b,0
fe55974d3d289a8f917f4a097092ba8bc8ff6586d4728065d877c32d49e57061,1
e287940326f6182b4c23868f7a68ae3ef2cb7da8efbb88a3fd985ef5ed4065ee,0
82e0181018d5ca0d2a372d59b6fa546a205b1c9f818b6027dae524f15a40f10d,0
213c635ec2e945254f6be332917d48e7e2b780ea7ea16472d26f17026f63131e,0
e0c6f64e1b489e86552e22616146b300576afa8ebb4b747e0ce0692898861a04,0
58f7daa14bda9c8d7caaaa5b7a3da714f27f2eaa39cf2067b59dfb2c1ba01e52,0
e78e0053c81a3238e75860c5f1b419903cff5cc8da8a593782489d52fa666aa8,0
c07a1880358b810108bf6b66f0ca5f9e25987b570c3ae5a347c1cd1f2c3e9954,0
4d270813d9089758ef5ff51abce2cd33dff20039b83e1aff80a6ecd23e0a5775,0
7137ca41af92a5d9eaa07b17e8f432f0ea250a1f4698678b00451452c02214cb,0
97c8b3e4c64ea42d6f07c50f9c7524841d0c51a66c5a36238b852a31bc618358,0
1eb30aa08ac1eab7d9688de258269cdadc5001afa1c985688ad8e925c07a1326,0
ca1139f2e0119601bb09e10f98bc05e424a9510ffbd101576fa93313478371ba,0
0cab679a5140091db34443964d89f88226204e641ca61e6f6a069672020fceb4,0
0f9970a93f70fa67c414d1bc1bef699e0a26dde00f5c7e8d8bf5c0781f0b1452,0
a46e52e7c71f77d1574ba514d24b3d892339d3dc6ba7f314d2c441b335ff9afd,0
e0160ca014b826dbac7ece833d92b4a9608e65f1bce9f9ca332ae4e1e926d311,0
938c8652d10293bb944f9de09fd918317c44af21e3fb1da99a79ae5d4a7d5339,0
3221514f6e4380b8f5af62749bb26839de89ca54c07c7ac8f21d10111491bb96,0
03d5c1fa13ac2cdf9230191f3d408a66644a323797f36c6802063837fcdc3ae0,0
6ac0802b48d2894a309c540c10899ff65aae706af03ee8cc215b4a6fcb906908,0
a471bfd58a2ea214a56660066593eb60664a1cad7aec6de334d1d4b59edb69cb,0
e237f401e03fbb7d795884abe4da34ad69eb3850e39b57f7ad33d3bd1ec49b60,0
66166f33feca76a9368dcc13ec788eb3b51fd95605d9056f915f17864daaf7da,0
b7400685a7557e343b6d784c5f336fed2632c7bbfc50c3b5129a81418b55e58b,1
762f92a59301d1cb19a25b823e548ac73ecf5849cee9a495a9d7f8e6ce1ab289,1
ddb96930da3dd9dac0367616a445dfc4e04d6e2677356812f855df72f1022527,0
9152360a5fe4185a2167eadddb299add9b8aeecdf7ca4ac2d9fbf16990ecd58f,0
0c40deedcf13cc3f3b374a00097441ee635cc03619ff5023b989b9409a8e5fbb,1
0fc0a3a601e819c80eaf99e31657e9c842bfccb04c17b48a1d465127c46c9876,1
e74c3b5b307b5bee10e3cf7f49f7a97df9551b405f9d4efc4e84a2bff053e90d,0
73e5f3d88fd4889e7809b612bb1f04f109b56d319238292051bc08fde7cfb432,1
b57921157a1248d0ecb89d3eb0593b42e76f858a0aec4637fe92037033d54d82,0
630d313d3f9b791d67d2de72136fd7cf7a24f085445f1c5f4fe6f6f87a49bd81,0
1d5385811b6600dbcf8e935b3f67b61bf68a5adf89dd47421ccc203118a65b82,0
9eb40bdb0389280146e0f9c876a36aced55c4fcc5c65031f1443571e7c94f77c,1
506bf57f047583a965703ac4f1f9c4f3abd6007409df4287e0f5bf067e2083af,1
b91883fd35a8579a559ea140ba3b2e5fe2ffed92233a795f45555398ffe779ce,0
28839ca3c4cac70ad480a3c897c78254cc67cddb5f1cc2b03ed056e2c4bc79be,0
d62c10d8b679888b20380511aff0d876101119bc5116e4fe3c14fce4d4f38fbc,0
322e846363fda91bf5741c5a32bdbf457d98476475079eef9bbdc63307d46869,0
f964cffacd6770664d662c6ded88fd4964f9241990fc23a75e371eb2b0cc8e8f,0
6d27f8d5e212890997abfed3a94a43d1807a6a7553efb643ce963682f76d2ec1,0
65ddd810b5b1b4f46e7738597170b963d616c4264718e0b9b24c54510044839f,1
0f64e546ad36272b7be76431c877c4df78dd6e4df87453335cb2893fc3a6f1d2,0
9a71a1007c36371084636da8fa689ea30a784dc545fd7a38354138787d740300,0
b2c382a2be406c76559658ac07a48403434418d6d7faba996825a2d2474c2875,0
b7ac5ab298c4e363c70dfa5f6798b6a83574c2770f670d0bf60849a6a49f3e00,0
e13f3731eb8d6fd08d2bf3e33cc46d93e988a50e7b3c15b5788f670bf2e4dd29,0
160d4212eea6c2eb054f3ef72864ff811b69777dca8472c8e87506a2633222b4,0
d61ad3178a217c672cea468647414112236c6cde985aa3cc937f4d6233841c1c,0
290b186ddb562c5d711086b7702f27001e1530919175c4f33b3a568cf618a31c,0
a8b820cfeb88370f207f61dc7b58f0507c064cc874f699eda255d87f90071555,0
65c2f9214499ea140061edbd8838fe1c81aa9b8e978f43ce5f69418aba34f390,0
29767bc2a4b5dad1dce60675f03b1eac4a7400ca0ae8d7037d1ae3751bd40e8c,0
f06009597172d6cff483f25d3d4c71a7df0d28f82359d82e1177d17d095ecb62,0
9a9680898982e60a839922dc6286342c44e345749f501532e9008b644d40074a,0
1f5d636532736a118995b1807b207dec631b91ebb82d083ada9be18a6f9b190f,0
7a3e800de363572591bb8aac2fa24232e5c6b19bed22302ba2741a92046e8c90,0
44fb5f390736a125b44ed7b33cbd3342979f0b16c7fad7c9d3ce8c14cddfa12c,0
7bd3a8c668f450a2af1195b6c4d478df944b026e18c82af22c0e8193c0649018,0
471b0a461477e766b27fdaf01221fa6829385900e8a856a2e8396d6aad3ed8d7,0
f43590f816c03f18173b1abfb66e4abf302b187bfb9856a11fa944fa546d7b80,0
61939c694b9a9c8f6405a50ab0cdf9821cbe2de33a7bb36d2af562a226dead0a,0
c73f5f0d6ffb2dd273df8692ba456c0c1de7449d8954e7430ffe010742699810,0
97c00d30136df48445b080628c5d0e80a2a9e7ecf9b2d68e75ae9488b5d28098,0
1e1f011ea47514f46df9f1160ab25a9f9d2f4d55aad8105d4cc4167dfcf99f7b,0
bda47eec59fd280ac96a140eff01ad751ebf4230d4f866c3017ae549c926c3ed,0
70edfb4c79a79701c18ffdf06aa659d1cd9caec115748316bc1b1ced4898b307,0
349f219b81ab8dcacb7f944acfda5df8246d07949f8f304e229d7cc58eb788ad,0
4a264dbac41aee69db4afd1347788943ef692e70a2ae6a740872c292bc353f70,0
074fb2e77ad9ca741a074f15639eab3350d2764031616fbdcbea093a5b37d0f8,0
ea3697e960f8465ac4798674c0a641dcc926a4184b15275639366441c0594f95,0
0e7d8df2a5688866dd4cffc9659d4c0edf90f9e724b9914f869a8a95c7e6dc25,0
7e35e67b032f1fb31b8416cc37568fd23510c467023930a35cf18e5ef3c8a6a3,0
5f36c019becc55f5e2f5ca173ca5644937624dd6975dbb81ac744d46dcfc183a,0
b7cc2b09b1e680678d5322f3aac60afe3786d446d356e975c4fe76a7270c18f2,1
34020702213d5934fa78127b69a7dbc2e797c189b4978c3eef127b2764f83eac,0
0c9ba3730f294bf5d909dd2d6ef932be4e7ad5a9266a1d7663edf1072edbe47d,0
9f1fac2e311a34d6116de647bc0a5ef81687b5068e97c1a02b17bc3e9fddff1d,0
00d42a85a60946d90eb198a32279613b9d9133604339a32ed4572eb6830f93d1,0
eb489d9560dc8804c2e5ff55d4d1eefa314fd5f6775b30cee738e1070488bb99,0
64218acb921883a4a4bd349bd9e56faafe690a2fc5cf3a2847318028ff87ca8a,0
3154e014c1beb5b4dd602fce7ee135d38ee0c5ad11e605ea5b198069368fe818,0
6e6e1408a646d65403e2d002e112051dafad7b1e4f6cde67fe9252012ba3d8cd,1
499e843f95a19f01fd69a9cbbac10633aee82cb3c21500b00e0f89330233aec4,1
2e164744bd5cf55b52abf4445c8d2222363aec1d5b01ca7d0b127c5780a99874,1
72661c3b041a35758497bd2a29dd6f188a8f5ee524fdda6d8e9dbdca3788006d,1
d4b8945819eb08186add62caf4892e9ada315537251a1eb8f1abed2c8fa7bfc6,1
3df4acfb8d496b25093f1f68540582bca725f592eb54bf2fa011895b2976d40d,1
82b53b79b689b86b5fa548c26c63e58a61b51334b8fc67282eab4c8b90bc0a51,1
a90468ca4e9656d40216c8407bd4f119eb230ee9813c97e722978d0a96c9c5d7,0
f747edfe969e99689666e9b4f566fd49108173bae47fae5b664c0101fbca1285,1
731bcdee08c94d3f5d3cd22a8d89171cdeb106a9c46785e4c4040778c12a4121,0
b8c9d01fc78be279a9c76c71ea12672270551a588adf9247405003a3faf6f73e,1
5ee191cbe63e225511a412072f89d673c8a849c7b4083efc072bc00b909415f0,1
49c3420f7bc874f5492fea1dc59fba903579c2d307cabc32d6e7a9eed6738d88,1
d91295ba0033be52cd6b329ffc48959da98014c1ad19950416dbbccf4e70b7a6,0
c858bbb3e473b338c0c760700d365df1b5ee2f030def6ae36061ad214275fa9f,0
3dd4e957d803af071ed2510e47a32ef8f4cb1431acdcedc36e439387cbcfde8e,0
b0c1fdebf05f4b4eade59984b08697a3f44717b26ab8ec07881a949d03dea319,1
1fe896a151ea2b7c95444aa0c7e56736bfc24814953b6c214794650077c6192e,1
4341f235d1a933248ccc5d7ea693ff4eb128c35c4ad2864ccd2efdc00e07686f,1
968c81e78c9b8799ca115a5ebd948120d094d4c9dd5988a776b589f70aae6545,1
0a45ceef198a5a62a0eaefe3811d4baf5f36d8c31e8ebcdccfaca5e5e42c5201,0
97cd0eb4b47078d4388e5c8947a1680acbe85b3d3508389ee4c24427ca4b988a,1
5e345fad6bb8f8e8bd66137d0e8eee8ece698a4d9fbad029243f6397c9488365,1
86b3e0a31a6d4deed0aba69fe68a00727d1821f2b891a9d22c35dbfa385c1305,0
4163f40a31fa8997c71085e0245e6714c0b5d3d2ae88a9a10c021310959917f9,0
39ee44adac3529cb6da3f39fcf13f25fbacd0d20221b3cbd373b20b6ade5c3df,0
b405e8aa54a0d0b8ef85c857a8db47f0fd706bf10c4c157d14fd8433cfc77dc6,0
b5981e378f6d57ccaed59d40cd83141391519f5846c2aa0ca6934cbd49c0f7d7,1
9be0ff0c15a7ce688dc0c7ddce7fa2360ce8eafca5f613537eae75f95dc73607,0
bded31de3bbb4edfa03144a3d1420e25a793552c3d5654d54da58bf33492880c,1
6654c7ea469de4d070153addf3bff8f631a34ef5bc056ce42e20453f157a2b5e,1
f61ab8ecaa80f5516dbbb59fbec148a8095a3b0e1fa88db08453815d7892a093,0
559e621b0544e6d6315b5d3e839e1df17f62a55cc5d3bc1952e29d218c8fff2c,1
789a227b034e3a8d18de3f7e77a6c75438eb9792ef517d41f8399aec83f4afbf,0
db124a0a82ae2e74b845f286d211bcf87f9614f3d9c306f5c31391a46fc48c5a,0
b989c2cd7cbe15027f04ff1ac52d1041d3ac6cd87ce8519033417fee66f57290,0
e56751e5d5f1f51786abf63994e51eb592626addcc9d467c6148ae162fa19a47,1
7c7beb227453a294e4e93b009fd7efb4938f9e3c7abfecc50fb2463738f90083,0
d5138c657b125d9edfb6be219f3373d0d194c2ae5ff0e7aa9e5c09c4c46268b3,1
9e5114d0911e534c200f2c9f2adf8e3e657422fe5eafe05defccebdccc292053,0
d5b51211c0d193b06f8a6184b31f0979c8a84bb28a71d3d20c54c806d3defd31,0
92a7cdc22024897c4eac3d79ed0acaf259211402f96cc0e86a624ff7e9b5d36c,0
82513fb0c05cc4e5a818e3d75e933be482a73e9b82d03ac45205f725fe511ecb,0
18d359686ecba90241a046b3a3db8f1b9a856334ac76f0b264fdb4830f5e3cd3,1
124f66a7278d3e09903f0b4ec9414376a02ef10c2d9623ac580b439419abe6d4,0
de58c31b1f2e4a0207d76fd13d9408f367edf2b5cb74b3127a578aec9a534180,0
ce4a779b454f928198c51c8fed987e25572b1615d72af1ade20813209d7225d2,0
8fe327ffaf3c30b47b7f5ca12955e2590b7a30dcd31148a387f3dbe063fa46d4,0
287c1ac21734bf2f7f11360bb8718377cbcc7bdffe09e5551fdf33b52aaf68a3,0
3031689a2f781a0e8f9ae3a59f17aa9047053b97fcf977ec28018c615e9911df,1
ca6f03e5263fcc9951571f605279ce23d2a88ffe722eb5a47ec00425ccf5e486,0
20242d01e7fb28b22991aefdea9c91741be82faceae92892d8855dac853d16a2,0
243a6982eca433df01992b01b2ffc056dbeac5f27f43d5fc680d62d73ff972c2,1
55a8cf99a8e86b49801a00101a258b3fa38745bfa281fa53de77dabaa634426d,0
472259545ef8f74558ace590d965da5476b8c0b63325a62c97468e359f055785,0
d077688973e5056677aeb072df32a1b3a3070b27bdb60776bc474765215b4ada,0
a21620e178c98afea25c58117a2f7385f51a664781eb2b0bb3cfeb75a40ffc47,0
122306282c4c5b9ffaec221698f49bba282d02f1db95b80c5a5f11eee950ac42,1
02c0a701df6a2d6192479f15c0fe1f2b95cf83f1a2e5d1a1b0ecf20c90964f3d,0
06e8f15644d673b66e499b51a305bd66cae906fef6801bab220c7de649c171bb,0
225687cab847c9038fa17e6e995718b32746df18fd2ac1d801d071e6f84f4577,0
77844473960b20d694bb0b05fa492636214062b2107036da4b2e72ecbf997580,0
02258f3a685f97386836aa5a28f07392dc854861808e13cee94bfa7571aade4c,0
95de767c02f9a3a2ce6240350f527eea2e18d3503a9fd09ba6fcf679932b91ce,1
2138a256ec6edc439555c98e90eb497f823a4df8c90d7a597678a87349c99983,1
fa15e03cab836df28d364310fc8b28e20ca29a39c7402998bc8cab35328ec892,0
4eaba908b9a789b4eee30cc0e6b174b246c905a1c243334d1684804dd1830a32,0
edf326b2633eb89c913ddd3c90a6f9f4f6955269aa7d606426d39d1c1e780636,0
c3c43f7ab0e399211ff288fbad3b30edfafeb3cdcfbf9133c3de90c83e729dcc,0
afa0e981887db158cbb721bc9c92434b7fb41d8f1056f69a0c1facf844f19fa5,0
75c912a4527e6442091221bf3a9a398f08f33658a95f523cbf4bd88a520c276c,0
b283015d685bef5838a40a4d1b28407ecfb0351ef2f7f8c4c0b2423a4f7a3e05,0
b3c68f7af26631360d1d3f06bf9635d18671cf9682e3ed5992e43e0c897c5d31,0
77cf9b56cdeafda9a30e1b6511d1351ca6815b0078409340991c456ce3fb1a11,0
faf96851311c9b76dcedd431f5a6bf9d4bafe99462a0d009b9a7c910e92d7e4a,0
c070c0b9ecb148e25c7f41a85eae5163eae47812271b52d2140cd118809a84bf,0
d88728e7712a974a680863933037b535515f4055627b4593f3a547495d7247aa,1
5f5eec91700da428141999893ca0cc25aac91632e8ca1b90e902076951692806,0
c4200a6b0b1259e19900036e9e5145bd387ee8b1d5ab4e8e4ecfe3f648b37c3f,0
092f3c86f49d9c9f40bc24142fe4cbbf73cb052a1b7fb3635a5598f18a4017da,0
e370696977ff3789bce2f2ce7bdce0cfc9508a67fa6bbe606495c12607c7d5da,0
e1cc3ecac3cf99831aa4ab5f5f538b0f07a6bffdaf81c532ec45352ae05ec61c,0
d735a48a2d1ad325384af6a175a46b2d8ec18bea88c5b9222d4a79655166e4b0,0
4e761d7d3500a3ba000e60131908b1b6369677780faf0ffa9451936cb024f6a6,0
6a245db657ce09c46f692e7c34406422a3ea7214bcb3eee5d4b452e380b04fcf,0
4040565a1535f2f7e55e415ae8ae46b5f4f4b3b65e9b799fc68a288e4d8519e8,0
d87094622d4a551becdd4dcc63d3050cf3ddbce295a2c0476aa1591b7a2b60d8,1
b76f14e232ef00b829233790222bdfdb921a7f6a6b015bce5ac1215cd78ee0fa,0
1f4f0468ae16ddca48fb2b89cbe4b5e0b37765ab38abc5c189dd596fcca2e78d,0
dc450a2396442fb76408978ad5d62c7d5219b7093c643f57991c3293a0d58041,0
55e636988ed466cec2393be38740b764468602e82eb1a117bafcb17e4388fa3e,0
4f19e0f4e4c7714cbb69bc1cbe1586f902bc65051f873ae2368d7584f8b1e516,1
cdd3081e8d43cdf4b41d49b832977245bb3a5c2c806f927c71717d871d8988a3,0
65e27f5779c8e7e88b60eff6c70289709114df8353b4f0e414ede0d56a7fae22,0
57ca5bc5c2a942b4389f0e6dfce14a2143ab674e34f8d4211c0656f07edbf377,0
1addda26b454bfd2d0b4281f4e8555bf669be4685d1711b2aa07754f54895784,0
75ca6d22188649fbd829c9db47991befc5248b4c56916c71459df5a7b08c6fea,0
ff82bfc5e2a004bca489eebc629c25a4143687fe8a86188a95a5e1e1176ddd33,0
fbe1a5261ad61672bba5cbab9318691be69bca62b8cc340907ea32029afb8252,0
043067166c6d78fe245b405ffef6c210160bcdd8fdba2dea195cda682602faa6,0
488834b03ae83d2dd0b76c86d35a1651f8c41d4c9192094e23144296d4f6b07c,0
ec12b72b3ae33c7999e04be5b66baa46a45ced8f220369081e4f0035a48f403a,1
e027d96bfa1437248db65364d6351e7c6fa0be7cbc85d34327a7cb6a413f3c41,1
31b2030cdcda9d306c6e790f3c243bbf02d9a4c9a50d8d3bc9a29911c90e04af,1
62d3ce45ed55b8a6913c4a04626f2211b6201a72705310338d93f2a16888abee,0
e2a8f8e777627cac7eb478c233e9b0e05cbf9f467d11518ba2d4a12fcd18e324,0
04f985dad017307b9f24835ebaef10521998339db31e49922db185a8cad84100,1
be539af766de46a69bccdba9314f4a17503fdaf2a15c952791e3f8bc26b2c4e3,0
40760feb613231345ddd2ac1a1b6038a775cbbea1f3eb0a630d69ebee20a81f1,0
8089743166a9b6a83735e92131fb604d5f656ccf5485f0761f9571b6e7f4125d,0
7a3c34e29e2cc18f052c5eefd2707d66fe7aa83a3073295c14905ca5472e5d25,0
4c9bab91a522e3c99515f406a71110b8f87301faafc4247b863a3a2f805814ed,0
b42261d42d8aac87a976f84729c3d0ae90d1efdf9ae74080f418269c54ff2005,0
e15b087d4e5594b727b66605580c7ccf04f4f3ca291681e2de8d8c218165e8be,0
eb2c166c1c19eecbf334289a0cee993417f2c2c2b4c344af107f73eedd24e579,0
07ae76c48d686cd891f6b55e6858c293f1929e6f810f8eb626ff7da052347e11,0
f6b0613e00102a5a7e0ab44ff9ab039e11d3ad714f224dc306830a3486b8580c,0
0fd979405245bfaf0bfd8c7341723bebbc952e1347692dd0a573e755868950cd,0
c7ef76fad2a36b526f976d74c0e70c835c6ed2fb7a261061612166ef392bd73c,1
799ff47e55187a4af17c5ad0b6ae015d63e18b8ce0bf8e233ece2cb213c2a638,1
ea1cfbfa126adf61a3b7ea1d325095ff8535c9a93a222ef406de284a35e00b5e,1
447b1a0af872ac00cbea64c4acbbf348a2c250fe711064093bd3cf5d47caf5e6,1
83369a99af7ed91a9547fd1474f130ed10c3748f59e843345379f3bbba58765a,1
5ba62789f62127788e714a273fd837580eaaf9e38377c1608efd24192ca04aa3,0
1d4095f1934bf2a35065e7e5ed9b6ee30a60a108e7eeaca760d945cd26a714e7,0
0b80c3bafff719b7bf8bd8b44adbe56066b59a5115760e888f3a202a04aa3c24,0
360e27221bb39ef29199a6a5a0afa2371fa110ec48a65182579c6cbc4da9864e,0
d4bc9d7ebcdc63ebcd61864c721114d4590de792406a6bfc3bf549fee13f1a95,0
578b7d3c9d704656297e34174397224d5bc92f7cced1ab135fd773ad24522d57,0
d722067e8e18ab4fc30229a273c25bb2b3e83bcac67d1a00dfb634521efcf261,0
4c2df3c2e126747704cdaaba9020448d0f6e1a4bedb94f19b1fc238afeeea522,0
60dad1f78b14a4568e2ae0849f6514616f5ce384312be4f19bc3db32f5cdb127,0
5e37c6fd65b6ae87183f50788ba842180d0a3687f85c2bbe74f657523705d84f,0
15fe888246a952f97de74134acc380c7e0e5eaae3078dd14a532019bb7f7d1c4,0
ee0cebe76cefabda07f63b7bc25b0cedeab82159ed486f981301314099e97ca2,0
596f91cd6144570eb1dac5fd9f865808b4ddd41262a73e5a472d7b3dbdaeac74,1
086902b403ac73e79decd280a19bc4eb8a67282fa0191c976c71cee379105640,0
32c38b38dd9c9e8667a8dfe71ee0527a3477971074148e7ca9d22667b09f81b9,0
5a409601245f635644098a4cfe7ebace13224eca66bd88758686bdd8f43243bd,1
41fbf49dae39c6029d2ad65aabb1a7a1f2dddbe9e8c57e57f30414d35c776680,1
ed9e29005c478016739cf19857c9b048a65ed544677845401980e9e96e2c2ebb,0
a32c88b6d2f45e4bcbfa73678580e98e0f61382620d1a31187f5ee893ac0dcec,1
3d32aab2aa074317a437f9c003c51be907530d36a238b284a551e6add92d8953,0
b92c769f261dca43099787d5dabd130b8abf80fd206b396938351da0c38744db,1
d5b29136743c036af95a39a4834dcccf4c4da23adf82c5d7d83761a5164ec3c1,0
d5873628fa23512b7a6031437565149e15e716cab72e73d65d65eb1616c946dd,0
bb45d5789151abb061200d7d412f370c0177e68acc989c411ae3b5fb273667e5,0
5840477e1de6430cb2c7bd1376592a42dc3e6c5496903b964afe517199e31c14,0
8bf92c40a16ff3ae1b77586acf01c9842608a9af8fedb7de383555e20b231c28,1
4c3dd52c88ec35b9082f81c735491ad126d542f61a564ec62aef0eebb35ce5f4,0
7ddde90920f5f30b34ca4d65f0e1619b0a27ed0629767728ff1b68e8729d8a1e,1
6f26655fd529492dd1c9a5e89433f97c1beaa5fe76d93fe66d04ff6a54cb1b57,1
67855d4f3e9373cf01589978cb356503a18c8277e73ae060d4067bcdce94dc0c,0
87de5efcdcb4805317a17864bcb71dcd516eec34ba7feb91f34d0dbdcc8044c2,0
cad9452c0ba5b46b5d9f1e80e361024de6de02cfa8dd60786b18091534d89d6b,0
b8ae5d35dd2aabb3954521d60c7d64cd11f5a1d27ce32a49dbc15a7bed251b8e,0
09d1d226c6cce2a3cabebb957c70d70ac155c939546665c4c55a1e496b750612,1
a63baa6648a8f9ba90b0c107470485b8a8acfe650d8433cdb6db577677d7635d,0
899fabfdda97d486841b6fbb1b12874add135e82d90c69695ddc97e63d6596ec,0
97a9302f969c6f69f8734884f6431ce8704b02464efd644c410f7d283e300a21,0
df9f177555e88eb3bd6c3ead470ed2fa6e61e3e17563373f4e3d8da35d150683,0
24d72d8293d41929888621c3d08d1f5d8b4da6300c3589001d1bd091cfed33de,0
de9cde20e4b03401cf972f6189204edddce6a3738f14d9968ce2e65ed461ed50,0
609de3d5fc232a0ca8bf01e72fff7e1f28f6c8dd1e2ce0a6cdcdc80f85c6a840,1
5ba3bca61235e31e73a8d59648a0337b4af50ab836f4d218fcd0fc4cbbc4b944,0
3c66fe74fccd399d8d2f06ef54939730a42f0ab98fd6c629e59368d15c1d8206,0
0a6a0ecc9f4b88e3ca56ca4816199ea24659f154cbc49b24e4bdd344fd1c87e6,0
50edd8fde17e07eacd8facbdbd3c048f6aeb0a0a5da00bb757fab508778d1289,0
c30f20254e733f2497164b9e45c9ef240e187c25b1319de9e563f92b582b07d3,0
bd418353c034839ede48372c1e932c753560e28618cdedf76c6db4559fa8ae7f,0
eb5033804502988ade9b39e2cd965cd8e8cd08fb8ab5f3e49b110197fe83190c,0
2b14d3a0a999506b7027ac697d54505758e1050b1acca14cdbc631c93f0db6b3,0
8c3150b14bf34411134b688149d440b75b69408a7ae94659e74b25b1f3028e9e,0
2157d8a643c6eff546d09b36627f86bf53a1065a94e009d87f6fb3936f4ec0b9,0
0662597f59684a168e209a0fdf8ebab2147e2c25c1b823e112f680fe18585926,0
4fc11480ff30d192950ef7df40ec1884dd9f995e62c373a7249cc2a205599aea,0
a142c27afbc9635983e3c1b739ca566d9f851ca5b330cf3b83428416ff7a682a,1
8ded69e0749ffeb759fbe25ac1e0a306c40f6c8f3fb36022608bd95ca44ff16b,1
ac2b104b92cd641541acc4b4242320e8a0f229648ca8a949f1f572aba62442b3,0
c97a103b05a23e6475e70e0583db3ab2099b66c7b5c9e9c6512fb1b3d0b35086,0
80ddf74adbc35ac83e5ac5e3d3fd03dca9844889178caf92b7ace012d65025a3,1
bde6be5411519b68aa894f5da802d6c09e1e45641ac97b3b96abf06e8c1b2c41,1
3cd943a7510f792c6ab1435958a3689aef86ada26ac4d3c73576b07341eac937,0
8d99afd0f670f5a1d6777d8f58e38bcc556005a9d3ce3a71f28eae807ae5cabe,0
8b087bc408953d995e22395c4ceafa9769c21a942394d5973a5250e2e39ec535,0
7e8bfa59cdaf46e55b5e01e56b4ba016c49955e69555782a08913b2b28074d3c,0
42b05304cf639e8cdff798c7b76a9fe5c3dcd48731e6f14a3c0ebac44bcbaf76,0
76ae41625bc81f6a8da70c94fde11c58c1701b6a01f97708580d3e395f166e3a,0
499f5d5129233de50e825a0f4b1396f0097222a1b3d750470de18cd2343ce925,0
7b9bfb16bb76a7b712860c78cbfba18caf8767363826497ee7e94a34b326de58,1
97789e3418e1a730ef5e19769c7e59f1154bcc8abbf9a24cb6c74d271f53933b,0
107a7e402f3f9628f0731c1bba60857c20cab7093cec0096f9e5dd9568c0256e,0
60313551a87659a2eb04d5aad422fa4cbf1c24b65aae21806754853ce77d01e6,0
a63a85c05adde918220b0b2db24ac2ca89ffb5a83aaf99fa58ed3949f3e03810,0
6d1e6231068d6a7a343947cf9c873f0cf4c23ea2475672e21dea223fdccd1a08,0
33965cd2ea2e7b150198ec9094a8a94759787a82adfc86009507d2d5778a1268,0
543f12bb50b97761dec7766683d1b40718bc58ce0002cd90d153365f3dc62253,0
b6619c8eb330b1eac112a3a05ded004de6ead92dc91c3b4e65c937ef908816e6,0
1819bdb426a96844860046ef1e429bf48693ba1e4401e4dd1e0f5432330a2ebe,1
4dd1f3c728f1d84d45d61bf42731471717566eeb008ede134f7034a4d5b66e0b,1
e2e02b52f89f92bae8496b26b3b199777f169e4c8c4d53e03dc12940b5b06840,0
83caad42fb2c9fb43756577b26761350788e1a25ff60619bbc0cdbf2996d6c5e,0
99f8fd8da290e471019114e17a7d7487c3a8068550eaa8d0a23beae0ec32b9ac,0
202cde741d3eeb56c5be0485679b2dd62bf35bbef8abacf3eb797d02c00b18f7,0
2627d3178aa4fae9d0d1daca1dd40348d5722e22682cbb36b9a94f5769dc680d,0
d56b8317617d32b124ce327226b2850d1fa8402232f3ed8f30a34f90df9299dc,0
f7973f9fdbadaa483f3277db384acf2810e0784342cbccf037811180ef3581da,0
46ac68091948cca3e6c58880f76189b1f6957fb2b30c95a4a6805554b706969b,0
eddec3501665626c2ed7aad6e1e063680b2a2fa57d175cfc61ebb668963256fd,1
b6ecf423bc01d010747782c21f8c64138b253d12a22f30b23683abb1561b19b2,0
d4d2fd331a34d61cfa88945dd63fd84a5d56faa2a10b19fd6676bda00845c590,0
094ae01ba2a35130fc57d6aa7a0b03b3fbd34b3a69115b0dbfba5b729872084d,0
55dc5a02e22763ce26d1584ad0cdc63a3dc9cd040a6a952b4559660f8dbb143d,0
015f6ba375ec83e1192264a7401756f75a612a0f1decbf1a980ebd3715a4d4d1,0
b2c183e964a70a786e18f843aefa71f0af620b211a5f1cd7c98a3bd67511d565,0
efedfb9f0d508b2c01130a71c38e969ce989b2dfd4498e6134b462a043a9a369,0
5ce45a07bfe8fbb6ee1340e2c327c828442a638570c7a6b0e11981232c05cd5e,0
1131019743b6d7932ba28247c3726fc9d2475533490a8293b0cdb61cd94e6913,0
2423185b786f491d3f89adaa2f045741c3c1e5a4934803537f71f28105af2a60,0
772991a404a88492527fa88eca6ec72ae02d0a091abc10135a749380aa8f098b,0
e73c8a12a194143dd6aa973a6938928e21254de00affbbc321c6e35e933d9f92,0
3aebe93c332ade9988eae4330a41a6131c30f440d1d36c448b12d7c53be7c5e2,0
4a6428a4f60f8ac9c5270f885495f9d709fbaeb31e2e59a6c55d87ff5e916ef4,0
aeaf468f0eda1dac33113580bfc17f011699437d7436452847e5de080b1b6102,0
2c1b3325b08bea03bcc1313d092711c30bda7c6dc43687c9e5dc509092666e05,0
35c985ecbcb0106fd9b08bceab033862a64bc1d1bcdcb209a9d91b30688bdce0,0
226dd110b5faf6a9e3a72b77bdac5665d8c382391ba6bda30ca5849af7e948ba,0
70a14f40c6b882ee340920c3bfed21d2dc382df4f85119c1b90d1fa0a9682f7b,0
2249953b270deab81c8804444148505f213c95e545c7e6e9d53361e2505ad098,0
008a145305f7a5842851981c537733f2e21f4d886939f53e3d360d9d13405b17,0
5d54e6ed1a986ab2de5a262c3d19e039e2ab53d206c0f9ef94a7633994a0efb3,0
2431ccc0bb71c2b5d1c8117c8223a0f3b4a856647b688c6cec87f3b3ff186466,0
e79622389ebd7e61b82edad382cc6c17a09548f2c31a16d49cc3336e85280195,1
dab54e98d96a2377f58a2256ff65746f3089a460894061969f22ce27450ac670,1
e3b4982e9048546412601d0fa24c2232c8ddf60173ce628ace3a27849e03786c,1
dc713a94136c9d1deafbe232fa64e7a3e22599717db7cae36192a8b2241d38cd,1
e3442aeacf88a74c158866812ee27c48e6cb9243f60500fafdba424757e1d14e,1
ea8912ac8cdb79b8196a58391437ac3a37102bc231f74dde69d466c6b6c84cd7,1
3632803a09663ea9d7a6d8aa747c8aa055a1885cf18bf867198183b931355d83,0
875d501780235f34387e958eac3a955958c6e17104e9257e681cdd97bd9a0275,0
e7c34c083cf623ad8968c3febef1fe03e238b0d34ded21f36368f070368a9e4a,1
e4af110b95dbf4486bc84caccb765f81d146ad1dc0fb8dfae55f891c7b1a7700,1
c5f5ceda0662c1e58f8bd36759d4d6c2948ff0af19e76eb5df1b557eb385b65c,1
97ac8fac45032008e28e4345d3b911f6da483e68a2c26b7b0aebae2ef2bb2b55,0
c7a0003b1667c22626618ec4ac72f94a53df281b8183aba3c062b5adde476fdb,0
993a6b9fa33ff6902f44f48336532751c99d9a06d6cd4fe621f854880b662809,0
731c69209ed6cd4efc28e1cbb89b7ce94b9410febe1252e3bc7e2394c185e0bc,0
cbbc49df9fbfd2096e3ee2cba55d9538047477af00cd13a47afd0d49b567e89e,0
9d8afc54a84334243f56cbd054f552a615a164c78ec34e16a0ade0a437154007,0
5ffca737e725b8543c697914cc9b9525a307455d2b5666a648744418ab2805a1,0
0f430db581c167a7f6fef619b491e643d4192ad2e6632c82e792da6003324baf,0
1427f3de5bda0c8a211b154b0376422c41d1a65959a0c4de705e7d30aa6fb91f,0
20b8f8f538f39bbf363d369c230b16f6d1dd17486bc338e8095afb527ef7e07d,0
0f7a0324a1984f3871c48b01986cfc722025bfb0171173286899e08fae8ff536,0
42646802eec7d8d07eaf7824eb28e17c496bf15ac05cb1c103ea7a9b2bd252b4,1
8906f838478cd465197bec6d1267d340ec9020194242c9100c2ba172c236170b,1
5722b6b350f66e53e32cfaf63735ec0d19949e48c9f7787a8f8a3ba80ae39e91,1
25268ea276d00a95cb72587420d11edcae62a7bb94b80aa795d9eba8f79a0755,0
88f2d9146e6edfbcead58906838b5c30b9fb519ec6050e99641a2052c49ab5a1,0
d1949e10ab0e9ba46be9bb4f8aba3b00311381d98477631759e87050b3b6d49a,0
afc74cbd3ae5066171417cbd1b333248f3780ee117803315ff8d19023c3a97b0,1
6d4f1fadb120812798fb8cf67e9f1bd86f57f37d5b860c646807b578fafef818,0
6e69abe6405fe336123376e5f2fb0cf976338d1380ff12878c264c3e824e1a06,0
cec4f84239a2d45ace677bd5382d40d42d84517e5cffa1fa70669e389a636acf,0
02c3bf9fa50ceb7302cedfe727570bd4799aa28a84d2c923561d80b82a4b8875,0
6f0a392642397766ba6b1160fd35ac8167a9df71f6660105bee19b3bcd502c4a,0
103f0b495a54e7217d5d5a727fe9bf80c3d9f8564d4a4987fc56765f98b144be,0
b12011e827e2528c164bcd3e4f6554bb860f8a9396fd8f89db25b078857e2998,1
c9fc0d3b1b73eb10954e18085868c789c9de7419ef83f0142953a1ef79621d00,0
34a232ab8aae6a297482971772cda1d707b09cc1dfa059949c41a537ac0d3927,0
b72a62e0088563dbb5cf5c97ccaa0f9e523e9ce87a50711059361de5709670ac,1
bfe655f5ea98c70091ba3237fa2672bc3d78e1e167b920280bda8d655225ba04,0
fdd20f516616179a8e4bb8219292a807016edea813650192143668b04556a533,0
49c7ace1bb6a0545c3b2716d37b4c3897269a6731dd46313b420179d6fb64107,0
25cf8637876f84bf5ff05bb3c58183c6fa08e76c26c02f5b60af72b5e6c2848c,0
f9f4e524e2e68be9d03e79010b764be7c3c5beb5cdf0cb78c5f2b013cb4b257d,0
c054648bbe60789b8d567f067b6c374529fa5e4ec33947a48255ea9c1b1d14bc,0
b6ab98ac78cdf3628c58a928a7eee96eb4769f4dc9b9b1a1be8c8d4c7f1912bd,0
3c29f77a1fe5bcb43fe788697f6cf609776d14c4129cfec727745815f8d42ce0,0
f7044b5d68940eba4ae905933001f66c326b59e8e56063eedfecd6b3424d7a5f,0
18385c516ad6e2bdc0730dbd5a18fdc2bc82e289bd9344355faf3afd223f991d,0
63bec7b169045085749f26a6e0237b10a5eced8fddb69e1807f4961b0de3d6e2,0
b232577bd1cfb1144bd6bb23a413d8cfb372d734a1609588e21eab68d312c310,0
9ef2b99ca6de41b116704440ec070685f35f793b02d6985f3b19a755c8b544e2,1
b9123d1a9a6534eb9a0e1752dc8cdd5257e2d83c30c476c3265aaf2580db68d6,1
9f6c5ad8a8a2b44e9869491168639292fd377358194fa82c6212682d7d094907,1
43f47739edcb374405fe9bea65e541983daa31c092bdde380cca4b0366898c43,1
9da34925af8d099d595dfb4d5ba61c4a271759b39b6fc56a318e22265c61e79a,0
221e0a4061051130fe5a513499b963d5fa3aef5379e23ca678b495693e71051a,0
5c604c527fcc0428acdc0909de9aaf667b31458fe93bd69de14fa147d52beae7,1
c045c764c4f9791da7931c1d28e09af552d85dacebb3d4fd5addb0c6090d64e6,1
e2628e6c3339c30c43ac7b32b2b1f6b2ce3595db87a80873a46cdde25bc2e13c,0
89ac95f340c83a43fc91ebc904bf3a3ee1a8e5032ce4fbe66be535d8c1863c59,0
e910a0e71c3bac41c37104c160350d531c5d9715133f5b3ecfc39b816ff15cd8,0
dd062a437df7d9b78bcdfdd7b6ac5f3cd1dc1751bcc1cbae82198a89d66ec1e0,0
c7fcce546c4052fc3ef4c55d097c2b0c3fb45b78abfdd3d0cf70ec98f49a8e7b,0
b0e65f248397ba0b9241d82dd81674ef41f14126bad7be759aafa088b5f53d1f,0
db2a1ad458688c0d7d833500b00dbee64883209ae43eadbda1d384e209bb278a,0
15c5ceb0f4999f9911889688bb61a2c49a0d95c806a25976e5c5d86954ce2233,0
694cca8f920853e43fdfaaebd3ef41bc494d622831c7a2546fc013f299f970a9,1
9760f9a05ecacd6aea14648539d7e594b089f905f8c0dd1089be644cd276af3e,0
6c94f8312005314d114e6498d090015fa14a137c86ace773a2db07d29b0cbc86,1
56e7350fbffe389353fe1ca27b3ff2db714a695376801e96e53581f214b6a37e,1
fe215eb0c012124bd1f28a90d160d07c3ae7cf679bfc8423b75de05c588b4042,1
e24ced8e005488a389af7239aa61018709848e483f1ad2cf96efcaefc908a958,0
e48c511081c529b304e303753131984135b832953f98888e22fbed508f1aa210,0
94597d1ad84bda774994cb0e3b40d144ccae203c18ceb1e3b856c92f760a7436,0
75ddc4ee0d8f57fd6cca4ca792f7bc2fd64862c893e897a40ffc347696b40a2c,0
c7302a50af2767915398e8a6a639c22d1ed235e4469d4ebaee81c04d6418c03a,0
b39f56f51d0d9b1985aea54dc89699cdced6eb69a2eb8f4e16c52c0d5c200525,0
6eb6733149c691da0cb34c1db51a6136107b62f369b69a209cd81ebd636f9f4b,0
3abda920a1cf54239f984fcf792102291059b40919f4bef5c7579d2473637f0b,0
39764e3e7307b0e6329839b9b8e396ee5488bc6e9533c4763fb7bf908cbd3aa7,1
7879622bc427832295b0d8ab7d7a42fed1b3a61dbb94ac1d8e4c8ebeb75c9e30,0
dd99ba55f1709aee74aa74cda208f638ab1e4abf28ccc68bbb339718501449b1,0
7ae78ab00b128ee25fc8c460f43264b05897d55926052cde4d541ca63bb1f654,0
28dcf5c7f7b0dfdd3595066624c7a1f31b188ac9fe3309be4e80ccb3024b5d01,0
2eda435da0a5c54daf55ac0aa7550849a55d84058d0600d3474c8d8a571fe040,0
18892748381b276d2f726fa75393deac0f861ba0585cab1d265db6f9ce0348f7,0
5abbbdcc6ad98beb268c0fe878693dffa428a3c8cb74d9bf766916cd20630317,0
c43c82723e86f1f5e532aa2c37384b48139c36d246a0c815483dc66e73346c68,0
43638e7d78df6e9f101470d149c266a473d8fa7039aec99e7250f3eba30892e0,1
5b7fbdc12fdc9f7454c3687ebeb601fec73ca49d0b6960c3e8b6c1ef7c896ff4,0
618e81ca5d2266132a979bab6f3f3cddb2d04a598b38646204d7b78686b7e6ca,0
47683de7baf4fce2593654ea91d8b760f9c4c8e7fb798033f83a97b54bf5e8fe,0
99190a954d88978655bd5db1de0f7f15364bbe2c6ab2a6db745bf10cb3f08798,0
3072b6d8eed8bdb176022b86685ebc428370fa11b4777e9845b1cd6b8949d1fa,0
589160ce6d54c932c691ffeb658d6921d38c128a9fecd3cd96b5e220da5513eb,0
f9635a5b55f88485748c3f0bc4a7e62660dabe7db17fcb8bc7c01350a5a33fc6,0
f47ee3c65c5708cf4b56a32869e32e69dfc5b32c5eb0f7fd0bce66a59d1229a2,0
ba8761ba0aa1d6d02c6396760cc5063b59952ba1cd898d79aeb87da28d438db1,0
00552e10e658c686132c70f5549c58055178e180f0185f925f973d09c0e902ef,0
8cde9d409b2e94c1786476f10b0b39b66e87434b142c5bd87fa02eea25f7bfc4,0
86ca575043946925b9abb4d88f787139f6cff4dd5b4049e45206f24acbbd784e,0
6feaee06cc7576e9953982dc5e6de5cd06bc45c0e9ad00734a482419369f8389,0
69d80dd4eaf99a06b4d47fa887ba1ccc5413a4234f72c9cfc603a43b7c2fba43,1
380c186671889c17e527ac89a37a42e57b49584cdd58d9ad24b36c16712bb2fb,0
b813ff8dfa242b2cc2f16fe91fcd319068f8225cbd777553e7a68e6ded16de61,0
616f46c5d3b311813d39002f22ecb851be211a812d45f0a224ba46b86dbcae4d,1
32827fbbdcb10b558d9788198c1853140b273cddc0323759924cbd0ceb9026fa,0
e74237af4e474a3420c0e2d46cdda3c6f254117237d3a95ab1eec5e81a41b3f3,0
0db5a8db63282ae01a81271b6fc397aae3736835a5a7392f6ba95c27ca2c1826,0
f065225de90ecc90fce54f872fa11b42012872509981c2ae8ad8e3a79538adb6,0
f10ec16d2e3ccdee61dbfd86278c2fdc9a8d94809ebcfd09646c9f1123ce4f8e,1
5a04bfa4ed3b8ab5c280fab4e647d6cd01862de415343226d792ec0e0faac23a,1
d089c8f2dd77727e7448e8ed641ed95d782d89caa3a5eb94ec71ada7e79e102f,1
c1670efd450d2d6fda7fe949dbf7785fb45eaf0ff84df4768c579d2e834f764a,0
b1c3b54763b38f902bd2aac018f3be2e3e97fedc58301c1ffbf874afe6ebf45a,0
15dfed7c93dc0a6118e1e29e81a4f753bdb1e8eb082a6abb33c5e4640b2776e6,0
e75da7a8dacf70f0e4852acb76aa526cd874fe4eba2b0842157de12d13590e6f,1
13e75d1d896a42e9fd0328b8793b8737e7b629c53ed3ce44d428fe8a79a85da4,0
290a70632c31f889be037e0b4f07d1144162e4fc3bbf99f9daa84a16bb97e765,1
8733bc1711f7a126dc293eb907e7752b03993c82c0d74629711076a8d5d1533d,0
279822c056b572ec02974666432087ebcee1fae76067c6edd9c78b8bea95819b,0
8fa765479afec69b9bed0e4ff69a2cab802836470838698e685c1755c69f915d,1
d96152c5400b35610fc1dd5a6d6dd160d9d2ab2448e9b9f0fec3a1371c090166,0
1128655a37ed19a354526258d7b118254521e96cbe0c53c01e08e8fcfa6ef4c0,0
b2366a10a5c8da4b47c4070a904c8e24dda18636f7d9ff839900f9dbada470df,0
bcf643825eb387d30bd16df14c30b4d1922c6cc57eecd7098dfd9dc4ce411530,1
5be2250e9eb053c8b1c8998aa461472fa97e68fc0db9821a81270aed7370e53a,0
d07408329797d5ec1f8e64da3c7d3b8d2ebaecb93c92419b6533dadc2fc42cbf,1
6b9e975cc0b4c1b361ef370cb3dcac30b12d9d9b80475cd35542f6179dc8f3a1,0
f78f4e7da289d580b8fc46c1b87a964c27ab6c4201bf2289fbb219158dbefe3c,0
9f7fadf401c71ae70760f4bf2fb22f2be5696a8f11711f91aaa86834d0f2bc60,0
19330280f8fdcec61bea56c0623ccd1351720738022c89d0751f7afecefeb249,0
87d8222f21b3a21be2b4202182cd9da05cfaa3f06c2fcd52c03ceddd60bf4bdd,0
e83aa9b065ac13b9478b34953c417cb8ff5049a9a443ace1201817058fa0404e,0
281895f3abf210ccf4f7567160130fa7df80c62ec15a3381bc8ac65df347241c,1
0e7596a051b02af8b746ac32d8522360aa328d52b586c2dfab837e0c796165b1,0
0f1f758d6898766e30ca26c62cf7f172f5cbb8dc84c40df1e5bcbdc87a0c33d2,0
e4decaa76f01546fb01e107d6fb2993a1246cff18bdb25fd4ee983f66ae48f30,0
dc9553efa1ecc7ef629a6b75750758e94ec6aa41fe21ee2734e9c9be10ab08c1,0
0a4b1666f1847c8da99c8c1fc13eaba6d0769cc8c5a5c4f35ebec2f31a4eea70,0
154cf780fda78184d205cb61542501e5db58a480e0733a0e75bbb6bb7a4001da,1
8d2832915733b879b4da7d16c76d96f8515fac6403f196cbc84fbd238e1eb7b4,0
2255b16959fe4e98d2f6374410b1f49086209dc5b23c5523a9e095717ea73260,0
6362397980d03b1b15a1900b26196c6283e88f5bfb310ba0f3d80510c9ca95ea,0
a85150a1b0dd3273f394e9e22360e2f1893fbaa8d635c415b7b37808c21d7f5a,0
4d4275f76f76aa4dc2fc1900ce586a5354bd20ffbedee6dd4565488abcd0a6ba,0
c0f8a8061e3c63d6814eb080e420dfb13e2c9722385d9034626a2ac2160ade44,1
9aae7ed06aca4085e22f10474aaa1fe97ec330708262ad15e51ce847a091cac2,1
c16406a52adb781f3933860e4e3454159dfd724749edf8cba9e9450edd54d78e,1
3da148b856d3f9a45555690f9a233496f18298532e1cbf39b27ecf79a2a9cba1,1
e433abd67550abf201f7deb999f5ba16175091474d8dc33dd6cfae2af5af5a8b,1
9af9ae0727f9dd9b3cc6153aea2eecdfff8636c8f73929d792c13f2e4909c27a,0
b9e9c9e69a0e3528c88c1b97820726f75473bc07a3dac3324cf34d14bc1a04c6,0
938489e719c1423240a013a74da4df580f70a1ae9e5977f1874ac67117683c2f,0
48ac1281053a58b0ae40b3b333b3e2a0e37f67a40687f452ae77e1e7fefbc188,0
4e5126f89222f944d94bee6d3c80797e46e5b0325706def541fdc7221bef3367,0
978afa07d12b99538cca9c1770be53a7ec57bd74372131ec64329e55982b239a,0
f446a888db14b8c3d413fdc42a076e3cc3efa643e39144d3d340c54b60d951f0,0
715c31f7abf864c09f4fbde5d25f15656481fa5f060656a7eaf28fef12424585,0
5d8bd512b4450d5ef7718e892b15b0e2262c96a739abbaa9963bd7cfe1461fb5,0
37cec406a67e09d1aa30266d3d6d20d33ac6ddc794feaa63c983267c70079395,1
b3a1ae78d0fc811b4e4bcacb1bbb01805e045672a95edfca606b5ae82ce6e109,1
0f0944fe7720b2ce1bc7e0bad9199b8c22399e51f2526bfb7495a66ecafa3024,0
3e67ed357f8799fbd0f5e68e8e2d91f545a2257c63be66705a1e8b4a5a7c9779,0
b1859a0715a63a4bd40bf88ef9c5606e562c6413ba54fc55c7e4850c6a86e19b,0
543f9dd8c0cd0aa18ce0fa2ce705ee67f5f035206e603324e2bc014ee61e0e86,0
bdae32f4112ddb84c489dce327cda9e5dfb3fd77a7fe04e8bffd0c58bdd94fed,0
50eb7412c32b81ff05c162cda14f4cb6feb2a6c7fee853b9117ad7475be2b2e4,0
76ea41ca591758506c0c9e54f9580b1fb413cfdd20ab8db45066ff3ca03d7bf4,0
90fcec3c229ac3200aa5406d92549416a5c7aab2cc1be36e0055471a9b67e95b,0
63d6155eb13ab519c7f9b0292cf09b44299db1186e1f624798f0dc562155992c,0
6fc6254555be416d6427428c0641a8f955d36e859201678c691a7b21cadd9f24,0
a3fee0dcee64baf850c308dafccd3078eed2a29a847fb7aa9163ba6091a463bc,0
c53a1c752d8ec4fcf198479cb878399276c20dc9c49f8e9b9bb3ac77dbade7a5,1
0556fefc048d4dc6a50e1337555a958c980856e847e06724f622ce2e282126d1,0
e18ba6a798f90ffa7a17ec66856adbead71ba11581387da213fa12bc10777f90,0
44ccdb5300beb83d9d50f16df0e9d46a4059071031995880fa091820e2c5434b,0
cdc1c02ecff0e07d04ad7dfe576b7cf5f3d77ba5053d4bbb2efa947823e87a87,0
f188efd36caa84f92b99aeabb08d99601363a3f454a006aebecaaa37e754bf3b,0
79fd01ed152e82d020bf26bd70815397007dd82ececd4919b4d3892dc06d0f7a,0
5539fc66ee710bcf6c72a831780a1573886437f46ddf58ca8f2156d903b2ebfa,0
32d32cd143a53440543a911ec74691250e2c6ca71bed8c1c4224a06e371fe2ba,0
cf7bcba2413e925ec582c6d4ec622c327196585f3af6423256fa15cfced3c65f,0
80bb1c031f56d94a626f440640b9f6bc129e38076aa694de1670252f0f25c27b,1
9630dac91f0c395c9cb43c628747b700dcacaf40a19e888206c53030150cb86e,0
8accebcb609a5c08c05502faffa3493a4e58c0b207a96604a46e20f665281e5c,0
cdeb777e605a875887c05d47f4a340f0e66f8b15d7baa2ef17aa194e3c1ea892,0
bdb02acbf03813d0899c382aa0e8dbfe2e0c2f8e5880b163e9821f4ab930a0f5,0
58a807f8f07dbe6085a1f0bea02244e09c905be976a6652d89fe5a5bf4895a28,0
56c41a98d94f0188a32f2fcf3e3a30aff40ad9e0f58d474ddbad828a196a005e,0
ce9f7eb0c3b895ba1ce73893e01043be9d2f62f2fee4cdc931d404f01cf79abf,0
5224ff067453a01d57a848c6da075ff9a298afca6a55091d51a3b6f7a97ee5a1,0
5f83d827121f0bcfc1bd160ba932ffca27bee3cc006b57c466b290367a3840fd,0
09a7bb7a7b4d93964344589c83ff6c22d6e18c5b7f915ba038776c92a1707b77,0
8494ef9a6fd3a1445f8fb35d4385bb8ab58987710287f29f7717c3c13e61f10b,0
fc58689652f91ea94d22c23f1b541cd9b618650493f222ba7103011752114e16,0
78904f1e409c3f226c41f68f715282a0cb4e6311566a6cb7a76aaf747df1fd19,0
d9aa12dbe6ec0abc2ff137890bbe6b2c2be7e99b13ddb1f6bd92597c802243fd,0
3ae526b738ee18d5f97fcb66f698d3343eefc717ccfc19bd5ba372d202575d86,1
ad0be093f028f22597a2a8227dc795da6ea3d6719a2ab55607b830fb697f10e1,1
253123959ea045d9e1a6766491621cf08f9e767f6394a26c5525bc7a67406e28,0
56c321bd91f0b2b8b42303f9252bc4c234c0a847e72abedba9e9612647ad17c7,0
408c48ebd4ac2fd62854e3e0fa06d54a7dd72a36995bc89dc4b84b2c2f791c79,0
32ebc7b43066a822e3374d865a59a0a408d802f107ba662b6ac326f0149eb669,0
4dbed1874efb4af91bb5837c71414b4515488df5a02ecb0c31255ccb72483383,0
d8bd5a43e4404c15405e0c6eaf3d20ebd0e7f4df73463a3fdd39f523de9d17ad,0
d3ed6e89657a322ba29901c7ad99464fed5f4c5f7aaaa15d912b6ffb633af1f2,0
645faa6b20bf9362e8bda4998567dc7682dd5af72ba429f14dd6bcf52e2cb916,1
de96e8fad5b9512a51c1de6358326e667e10ffaf285004dfffdddf2bf0269d91,0
1c81fbf39bd5eac241bde64f3446f4e684fbd706440a6632895b08d1f62becc1,0
6741cf973159ac54a9990f771984a01f77a5e3d284b0f02215e55d00a0fc899c,0
81c8fd6c84dcd527e83312010918e325809fd5bc8c6c9d75b925cd78253bf294,0
913f6adef4ac83118636da44b0abb55603ed5a027346f2d851bfd6fcd1c921a1,0
1daa8d89969f0f1ce9ddfee7713b34fdd966ec1a8a0217237349dd37dfc40ca2,0
2c4453c3c37df2ad3f4f06be5ce15ec0e6b22f00781f8e04cd03426636205aa9,0
bab9fa1e5b6a766cb853f3710f87634a4e1d09ff8c4a192c867b7aeef24cc1e2,0
ef2f49c7cac056b67f14c2f6cadbae19f9785b5e4ae9dd9198da00f48bbbf19f,0
059a3db656d5ab2ec6fe74ed94b5a0b5450b99ca8daf9f064e18bf7e0ed6060d,0
3f6b71fce77c1e5f7c09a7b49eb488a8a0722b6202cea064ae29e03f883b4bd1,0
508a508f667c24487067b5bf14c19db3e7554624defa72bf1f2d818a7b1e33d7,0
dcba45f2650955519aa1936e4722feea897ec64fd3019051d70675ff109f0eca,0
0db4aebb673db4ff604453d0a60b3963aa3ef827147b29a92e2ab32b17258dd7,0
66c92cad852a904d1a6be1399e1b4f07c5d1d46b6bcd815ccb03e5da379b703b,0
02ff7d5144f715a69e96e4346761ef48ea94466b0a966066c4522498e59b359b,0
3733577d726ece761baf6e27f31e31d2518a3a9d827d73ee469580478bf4f3b3,0
671d52d8e6383f669e84df7bdc2bd5c4631d25199354a510cafa09e70c021299,1
34d08f69794e8c9d7bdd4fd2a6b6472bd1f7f45b495fbcf7c67ef1e0eaa7fe5e,0
b255b8ea9775b604042f616b88160eba55c3889f47d4e63fd43feb6b14c55945,0
25da0b76757d83d6c3aa5506de45fbed9558fe1b42457399fe5489c9213b12da,0
51e64d7e65e7d7772d668381d3804e9fb04ce6f118487997ea307efd4df0cf82,0
5e27926ab6831fe91f8f0858da5bc77ce05c6cdb88c74ef60f668b6b2c0497a1,0
a15e2f95b058d88f18c7146103017c7303d14c039567c88f83b5838ecf5c34c8,0
cec1daa76a55490ca0f4bafd3098bc86970b4effaa1064291c5fc2d6ac317a2e,0
329f064f634fb2850c0b112c53f5c6fec35e33d06d2ec0e735008aac331854d0,0
3f1b6e3de852ef464742652b114e992d7c4c6d1a3de6728114e51aeab4bcd97a,0
cc4f628d987a5a366f7ca79a008b2012c92dff2206331e5886afef2325c410f5,0
3c862e05441ac045e1a4931d1bcb4b2fa15f0f92b7871678d804b4b64dac879c,0
976ba38338ab05cd89d914a8b5b6b3a4ec2d3556e48e3bf27069653723aed5d1,0
2557d66a7aa302a7c36c9099c61aec0861ee581bfdb7b81517c0d3b5e1f610d4,0
73c99159a5ad1a1e96558f5e7cce2f383b4c9e1f883a5797ebd98917b6628f5a,0
c5d11d34038eb7c4cc264060c31384b9f60cf84780b3b5a8016a3272af47236c,0
28aeee9ef485f1ee6d20c6cc127339c688cd62099327ebabe4e57ea7fa4c5356,0
1f7be56f8dd2c08d7c442f690e6d110461184f3f6d91158d90429c80d03012ef,0
dcd08a220c8bad56599b7577461a1d4d40b514388a90a8573563e5cb5bcd0177,0
cd7223ab34c5709de5176672d4977364034ec0f7e04e9aab958069a1692c2ed6,0
1efbf2265a57b0661fab193d5d80c9df6c00c7354cd8e83737b384c636609248,0
08104b220c7bf2cd8063f41a201fa56181b4bc9fbb50ad875bd00c1d904ce494,0
28bc3e02e78633e27c8cdad949b6bda5633026058e07ac642ffa695f499c4bdb,0
25efc7bb597ffa4d3246c8019735beea70e92dee92de6f616b10c3e401c9d122,1
e23bd4c38160bcd27924ca7a7dd1a2014a3453104634414b01c74d411992cedf,0
e2c3cd45d87fc811c450cf1780be937436ce0b63aaddb275875355e73293ad9c,0
0ba23ad0c3528923661a3f43754873db83c0f112adca60ab0f74f4f3ff0c4b88,0
89334b2d6ea85e4474a187f86d45a41ad0dd968fecb634d0e9e75c65574e72ad,0
2925953993c076a393908817872fff268469968af58e4e6b86a7498ea8be0a3c,0
4153cb82e4dab18d71b2e7d8b8a7e3fa167bf2a7d01c6a0a1b766fde9e42b9e6,1
d71519771494451ccb184ae952f65b68af932298e52baa83dc001dee7e089204,1
2d30aa10b9c615450e83beec7bdbf1d1ec4ed84d28a90db55b0251e350b0ba9d,1
2ec3cc4920d1db659ee3fe7f911d901cf7e2bb15a2cef3768087eb183160d74d,1
0a0e9c900b042de8e98c20f05e8abf81a78963b628eef26024bcdd0aed1e0121,0
d6716330cf1039589dad2f1fa862093ed7d9cd545dcc2a6a02d65db125fb64d4,0
a788ebb0c7516fbfa30e88bdec308cbd280a640bbdf2ea4c1790477e33357ede,0
524319b9d19aa3ec6f329c91079dbfbf2cf8c6ede225831d83cac1433eaf923f,0
b85533f851996f19e3609cfb4c2f432d83fc3b209243a5d5455184ce83bed088,1
5bef8c3558d9f3be025f190c17d516d9c8eb7c913414a08f54e5a8e4cf0f6a1e,1
21661b3ef88baaf23c00428a264a90984536f47f7091964a208e743163ffe628,0
7c89d1d060bb7638f1fe56101cbaa67b389e6ab4ff48ffc4bfe7294b33fd0a64,0
eab7dbe76286714d7cf90a1d28eb58783bbb894b4d4b36000492f34ce0fd40b2,0
f8f0ca5c6ed7deec31cf5d0e4d26f82b3bab2d656e83c29f1596f7efc499dddc,0
758a5b394c3f3a85dee5c5f98203c6aaf9a9cbe4d8bac2ae5cc4a44eb654eb0c,0
3e2783412df06f4c8358ef717a9a7304eff9f7d3f223d14b3534266e33753971,0
720f0e43bf116756584f7934b85e5754adff026b72dc301cfb1d1182b3914195,0
290a4b74541c81d463d4ff078fb2262100829d83ed24036b3ca56b04faa40fff,1
84ff9daf067a45e9181a1b79277e17d331916c65cb236cf659ec054f33f7c015,0
a804a6551c832dc45058c15973392f28d8bf4d12181043199bc9426ceeae5d23,0
29e2da017c7cc7f75704786cad8da1cbba454c80092ad8515bcc0fd001523c08,1
a6851204f45c15bae68ecbac9c50b52f35e9294cb6c411a3ee0eca80d2abcb97,0
898a37e75139f63df7af7d8e2939e22b00d2bd4ce78d2b35cfc88541da3c71db,0
67a273f9ffb02afebbfa9e7c0dfdec73bad18be8aa1489e9e2faed187c53ffb2,0
f6c128862a1339c40385e395ea4360bb32dc6ebba37f8a340d30b579703ad6f2,0
005abbcd5e6eb411296359c43121cadea922682f8ee257164903ffc72763f787,1
bf5a1b4bc7f649c8acd823e94ff98999d499e376c97727e65472d42dc89b050f,0
a965c982e46a2409b09db8401bea90f91f9e8096714bd4c06f315e47d05ee817,1
550d43ff440a9f1a0c1c67fc575b9d9d87e55fd4aa9d96b8a7a32396dddca131,0
75a11c8dd083b89fce2133c22a94fadc34c2f8bcc741b8bef7890c62ecf9230f,0
20f41b7787244aa7557a69e7658f282ba21cf41fc5c1301c8e412ae8653ac2fd,1
cf8aa20b302f263d37dd59e2ba541758bc157926ac34e9cc271127d649041559,1
901d41d25801b2ee6e2d658a7edb634109a7f0c10207f0d769527ec6b1ef1936,0
8fa296505e27988bc4ddef90446a418d1d1f667f15a17723ae491449abec4d80,0
c30766111dcb6b40861062a77cc305b5a0dd0f1a687ac3362e5bbbd8ab63e281,0
23958f9976cb17aa179272f90986ec10f2f7ca9f9523cac9a0ab3c325865099d,0
d7d658b05b511fab78c2a16bbbc800f82e09a8830c87b65bee9843c112b805a9,0
3246c7db89c3aef252fa011b4f4716705f93268c98117281f9fb64f62cae0028,0
feee777d5d688057539d1952a5bed38da7910d898a2b3511a1b2fdbeb40ad92a,0
51545751a564265163e64b1d4ac84b4058244418bfb9e8e76808fb061c013efc,0
e668142a84f94473a5c4f6d7b3d81bc0c55aa15b3340182a7e67349fcb6d4a9e,0
fc8d0c0cb22d1409b00fe5a276307b2e0b30234f8d431454d75dd4bcca6ac0f8,0
38ecdbbb6821dff637b2cc07dcc582cbe8461170b45cacc39691f214638adcc0,0
a0a850d753e423be7bec8c279ca26a19adabd77f72042780ad25eeb1e5ec728b,1
5c195643d0ba3451aa6a557ce4002b97c6f187b6a59b827f9b8e4161f209d126,0
cbd608f4bf8a1973f142db4af939a4207cd1a877c24dccbe4efc2c86981717be,1
2dddc9171bca20d782dc46ab3ae55624b66fb91867538917eaa32dd08c1919c6,0
7033279d04c4c9d6c5d7086da3af6e2f39d187d516c4b794afa1e867abf0098f,0
cc537eb624f72f484d4de63123025728648edbff7feb527a38303252028af510,0
81b4aa31dbd6a42d1008f3c7eccc3b8fcd0a70a82fd14eb2c174c349fc628cf6,0
e3b3d4e72b447b3bdbbf44ba9da7c4e7fbac260c66f4ae04870ae4b8353a9c46,0
c457a73dfa7c66d1754010904c284c229c9c7340ff9782c2fab691e5b8b3839e,0
4922664d2797651100a7a3798f6ccfaa606cf2bd28243aa41b8f64b95481f8e0,0
cfe4a4cfe2331c91fd33883d8250c6bcfa34ef2c16abc3dddee1757d36512270,1
b29cb180b7baf7f7f22e4208d8ab1bd7450b78ec2b75a729db8dd93660bef14f,0
7d49d46ce82f12090e7b6436a3e36871bf960433d8e9bbdd73cb3898ea8e688c,0
9b203d66f82f0fa1fd65278c788bbdcd1bb639d1408383b0e08374e28a817d04,0
9b5d1a5f47af9899b3caa4d03efb27538077b5968682a293bf8857b8ae1c2071,0
ac5b3efb82a7d2697543a5990163026b71c36e42746aad2e4c5da4089430cd44,0
f08ddef6835472f2b1c9196a6839913641afc41d3ee7a4d8e9aa4278162319da,0
b46e1edb3a76adc54512e5b6b1268089feb7bba437c8f2ed31707cdac6a837c0,0
041adc885e2f3d961b0c5aa3860d1354d58a897def6254eb5a863e910b6f36a5,1
abdcbcb239ee9095d882895a6102a51b1907a837f8d9160ec433863933e5ca6d,0
95fc163b08a0a47687b5fee583dd0c72e7d340d132c7f318321bf5b5f24604c7,1
13f49bf65f2411f0bb278343b6d20488aecce64105b66e0b03942d3c1b10a12d,0
ea2fa4f5f2a2eb764db3c5625224ed147f1536825e892502cb85e437d65a127b,0
2bfed5c16d393878490841c9f71f0ef620b51d3536174e632a6b4828e8032a98,0
c25a57232124406285c5017aff49306067187ebe13f7f4a29afd35a49213b419,0
6925cdbd4da5c3a81007b500959909703a7784ec0fc285655428340c8c245409,0
74e5ec83cc92e8e684a7480ac3139195ca7eae9ca19d076b3062ed61684f2342,1
dbb2684af0d9397ff2c4499ca83e60404ffa463987391ffcf5a16155717e39e5,1
f7aee70cc1321ddca35972b652eb084b8626d0700edd36e1fbdf73fd139034de,0
3d0e899e674d8fcee03ca26935e867492eccc96f232dda9f60a30baf8c1b7820,1
1b6ba2bb946627ad572027b76f452a2e984e0317a82d1920492d684c6090e7e6,1
a81e63333d7e2b06ddd7e4ebe8c8ee2a0cf4cfbf55d88dac589e5402f10a4474,0
0f5cde139a060b24f395f278ca08f16599edb69421ef4f353cd3688200ecbe49,0
fca133c788e98eabe25946b4a174b615e4f6717a2b8e532f845c7fd4cd7c31fc,0
9f4b774e8046f20ec84eab41d3979fa90cea2d3ddc01413d1f186c06bcee5239,0
e20f5b0379009682e8d8bfb8c41e586ed05b830b7a2572930019450396b6b509,0
c4b1aa67c08fc75a412e5cf30553dec99c5a032784fe15db8c19cc1399adc9f0,0
33111906b98b4782ff410bf01e0b671252148c24cb1ff0dced55cace1262e834,0
b25930e68232465d04161d36f5a603601d8b4770fc68de082e0140a73c426beb,0
ffe1b6de400a1bb457b6a60be81d609a7c07d9c4ca7019b8826128bac07e8dba,0
caafebd30174a2fd58e1d10ce33335e6bc2245ceda1ed2ed2962427511f90231,0
5f4b0c43864fe93364a7111925c70ff57a7833a9a99aff2e673ed2cf4752e137,0
e2a4cacf554437c7f401676f96ed1076e9ab41cefcb9673f7b355d5e35b9b8e7,0
673ed4b598ea9dadc64188da9cdfad6de6602bc41b8b434494cfde6dcc3ee133,0
efd195e32615480b4852f09351bc6f411dc415f715a5f52f51b6e86b73bbf836,0
08850d9f9e5060c61eb5489b20f02c1ee38a94e88a5a8a97708f383fed2cf6e8,1
a4f4255f270d3a60b0224f5f005cf496b71129afc57d0795fdebd0cfb8a5c1de,1
b672e6e6900838085405fc9c78ec290b4e1778c2aaeb14c24e9db8d3765a7d03,1
e6f01d30ca93952504ac5e1ee305c465662de0d6b8b2425b76aa8c02b461e7b6,1
5f4698cb3b6a1349438e5d07ebc928c0dbad88fd92b36dcd441b010b0a7af891,1
353056df571cd2620d29b26e498d27b095fecdfd6a098b1dec6e525393d9e4a1,1
4b408f3784bfdfb2419de30d9fd2a98701451cf0c570287c447a8ac106feff1f,1
aea88ad08ae5dc6f90a1865920cd1362b5ff6312c18b18a55e22cc337a95eac5,1
d76b69d2db9031d3a25001f98e4a923e693117fef21bb398044bda8118b0b0b5,1
db4b75ff13bbacd8410a3451629c157b2b5d8d7b087f32e8fcfafce75736f8bf,1
b1aaf6786cc3b37b7f1a0b97b70b258b282124b7bc7a330b50d2a9f19a967e7c,1
0f3eebe60cf00c0ae01df11e66142d4cabbe570afb69c66f0dca8d9d4af4f80d,1
917edaec2e0ae869a04079c7eb33fc7b44bc3e238e3c306bcf3eb5ef2d7f0ca6,0
0242bb948ed7f59234e0689dde920ec5fbc16197ce275ce3439e76bdbd7f4a79,0
c4e30297bcdfd9be04a6704f2d8395aeea06fc2af9c1dc74050782806d9e554c,0
30e50ec929f1d194c73ec9cf29f9da91b6f83af56e89f4a085a96d43058e8ce5,0
133b237f20cc526bd77ee8e33db8ace15399392c520930887b4ce7cf091febaa,1
94ac2dce57552bde61a6ee239625b4f9bf72a0d8d875388af1a3eefee69cb4ad,0
55c44e384c6175a6fc0923a3becf23ee8c0c687ccb67c90316dda602c65b6ba4,0
7e7f90b35b92fdc4fcb91e382b71e00bd3b1c3a5406fb86afba80186fcf7f730,0
978f171d92919f9fb3f8efc95ac4a510774ff68b2929f49e16ef754ceb5615ce,0
15d4c94f8024824683968ab7a01f0f3759e8d51e4d0a8379bf30fdd49eb8a2c4,0
28dce0198d138be248a4f450b92c354fe556f4a86497decb598a36a1dff6036c,0
d20d16f8c13d253fbe5fec802e3ca4fc09fcde703d2c1e83dff2c91cab915cd7,1
b8ef0c99c1a89212c1159c917abe6769a86e5273e33f5d64bf6e328618f51982,0
424ae58e2464b8813d17a4a7974db7361603aa356834a4f6bb574e46842bbae6,0
7eb0daed596d5201bb8ba29eb934b161b6b128b16aa622ba2787bd0ec5c9edbb,1
dc53753bb9616876e5e21e449e65f5a26c6870ba0ac35d2312a37e53d9c591ff,0
fe88bdce29ed18ee55e515e5fdca19f8c5503ed409133680c08d5e4c2f8f969d,0
75df824421263330a6e45187f109f8af96a8cd2711edc0499cc40be4b2c97ea2,0
fbf9d97cc3c3b4efd58c94703bbd1c9e84768d9f110e79fe580ba0a456c867a8,0
2013320cde7a2608f10fba0689271f704747aea46818f70a0818d74cae671c8e,0
a4891a93f18555e1e2a72760b02526d376d16072435bd71fe546e87cde224ee2,0
28d22946623d282b1961c440d565b7fdb14ef094c089ebeeca95f6778c80ab62,1
503f6e66a87c88ab55992d60a05c51da1651480658c74dd2da4a981fafa77a25,0
00e979308644a9da418c46050e79e7d8820b5ff986fc2935b1d675d9690a3619,0
85ea9643663f6a596d0cb208855e1be98d0b1771ab7a4d432c3eb500383edd1a,0
ce2837857f8ae225bea1bf3e36c0d860161feaa39f14da7b8aa96cace288eba2,0
c6f7e89864bdb4f6f9119a21eb5771bcf424d5bb86351ea7120051d867f90e5d,0
ba09dad92567ff44004868ca1af06405e30262789a74996ef348ffc2bfbe18ab,1
696a6bfd548cc98fe4f6e109f74683b1b240ef37121c2a1e5ad5c45c957a6efb,1
b407a96dc8ca67a7720cd560fb45f148bc4e97257788dcfbd7726b8dcd680900,0
502330f82dc52b62aef26abad170ebda1ede77a9f398215aed845ce5b9e37faf,0
7db49b2282a77b2d8c5f2609cf390ed85cd65b2e4c34c334f9a761dfd96f6705,0
c94332e16d760a382e90f078a5ffa2c04e0be3acd69766e21afb83a7ae134200,0
eeb4bdf6e629d0d0b5cbb02c28f00ed0a50af922918123246da6ccf2e030da9c,0
112e70cbff82ee0c54e791e09b4f0a2e0fbd56934ded79b53388cd8848d294ab,0
e11d61e6a8723355d4408bb6c41cf9622609484d277d181a49d15390aa351e28,0
996e44bb6536a4ec7528a3b16315f2116bcb44c6df85c107505075e79a36d572,1
851b2a098de550fcde7c33f5252a82811c2f75a9c2c0b079fc66c2ac6aa4fff6,0
4afbf0e02c735a0bce9a72e631d3141ee97f4543b9d2e939224fb5e11b7ec581,0
14bad23fa8628190b46963331a63d6635d9a9e56abac118699223780b61288b8,0
767452470a4ebc8838d1edd8bb26ea5bc83c9ca33b9103f1c61c59166d65075a,0
f786b41bfba95849c01e5400d1a0a17b3a7f510f0da7448d6281a6ba6f7f0b9f,1
95014741c7341a561ab96ed3e83cc7789cafc3e6a76f3157c2eef1e046905cfb,1
7b8921c5a6682b60d652479668c9b8e05a7466ea8e4d42e15b9e4872e4d2b106,0
0361db72c30c83b24fbf04b108fff60fe43337baacb41c076c286f1649fff506,1
579ade5645dd74811b9867a62012ccca8c10fc6e295f962963bebeb937dedb90,0
4e663c85d165cfc94d98bd75f8f27d6454dff461ae662295812a48260629b0fb,0
c62d502c5ef84d29bb37f0128aef5921c263b9303d188692a8aa60eb3b2b30a0,1
18a04c33b26edc87efbf230667c26f559963dde5fa5d2ce10f47fdc0f2e0d488,0
650b9b81b33670f6edfb5e955a6002f1dfda6b55c03c1792d26792cf794933f8,1
5cb9c5256d26eb78fbe4f11b05df3acb6a87acab7abfea303e7e8e1dc92e4417,0
d7e0617507e5690a4bde9d67a6adda9eb96308abcde240ec170460e5ba678396,0
9b77f4dac6c6f78068a2a0ac9f6861ffe1662b945ec43bc5f38ffe8f5283d632,0
ee20c92e4aaddd73b30d8f21077c389b4031796d7ec4c3bcc97b79ba617695ff,0
1e72db3f7a09f2760406e48891c9c2981f7496b8715b12eae3cba1970e172da8,0
aabae41fc4f7aee65da77778fb9f16979cf84378b3f85b6d010939848df1a823,0
e67545e6d2ccb879cbf92d08a30d3e2538bcc2ade5c5edef901702851c0898f2,0
96f2aafa047ad2eea21bcfd66ccbfaaa5692fc4f7bf83d8a8ce2a8f501616c46,0
bd0b811d7bd3162496954fede0b93916c46802d27e9afd558b1c15bda92754ea,0
6179d62b3f68a5ea6819446f00970f444c8cfccceb8506da7bb12dbafec65019,0
316d5252a3d9c1580427c03d980302e75356c6bf4a80de9b1656073a75754e4f,0
baf9d5375f81cab019511f0bff5d0734e4350eb644091cf96a67be4febf5e564,0
a24b1f9c228995df93cfdfa816951b0a72f4e1f77b2db1c35ea239ec1b04bc1c,0
12416e1ec18aebb05d3711d2a9f35bad09b0e301c3a9a2abaa8038b8bafdf504,0
05019198b10a39ac400bf08f43efcc4695f5723cc13bfb189d6459819680ce86,0
1778da78c957b47bc32f0736d6fa30a7e5bc8dcc14bf9de2603cc16e8571d09c,1
548e6fb4d9f56f2c03d53925b026bc8bedf842b3694d927e10772ec3ef21402e,1
25b77f0cc6a503bddd594fc9f2e73b8a4d4340094323ba024fa8dff7a84e72fd,1
d186a4b9ea4f6f80d9eab2da4b0ff0d77c62f434fe0d672f20ea19e84243e139,0
a28e4091864f402d13e9d4abf77444b315803e9cd3acf6dc4d9cb45b46679fa9,0
84124b4c6c499beabce5e0c31ccdc12c493cbd149d45f3815d27bba04d64a341,0
b0ac5d837662fd1061bb5357023772edafef6d5d17f4cafcd1bd7767de896e2e,0
7a6627c4061d731cd7b945111254740363cf83c7635f7b70550bffad9e0abba8,0
dfb30fedcc7e8f25f1e570ffef9cb82592a846434adc56af66c0346c4465ec18,0
507814898409f90e823706812dbc766c448e7caa87cfb1633132c1760b350796,0
3d45fd1560c537602b473c5b17b6937731e66e31df61abfe5223be775816af64,0
de53ac551dcd245f19845ae5e71e98b75075ffc9274c6bb012ca643a8d0f6389,0
45ffb943febde6ce461d4ac70ed5542c2ca4668621b024c8f29632a6a93a03fd,0
d7364fd547162948cac23ec048b867f205d6eb68df8ba9a25bd08951539f59ec,0
e2310dc1dbbde0e1cd315a661fad42d06edcb3c92e84361a5c3680af159a7a99,0
eec4a6682c8428d98dc25bfd37a62c36bf365fa4b86266df826373b9137ceafe,0
66fa83ecdc6c0cd399c048d6eb74a5a29478b4b716cc615a7cca96bb29f0e684,1
50db747e23d29972fed0544194af0b539585253d69e5cc8a17ef1e9a6b658fec,1
8f8f65c2edac2719c9f71b6c3447445559db83be75cf0ede668e183af16aecf3,0
1827b1cbb29b0d16b41c451b8f1346fa0bd00ca5d0c883d2499154b4ea56478c,0
615c500eeacc43a0aeae6983bc4a11189bc68e47354d9c14a90839ae170ad2a7,0
3589feb3d5fb7cf9199f858f2ab9aefe0a391aafedc7b36637aead75668fcb3b,0
9bc9c4a68edcc02662e11ecdc43b26b5eb1018c7332f49847163f9e962f38975,0
d0d7ca95fe832e45ec4d94c358cefc6578df33cf13b7f9c14096e6e9785f506d,0
a7126643f3de3fdade3162e7327f45a44eefa41d79f84c3de873c99cfd60e8cb,1
16a813fd08523bb0d5cbe9c1395592e2ee8d3ca7dd06a92b1e8f51890ebe7bf7,0
04a47d5df0171e8a855c51ca709a330c741178e256654b764d5613f14b591fbd,1
833ba2651bf6a05c40ece9d7b3685072820f18f46a4a8bdef9a0135b57835d74,0
4b91dae8b7e0f010a00479afb6f0cda585c79d650d2722c70bb0a28930f52d7c,0
6c1530bf9387ffdb4c3dced096c523efd54e712d6f7e9e1340681ad5b8d227da,0
394f235f5075182fc1a7201547bba49cbd0c1ce021269469761ec4a58974cc77,0
79004ddef4d4cec7eef287092374bf85bda31f42dce6e1cad9fdd0995fd26d03,0
841b7f3a43f4059f01a97b3f0ecb8c4c96631ac8a5b111d95cec25c6bf8030a5,0
3fcee40414e487a188ab2019c101567c391e99ca430c4bf2e8d72448e63287f1,0
2302842dd339939f482abe1af43ab056664409280450c0445b9322d5eefc4ca5,0
a858fea6ccf9756c0d318f3c9e4a0850c29eb32ed3b5df61324895c236bf842f,0
49e0595e7e45ee5cd8dc47c3083603183a9a1863f92a867c1f0d9318de58d36a,0
f31a26ebd98bf29614e7655ce7c9d71a9bcb128c13a4b3272616f9f7a0d9f3b3,0
51307804520a5153f861d7110392fe54d7c8b643800ba3241791cff1c86d3220,0
570e055a9b004815a1ce9f1f614d2f915af7458726f2e738f46bc90e74a58e42,0
c50ba0e2e2ef95cd61276b5eb0df066f019567441411fcd78e12fb9daf799c0d,0
9d5a11ddeedc0e3fe17c30a19ba97bf9fd92837cc7705d5335a3b318e1002428,0
28791f8ca90b022d5e3b8dfa276e1ca6afc5a7bcb4f903e3250ba34344bf939b,0
798fea482cc75bb18f00ff43634ca6b19a139a7271045771c251d000dcdf4d8f,1
1e69d976676e938b7145c6404d6d033c947928f6af530f13888e7a6bed25043a,0
7aac4001eddc86e8bd7ddc647e64d7f2d4ffe0a338e285eb6f6b6c828e50f88e,0
5928abfdb0df70c3665ca697cf6f57f1c876186e9fbeeecf29cd2bc395cde2aa,0
2b97fa2a4489f11160d0bc6ba67e09baa1bdb7a6781991bc33b8057ac7c3fa39,0
b74b6f5c960bddc2298bf8d348747df061c1318d49b35f92dcc82a29dc1cae7a,0
fa7c4262c36fad60954f11b925caca3d6a703d52c5f9d143a5a4f3e48af08730,0
db02a8dbc6d2f32204fbbaa644f984910fe93f81490c404bf0a16daf1b768fa5,0
1afded2a785e1fd34f4cb47e13c9b6dfa960e9bed572540274ecac9880adb959,0
741552519f58560f0bafbc0478664aa6c253b3ef7c053252ba913b738c758e04,0
7560c25c60e3574cd436c5bd9d5bf0422ea86427df4c430ee844b6ed750d6ddf,0
5f4d96186ec561b587d517b476fe74f3332bfc091d87229891456475ca421640,0
cc2fc3123f912e388d4bc0847e0ae601a96307ab911d6d0da68247610b3de3e6,0
a776a09ea8763a9108fb1f3c5ca51ccb6367076a92dbcc26088034599b7aaf64,1
fae38dec5fbbeb7afdd99f3f9fba54d332141febb8ea5ffa4d15035d71d3a937,0
acd1a036b7c4c93956bc2cc32df74d18f84fb10384c7d423bec85d7f6938af1b,0
dfe8044844ab930c3a246c1f255baf73fe17ab31a12b5cdf7981f43a2dc3024e,0
b4ab96af37a04f6a7f2bfc6430ed56c3e41b8b9277d8d95f25aa51cb1a50a824,0
b0048cc90052cff0076c9bdee9e65da3c2290c77e279e68cee267e4bd25b093a,0
67c05af3c3a8a291b5bfa4c5a249eb418d834aa9f76cc1383e30cfabad35b95a,0
cc055ad23c4f9b7d3764fb087a8ce7e2167064916339c97a8083a50a2e54b09b,0
ec000d359aa7299dc7a6f210009f9a855c4d4fc4dd5f1e19998d8cb91f2b2ead,1
7ab41dcf3cbe55ede451e15494fb67736ba9abb9a58b123f89bdf1fff3087ac6,0
7f4d1b6875ba98efe7192a1abf8651e8f1725ffe26e13dd40a53547fb703d2fc,0
ee5af1cf6e4eecff4b99920fc1000d0e474db6ea3a0c6f9923d578ea9779cd33,1
1ef18fbd0e4cb2893662fd8977e00a8147b30bd5da47d42b10fa11767c0f28ef,0
06c6ca1f45c153ac712a7aaae6dd435afdbe5233a59575a4d458bb7e85aa52b7,0
ab87440fe324f4ffb55a1f578c54978625ba38bfeb93a7b39f6085f804dfd3c0,0
a9e4c1f0e414e2b6e6edeb41ca75980971e44eee90e3acc59de355ca2de7d817,0
702b5f4ff7b1aa4e1a4ea1aba8ebe99981fae6684984d8df41c23b488956551b,1
d81a7cedb90e5ac4f23f0080a3d3204755f3f44038e83264f5975b5b9a45516e,0
bcf9a8f5e6baa05dd0c76fd7924d56fc5e7fbb279404aee956e51fb3fb985433,0
553e2fd4c50f95df6439a03bf4ba8dae35b812d66adb7dab73462e3458da86a3,0
2e8da0150d343a38df060e2bfd8c60d354dc37a6c68f3ae34b99d27c20197f04,0
29b9121a5b0745496084695fcd704423a2604e4b62dc670c1b358f71d30ab52d,0
f3a66df30a1405c5fc831d6e5ef2b73dd6f086cc273790e3b233b556c577e862,0
4ef57ab101e119ed3a5268620fa01df87e9ac355ab96f8b8235a1d20cbafb7db,1
60b3e0f711d8463c3f4ae5521d998e7e103a36a9e05195b27e99aab6273cb67b,0
092b95168023348f1ba140d23df4708aa2d78bd797c77e716a119b30de0870d7,1
9ce46353a5a56d42491c1f4361f7647d28be66d773f81823f205ee51df58544e,1
a1c4b791c68251ccbc76f5e8d690c8dd8cacb5157a7d8045129a7d65c8af3cbe,1
9162c4b5bc872d845705962cfb6e024eab5eb1d883e61031fec21eda34f4f915,1
6e0ac29c0ab162ef533664b4b113b8b6034ce4079208324176b12578cee830b4,1
1bc50e0655976b394946c16e8773e517e141ad612f87d9b02397c27291c9a9cc,1
cb081c96af8a321bb08d0d5f918b79b9232109da743bb90cdfbff95a2700b972,0
849b154b23f775adbd2b6c7a373d4371f34b3c54531af6a996025da8c39c8941,0
6a9c439299c94bc045e592f9f12b15ad0abbddbc8d67bae59955d4357838a02c,1
523b432fa0635457a792035917d8c25a0a6d5c190e7fa12ddb4f04895dbd58f4,0
06594aff3966bea8b6a0b8b406022e93afa85cc2e0c1cf9215c2e6f110a9c5d7,0
e64448d965fa09c42630b63cda2c722a81b78e8f1ce2fe553b6fa50884fe2f1a,0
86c770ef848130ce058b90b16659fd9ed9620a051fc9d391f329012928e9cc46,0
bb14c5d908a3e50e734121c3331682320d9ee2f942fc730cb2e96efc66b51e9c,0
5f433c1a3f31dc0429de01ce383c29708eee5a725cf8f5baaeaeb03350ec597b,0
6445c138a29f059355c7f0acd9fd80d8539a1c4b7b967b1d11ca6af654a7ca12,1
8d4c147b42b2c10dfe2b318f031b3bcb7409c40617741da2a19daaa5cbadf4d2,0
3d2cae71476e00c101163c1d62e3a5ad7ff75a1412f8cf83c86857e920b22125,0
50d03bcc1cee62b685aad72eb310d0e3916078319a5680b711bc7da27c1fcf93,0
bf28b2d3315d3552d544c515a2e7ac036a1ed67bd495b54de29d2531870a56d8,1
d79620c3c1df16c2cfe800bec1eabe203097b75b520b6cc773ddb621a0a13f32,0
c47b8b417286dec0e9fd78fa7c98f382027840d43bbccf85f194aa6aa599d494,0
a28977afaca07f4cb3b7db8a02f2fedf6a36fcb7164196a54ccc296df7ade9ce,1
0e18fcc656e1b26b0c9e7c2722abdda3d0f012d752ef83d7c2d55fa02ae2c19e,1
994cb2a53209c3e85b85fc33c23e2ebfb186539e2c6d923c9306fc88b06fea34,1
caf725df895d403eba610a684b50200d2c3ff7cfa8885ffa3dc7f48ef8a2febb,0
3d3bb347e45b5523872681ff37c030acc1f4aab36237475d37be3d527adfa245,0
7a4972f73a2bc379832bada54ce175f7392a2fdc57fe9b139da7a86977e409c9,1
b23023df23e67ff2804c31f62654f4567092fc276d89443fc97dcbf092f46a6e,0
1dc9538351112b7d60ad1b0b0783f59df2c3c65c67dda97b04d13ff4e6b385bd,0
a80d25e19e35dd4da6cd0ac9fe4766dce8b6f53658f9f6f149a540fb753dd390,0
6630ae01291453f2f97f97771980e2c7e33807cc4b11c1e20a65a42f2dfd109a,0
a5d28f75bf35a8fc132e21083ac1df519d67094f35691e5d9bfd4ee2ebc080f7,0
1b245d212e43204ce8bc41f49142c447652a2f5020c859b1b4d01389e92bcfc2,0
c482a3bc0fe6cafa475a109b41b93dce7623c9e95f94b8f8dfce5580cea17093,0
16a44d2a31f61e273fe63dd1037979e7b29b87f0bcc2245314d744927e0e1a3c,0
f7e0d178a9ce3d0c1cc9be73afa14eab8d56446be3a2a0c0cee1aedd8597c056,0
a955a9da4ee2874e933398274dadb17aef572432771de4becc191a72a2468d2f,0
c7f20cb058b7390b12673065c744c59fc22ceda84d76e4a783b950eb338fc90b,0
ae87b85aa53c4d14f263feea5c21922d902dffe181ad9c3690a969cfaf30e4f5,0
fd908e863654b00d81ff8ee95e56b465b26f74e1061f105ac5701dd7da6e4f1c,0
9db6090ebed4eab05dade51745ab75177273e1e00d374bbe4873a3a088bd759e,1
6f407657107b7ecdbf07e6905bc9d4faa7d152b1a26e9cc42e51f6f99c3aa8cf,0
d672f6f97bd848bb8758ab48a2cf5adf815cedacdea7e5010bc0ff2627e3c36a,1
495b8bddebfe22740ae67238b7c80c247dddc15455a760fda5f41224b5a093be,0
633ffd348afc71ed672acb49ffdb16b8197aac5ad6f00ff7e9958c82dd988098,1
92c4db0661d14e3129d0fc720d5fbbb014f0c6f251d069b601f90eb4ed20dd56,0
7b7855a60e71bfb12dcd023f0ba295a8d2f38e5cc3e1b65388323ecdd5fbb481,0
5e8cf109b080880b30dcec2ea56b095e6bfa127b19535cb8e693f76c32bbf274,1
29070e8a0c29658d000165177c05f96ec944e8f2fa6c6ed744ee56f949bff1b1,0
9e58a532ea02fb30cac0787a6f269ed8c66e3264e8324d24338573a4436837b5,0
d7338a98268797c0bb33c17e0d874b5e3f593acd05a5faf753e432db23782083,1
9f54a02a774d31c5fe60227011598bde70af0633b7ec1be1fef8a4c2b17965d8,0
0ea35537dc80af4fcf7b4462e586d12c96ca877f18adc73679bf49b19357661c,0
9ce52239b7391759067258eb1cf0e8c0087a8e6f7b86342c6124ece6a50ec73d,0
046baa7a3ac4c59cc325461aacf2dc35bd7a2846aec4f2370b652b2d6426952c,0
42a34cb0f400278e3d25c1990293de4936ee50c0021b2fbacf9147debeb74609,0
ea7dac6a8d9b282bac24620af609622d6fde98a14d2794eea8d63a88297e8928,1
15511662822149bd3bf0a1d455f1d8d7f31b62d9f4f092981e46fafba3405873,0
b6ac26cb3215f6d216e97039bfbddc09fff970998077019997d532089eb78d0d,0
7e3fde73f3046115558092b9b560444faeff5e8e65fe7ae9798551b193fc2b98,0
101d87fdfaa6ced67bb56af8d1af62b28415439c2638328ef8e28ff22037cf1b,1
7b72fccfd0b89c402004b99059c85c49c75d176c2ea343bd0e9abef5ffdf4e99,0
e33a1aff25d4a52528a61594e7a36979647e7ffe70e1ff48f8010e6d89c5a066,0
e8f3ad550f02c423259259b70d143285c6961417fc593f56660c7f8a919f7cb8,0
f0eac76fd2364c89c4990495d62ca7acb21512923649606bc63d9e988c0c5a7b,0
d72e96ea7954320ff913ee3581c2627957418647fa2a4f4308c2008d1868e430,0
f7a04379ff3f54e8aaa1af97e8134ea58f07b54b2d15cf527865faa709802f73,1
e781ff97588b37cd945e22e9a2de3ee47d5bf5089268298b35c8ee68fc1139a8,0
f2ff91b5755dbaf6f94d7c220d7ed0911bf67dae4ab4844ea5ce677a6cf7562f,1
bd52110d4020e292d596ce16b87e3b349f5f1455c80b7163a5b62a431092f117,0
b31c9e2ece0c437c17107c091ca161614c7f5ab167a27b3ca5d48ba4fd282669,0
cafee45d6957be52514ca23d7940a20c8dedf90979ed1519fbfb9b98b76e794c,0
260858c10fb6259ae5ccf7ffa2487061eeb48f83cda586e48baf25ce4dea93f8,0
56f66e5213d0938238dd53816daaf71a194d4d6b7d8b2a082428085f8da16d49,0
577de153ea4a898fa1f1c499111a6f5d7d3c54041ac5c87f3c0286b27f04f365,1
5c362bc186f1d2bc40275d8efb3f063f962d2cd33821085eb088d4cc424e5a28,1
838f58aeee2f3ece62d8c6daeabcf7b1e0d0fd9b279e1dfed26781c656e8d869,1
0902f00d7dc32ce4f67c523ddf396c92ac8ce167005d88d004afc50cebef3d31,1
5fae05d09d72035a84229e0900e26b0c1fffe68802663f7f2f3f6a122af0962b,1
398a5c653fea0534bb3fba53442ceb10ddb58ebab4d2876d138471c0a94617f3,0
363f60ad3143c9cea7441a08ab41014eeaac37d9d2207ecb32b4ea2f06d6313c,0
2ab6b99b3700dbd46750d6006252886fcbc9b0f0c2ed316ba813b02cd10318cd,0
4c339787bc8617dd8da28a0ec9e9d856ce64d58c47f8800687f5d1ae8bf218f5,0
fa72a127dcde6cf7ec1be9533c3f59cac3d08a55459d08786c4e32820c949a1b,0
636aed1c41bdb5430709a8b6caa1db74410804d1e18fd48ad04d17a195733874,0
5665c165940cc1064721e482361bb69a5e18be2ab1de0d19c32d2a60b2ec1611,0
a5514c116cbe9223b5b2aa137be2d52d88bb386a06c92d90d800a368b5401baa,0
447f36405910f900576a1b10134db7915bdb774e1901055b1a9b137c5b3980a9,0
9d54dabf9a94e076ba167aa65d4a5a30b0c751ac41d883fe1a48a9211220d570,1
a079bfc3422b3a3b837bcbd4a03ea4da1698048b81867017960164d1f8c8ae16,1
173b0240430befeb66cfd344dab5758e775e62ad1de76b24cbf2e7aea16b3b75,0
c4243b7af2eeb5ffe370e5ff2eaf724508520d860d1dc9a3b185961ee5820f50,0
2b5a1da621bb53e8b4d0edde0f694cf502e0f4fcf5cf67b2bbae82d543311d9d,0
4d8d4a9146dd118bd995774bb9f2764d8846629f8f10baf9e866bcb24a8db7c7,0
a7ee1ec286af225459c07a7aad8d84533be1ce3a3abc4136006480c696280897,0
3c1a1068e19c8521661cefe533cba3c84ebeecdac17f24e4e54b58653b61ef42,0
88cab7617d2cf5ca719f3c933c9b9250c5dd3b4bae90a6c6ae5076ff8c873474,0
1e09ce12afba4a27f36a7b19018b894759fa3a50384cf0659bdb621b1431e818,0
35b7e880d7892d858cf652b28735e574035a62caeda456cfd9a5893012551e57,0
845742af8e841ba72e5a1f03cdd79ec8f409f69c11a56b604da7cb90deb18d86,1
c34fc44829aba4278dd07dbbbd9ea6c57fdf7d874e086cd90a5b579f939f1082,0
f63f0fa5146cee45e3d39fbdf22adb3078dd37a89e497d406c77b52c4f4a0492,0
fd0ccffd66c18a6321d1294d627e875b52c84b3c84943f59889792d45a3d49ea,0
9521468c7bfd0191ccfa5d022e0c35e4a397a5297b015b0c4e4db67c737abd62,0
646a1413d7a603583bce8fc1e3e07586c30703dadee01309d9404fa89fd1c7d2,1
deb57734697ad29adf0b28d27e46e4a8799e23553a5bf899fffdead8e8afac93,1
5b08d0d591edb9678bb27390edcfeffbe6c31b6c5dc248297435ccffd84806f4,0
36983916b67b288d3a3ae3b51f7d6c8fdb15a3acf2944ec794a4e48318264350,0
d1e4440839e36471c6f16c86f919056c1453787322bca8c4576afab056632bf0,1
2ad17922cd197ae90fe67bcf2245d695bbfefe25425d26a409767452957199d2,1
f717426f112f6aeb160b80f520ceab3c93d16a835906a4fe3bad8b9a09c11fe0,0
a503162a5b8512488eb0bb7de94c74806e5feb78556529842d73036d2f8dc407,0
11e18c6fcf780a4ba03c7a1daf9c419263b9aca5ee256ff0ca57073a8d38856e,0
f491e38eb35c5cae217f32e8c9594d1b9494d9cb2a0cd9f9b3dd8c3411bbdb96,1
065d22b3fe52f16b122fdd01b8084ffa3f0cb6c3c823114e02d7a4aa8a6e3076,0
6818f3cec726ac59012f54604045d04f6233d87cba8e8b2633c61126df89c7c0,1
bc59e81953d2a8429f11e3d941f42de1334882f1310c1a33743ccabf481a96d7,1
0f34a03e2b5ae012d3a11da5ebfbaf14a03903d2549d6b2940e1c851d5c60d80,1
37bc95e7676305e7b9458b24a35b5e4619da274ee66defbfe86d8167c9410f27,1
ad96d59011c9e2ebcad35a071af7874fb9f4b0834e2f45d622ed832730980bc2,1
08ad391f7a5bea165b1a2d650b5a33af6badc7c8a236001f66c46e9c0f82e042,1
e6537186666a833e9c3d282e099f301ae36487684b596a04a121c6e756dd7fdc,0
b38cd96f34e1aad3c1b727ac182fe7c1140e1adda68951fc8d3b2bf0623cc2a9,0
bb14de9e3d63696a9454badb0d7acd682b5d3669de50bc9668f5971368a85414,0
ccf948510c784ef1156c076993501914cbcb71708477201b911e3cac0f40518e,1
8bdb271a6eee5221a59b5ca4d4b474d7c9ef69b3410d32762b934c61113cde48,1
3dd3e5e85780bc3a47117a538c48c21ff17471449a5ead5d6ec85edf97e6f1ff,0
8f3f9fbdf3d992bbf1604abb8626e9ea89253f2d44687793013843985ee01b16,0
e944e23788e0e2967452fa75e01c418fe7908b34d8de5ce5bca8cbe6afd2cbc3,0
4da4dd91b83281b175d6df86820e4de94074bdcaacc286272e798e09a5d8d5a2,0
67c5c527c5caaac283529cc41ee66e509479112977dd8079fa31e817a15f9bc7,0
25bbb16cbbf93990d889579db349889bdf92780c1c5d655ba956a1ed3ce61c7b,0
a12ed51f18989ff8f8bf7fe5814afce5c3185a1d778215545516108f543b6a77,0
306644ab88b02a1b0cf0cf5238be8ac0e4caf90cd562f33046d37ba8261c15b0,0
9fe80597f93859e201fe513a55925e96986e34dd09855ee85c17a1be7199a813,0
d9ac04de6b6bb56c63072b9512aa727d5ecc2375ec2cfa343cbaa17b66215fa0,1
76b6c8ae77a06deb5b87c3255bc949e103d3fbdef79e7af48f5999bc47693c7d,0
9167c92f9faf114c0b61cb53ff25fb90a5fe5f12f3bf505ff1461bd2fbbab210,1
94f1cddf18a6aeb651e1ff6a515358f0ff843c6acb578f710e124f3f1a344383,1
3313185b709342f8657a2bc52751d69dd6ab9a9ed3066bf4fe27db4f8f743b08,0
9753d73b3f7c20e466a6154723241826d5d8b8f32f54c32e5d6e7a4928bff4b3,1
17dce16bb059102ca6f6d004dbe4ff0c42e7e4a5426ba242a2202a4c3b76c624,1
e2fe4e5df826cad8c9df3c499e6bf455f89be5bf95c506974a27ca5447bc2363,1
938ce1ddbd5c4319574d1723295212e77f1d7642ba3800326992b941022e8ed9,1
2fb15bdba4c5b99c431375274bc512300108452431e313dbb18e8044355bd4d0,0
fb8353d91e22714e76367468bbc7eab89f21b38841dbe68492f55a3a392389ee,0
6167cd2734f7941479f580e0223485567f6f3b2e31f3bde7c1f79d25d9d2e572,1
15c2940c20e48980782bcc0bfd1bae9242f96cb53bcff31411a160b9ff8f7e9e,1
346bc6744e2922c092f8b14b83a671ded6b6e1e54ba0dd507298cc6a3aa2ba9f,1
6830151892b79f62273ec552119d5eec25272caac0087e584a2b28ba738efb9b,0
b6037515bee89f06adabc7b1391a033bcf7c972f038a1e0c9d2c6e650e9eec99,0
187136191280c853446a0a3510c8f5f64d93541647f4b5a56a5caa24781e0dc4,0
5d1509e786f0f32cdf2ea192924b97d2807d0cde04488a47f82afe0dd0ceef1b,0
b247afb485940b9cecc2394736416892db724f845365999ee986cdfa9e32dde9,0
39dd5ea6dbe7b72403a34c455cddd47c3705c2511aff19fe58833da678b7286e,1
6cdd278869303cab7bfa105e42f7f4c542ce39ae1153f49c325c2b1566da4dda,1
2bb2296352e462b86a183fab08f5f8f4ea53cc6714de302a25e567a51091b978,0
14db58f62e2490462bd863254b0ca226b72c3c4a36b99ae302904b662cc3914a,1
2a7b7214f9ca7e8d3d3fc22043f69ef737b4761ebffe4d5ef1ba877269897a61,0
2dbf87328a090515bea75ed1896614b8dd3d2460dab660fa1e121d2e16a20a48,1
d9e0da7d6dac3a7bf489eb2417cd48eefeb8ffea220cd09094bbe184eb9a6d85,0
5c12109efeb72f4f794a3ab77976997040195284a8f4a2655cafbab7afc00a5f,0
613bd62cc37fbbc04ae9c5dd582a243a11e38a0e8fc4386d87874a422af30c33,0
2dd7fa2bec935d9f37fa7a3613dec0f88623bdc09d7f9901b71fb26e2c4765dd,0
2b3a157b064c360db7590b80d53390adee23c276baf9ef35c129bdf34903bfb9,0
308704e6f7638d7c1b6b92ab032c163728c9f828bdbf84c6bb5fbef23a813096,0
0eaa358b576ad47d3dc7e549aaa6ff1a4063e95af12ecdb1399e2c7eb18f6735,0
3c9a0426383589d73e71cabafe6059d34d6a5dfe8699b7c5f29b1b7253d34c1a,1
fa8a409f598b4679a51695e775a4d3c6f597010bd1e9d86fc5a3540275dd38f8,0
fb485a2b75aea2047fd28f5ed1dfca7341eeaa8565410a8fe011fd55ebf7094c,1
2107e9b3403d79c39f224446a5286d7d65ab46971f5aca3b7982c12131b37af7,0
47e7fb8952cf8bef6268f3bcba76ed2665dbdc7cef722bd508edf79711ce191e,0
b7c46996f8b0febf804e685528fc9354cd92d349e32cd0bdc348bfb91b67332b,0
ec162b5de8dd66267a2d47c818f58710a9549d25f10a426f63dd67b39978ac9f,0
e0099eea41bbad95b5993eb8aba9dc89b42c17092ffeb46786a9dce008d2adab,0
56cd934e955e50fe09cc1e805dde975e917682738b87b31810111b8e68408e86,0
8912faa9b7731e909322e9d5801e2d4520feefa1eceb8ccfe244d968e10135d3,0
6cbca522476f39a5e482a83a11fae64bf66d768e583e10a79eb1a4e15b1e4cb6,0
dec7a2b56570298014f534b7f3308b9653edca7f28933f99675f05a52555ee01,0
b21e5d6555cef393f523008d4f349a777fe65cb24520ca43a6a44249d55fc155,0
54976d8f55467d527c0f1cb154757fa8f0a0859884eaea72764aab56957658da,0
62a1618f5505d9b339aab6380193986868711fb77e37df1875fe19a8ccc2f863,0
fd4fc06f2824c1901063832d28e5442846a3d38d0c4feb6d93ef2e9fac0c1e2f,0
17f335331dfde3d7705b23d306ee06d433a4a4d98b5e7afb9afdc42ccd724e0e,0
b21763253fcf25612014065ee3ed125546a0d9afa20837489eac60b2fde09b0e,1
0d373f4dcebcfbca22c2a57a3abe27d49eb8f42b6dd514de6c9522d855e1029f,0
59606e2540d0ef0f957a9aa4baddc5cbd4a7246566845ecc5297606fdc5fe469,0
75635ab1912a932e0fff71ccff40dc0c96812641e64169f29257639f9db62107,0
a6a8f69a26b3a99cbe24ef5ed84a1e34a9466d5566b3f5af991982096eb51b56,0
63b38857181852d452a3b593b78a8e50d10f85dd4f1baf5c8fcce9e9a4184a8c,0
a88a9fb66e6d7ae7c09ab5f02813bf0d0d473a8b9a75133938abb57dd2f82177,0
d083ec0e16b0648000747dbb36341519b2d4062f3b6c4b6b30c8f22ea6180644,0
1f529e34f7339f82f171eb390280034dd2a409d6367ac81ade2a3074da06fa49,0
ad3aa4e06f414b39a03c227d36468f6c15a9fd70c215e7c540423fadf6864b8d,0
978c79c99aa353219b042a539bb4b067742cf71aa54e4994800b637d10d910c4,0
20418f71494eba743e78d0d3da5b6c81cb7f22a01ce5da63b820844258d31192,0
c6d4ecacf31ca3cf0ad84fd1193d2bc395e66da66f74047d127eaca523218e36,0
55460c8451ff7ccb7b761ca6fee6c69de4d7404d25f227eeb531c11e2ddb77c5,1
3c65a7f4e8b6bb6cc76c6ebfafa6872647ed5331fed5755b386c78a464f162c8,0
be6a6a1e809326d02c7abd54bb36d35762b35e5c60b6294f9f551247412405bb,1
5f2fe1e0e7e062003ee9d6e192ddc2ee8c49c58453be0b5f7a6ba376b62de1a5,0
c855a82f65f1bb76a296b6d781af6f49a3ff3ff8d83f29bb2136adefd05b7fa9,0
6a0abcbfdbd281826ef1d2d3e7fc32de04e07fbd3e9beb2d1adaf3944d2907bd,0
85c867c8bea0769a87d57a7c2094f6f65ca3a4db8bc4f1ecf1807a65cfe79d1f,1
1d1ab6aa57f669c8fec6f5e3e1110a98dc96e0786b259d8f68bb682063284d1c,0
9501c7028ab052ec9fe65570f66acd285443b5fc51dcf6e35784e7c68c44e7b6,1
f67654eab4ff153c0af22a589d0df89039faadca9729a9bda3ec7f2a6b863f72,0
34dae9e74288133ff0367e95d2270e1c418d8ed34929ef2ffd0274bdc2906db7,1
a0dbcf7d882637fc9209e3abfd38343fe951cca058f85635ae5821151e2a8a00,0
2580cc678b73f79298fb3e4755b545dd31cbec0ef7af12404bff6f057748a1e1,0
74d886569b81a2e661c18443bfe46544aa9ffdc2bdf64a4daa4361ad733bf42e,0
ac4413a399df6e04a099f4d94af3db7a7ee964def09c371222abf9defbbb06f9,1
b5eb4e52734a62d089fb6c8212f60edb6f5f1d7befe9b9377015051f89d2c89d,1
eeef47b92c1d41d8dcd46ea79461db669217e1a9e320b3cd7a1c410a6592988c,0
6238658bc4df3ed1f4963ab01b3ac2037696f0c06a5383f115efcf1454d1e465,0
da18d9c9dd1d66aa1c9467326f033afc62f7d98b818d719b5f03948083164bed,0
c72c31e012bff8448d9fb3c13a7649acae461bd392b21ebc4db372fd46de429a,0
2d0ba2a9c361a8941a8b135bf551d83720010a4f35e27e672595adb4ef45ddaf,0
af9167c26d8acda464d3d64bd91300fcbea4e11e9812101192971d5dc6627bf3,0
829a91b2e6e01d7967da2338e224d40dfae24e25a701a4c100a7906624d398e3,0
c5497ccbb00b6dd96325bf6226e0082badf7dd17e3e52aa37789d2d56c4dcf77,0
464001e9dad0e46a5f689e8f3b6f9ca4d140d9f96269c1d3b3e12bb18bd2a1b1,1
69211669813853c6e3dc9b1d5e6a7a0b2ff4749f3f997dd1021edb71f04b0eb4,1
a9ad00417fbeb617b9e9a4e58f87a42e5297fe604ff9f41df3645789f7dd31fb,1
b544cf0231cc42a8b97e7453be5ae2efd9ca5d2fe3065b8829eb97197e97f2e6,1
ad9d3254d93f9ed8c4aad64cde2ee817b268efb9332a534be409787150865206,0
ac40a77c1ac1d96ed4b93519dfeec237e44295a4712d8b2f1251aac1fe44d5dc,0
b9b795c24339d4e3b3a36bc47da3387087f3ec4c7dc5837c25dc46d00e33390a,0
774312dddb15689749b205d319570f2f43a44785c801902edaa5bc2eb54b747e,1
f467a7bb6aa4e1ac9d77c540687dc38592dd60baf41c7696711dc8bd6a284fdb,0
932043bd438c71ce914a4033ad480aca8fe9341bc3427b43944acd632d713b3a,0
17a388bb9086f71d2f9f74f6167e32a13a7a717871704c2208707c9283c10d01,0
940c3bf81fe9e98b63d9ef932db7044c935a0fd8b35709c31d2fcabfae70e63f,0
e1a65be2116ac01260e5c9865553ed2da6c2f44a270d1d7b10b0fe8d9cd88f30,0
c72e054e346b1a82c1f5c5aa30b2830518d123d15d2c072a25d8338101620ca3,0
cc586cf654560339cf9bcecfbcb7a979643e2cd27d9f185596713025f8fe7751,1
696e9c535c5b200fa5da151320e7606111de54d6691e0ac320170159ed59cd42,0
99fe7f3d58112a30154807eca56387a82bb032838213a19581041e8cee81b5ad,0
5ad9f3ff52b55011888f033336aa6bed6487880053908bee539f76565eb64ce1,0
8c9814714428466be5c46207452105da65ddc63a26d912b5ba2cc60d349fb847,0
7b4023f4b278ec7e8c4795cde46f11838b23766faa891cec58352123b4f4217b,0
05e01f74f220a1b793934c39fef3d06c502794dd1eaf781f4e838bd1aae01a85,0
e703a1e22576e1c020237108b46947e16ea44af2a49c6a161220e3c5630b1631,1
f264b592a6be40bb1f1178d989ad7eade2343035e96c1b4006066d658416e4ee,1
7f9cfc2cdb612a082a14af4464c88224a62e680eeba1c911cfc393d7c814f088,0
2adc958be06b37dff183334d304c6f7a4859561feb9564c1a8bdd7e9c2ee36de,0
72ebb0bb483342ca7cd539419f5349d3fa8f3508c02a26d9011241b75605c536,0
6f70f7a18d67668440e72ba1c4860271bca65d0381d8250bf983558a66def215,0
acc439d65b73858f159fac5e94ae608872ca2da1314962df8016680e13e8dffe,0
38819a4f950def48e10de24df95335cbeed1bf1c90a8078d9678b956210d17ff,0
759e4198ae82e64c4b5668e4a39804e6818a6f05cd6ca41f6dc2808001225a0c,0
94164a9641e241e836201a753534b0bf486209fb0914d5264ff619f5e6f48278,0
e41ebec2932c5c17b4ef3b8599db3fcc4f98dc6ea8b9d9d0b632c31399694111,0
ab20e4171fe6642b41611b75f1382d41f298f8976d9007cc746497eb1cb5037b,0
6257f525c5ec7b1363b1af1df3d21bfe0d2eac5cedc106915ff383da480bfb22,1
66e0971f8b5854d6124ac22c8f28619af61a9389b9b908c37cbe0ce13f426fd6,1
a797032aa4378d6ecfa5c7ee8951b18aebb35e5230d725ce1f8e6120f8c67acc,0
1209bdf11ab6f5e3268e841e8360204a96c938673da364ac93b7026a7160126c,0
8097a02476660c8d0d6565f6b138fa7c7fbf22b863303dfe5a725a0fce829334,0
19a0f639bd905d16c105a73c37db645db344482030b2cd4f432c2e78fadb5f7f,0
820275f13532409bbe39849a678a73f053474f8fabe5293245b3a81071fb318b,1
70c8b89fd9a7849f2e170346a0cdb83c6cac70c7cbec214b6ae9acf1d81bc9bd,1
e5f9d32f90b901afd83a6dba519cd383cdb27eec8dd4ded0c2d2a6cca6cf6849,1
073ec1bc77bf07bbafa68f35e88d761471f07866d3f3e4604632a0e5588b6382,0
fc17ae7319fa23af18c0cff70a48d09729d8a711aa5f8ecd8e83d116adc50e85,0
4294337e441d89b6f7807376178f574dc83549019a1c0ef2abcdb9b6e4a788bd,1
2fc700c9302c8fbb999e5fb1d26b49af16f5ac3c27840b92398030a2545b2b4f,1
1c1944bcf54899657dc4270368eda20238dbd8f625b8f6e7b7a6e22a88243393,0
5fae5b48c5a9a4c4275ae7927596e082dfdec897b22241d15fdb0d40b771f90f,0
a6b3bdf6327d549bd7aaec53197c872dab30f2437ef40bf67c406c409a5c10e9,1
778dde905c6da0815a5eec85a9460e7869ac99c76355b7129cedb96d6271c96a,0
2692b38dca0e19333b6e7cf91da07e533a8a88ab5b5d9847b8a55a66fcef52ff,0
afa3a0cb676746158a5811c313152db0a47aca7075826b3c60dcfc2323258689,0
4d9cdccf53f38707c5e6eeba217a09e21af657a7afa8f1ad26967d4796e2a8ac,1
d59029f08f16f2ccecb716c3314b6237e2cec871b85ee8ed0292622f4548b0c8,1
4c5d6bd05ea6c5c963287886060b9bd98bcb414d10365f21a90ed65df699d365,1
d685e218d42baf1a0fa311aad2d332d87781d595c6df596e66eaaf2287f2c792,0
874d2d4ca17484ba39f4346a8b0d36dbf772f48bb6f0ad5085d0a8fb3d751862,0
38610cbc364032dca7fac7c6569acb3e285e8f1a38ac40e2a294e9d169698c8e,0
bca680032ee95deab707cae7bdc8c3aab658beb6e3276c8a378dc5edd2f0c690,0
592e670c7b439cab8fbe82070bc2d578069571fa10145154097539d812891a96,0
274d1adeaed1bc548c91622be3009fa87bf241af1ed1495f12c6807d3e35bbeb,0
374110773d6a7e51b626f565ce5dad315253894cf845cb3a27ea8cedf7e5a776,0
b903a8e15568fafd0407a03a78b7af3fdc92f162690c432c0df24292cef4cc6f,1
8e94409811ebeb4b80087ad8a7435a532fda855500c2698858cd195cb3c63e20,0
103fd3b105378c2495449b78bf126a791f540f21babe23214380a9015eb9f760,0
49cb20c49c4ba5b65fde8ddff5d9b1cba31d4b85f193810dd0979e04d4790f78,0
07c58797b579657024ccff0578dfb85cfdff2a45444e97f080ce6cdd8d56777b,0
13fd8d089d95f1c3b3091169a31d2c93befcb927173eebf5e4e7b37e6398bd20,0
db38ed5a56ca57f654356d002a092f00aa99cbfbc5c5f1350861e5c2dce45f77,0
faf607ef81f10d812bbf2cc2d9d06d3ef66967d25ba8e19860b977922ef6e99d,0
876e47f7c0af927746b14ded412b05be055c9ecc4cb0951d50972095ec18dcd9,0
4a32e2d50f07badb70e3083a2dde656990a46275290f4dca79d918264604ea92,1
9549630d3ffb5723650ccf52a8fd103825185c7be1e05d777f0636e26f15ec02,1
e7904b5cb0f2795dce16b42499e0a3759fcb6bb787a4babc096fd358dab61ed9,1
f79d18fc02fb6bbb2700459876650ebd822fc24cc585e9483d7fd6d2b8fda38d,1
07d04f684f337736564eb6dd09d83768b9aa7368bb43caf11601a51327064c6b,0
99dd830a0175097ae0df07e331afd580f80f7d97bb49a8cd7d5fe1b305e68704,0
d18fb0b37615fb5f008de021a4b5c8148245b8ac864478416f4ba226e8ee73ed,1
69e1e301683d0f474c113a68bbf34389d0c3adc9074723f3cdc984a3eca5c122,0
e66a1db0343111e1386024da2663f2495c9b6f2661aff1dc4904c642d469229d,0
f61f95833017a97547c909346092d31aa454b9097e26f56644a276eae092b311,0
ecc9643869c1cfd4507ce9f32a71c2d557b063bde50c71ce91025471bddd8e19,0
525c1bd0abdeeacdbb608c04aa03d2d5efc0300b3d12ae678adbdbbebb2f33bd,0
1362ef750c5bcaeec7e0d4b0299773f5cf7251ddd59947385e498e3a8ce69948,1
2fbdc8e4aa6ab3ed8bf60e49aeaed25181bf3cba20aff66fcbe66b9c1cfd3c36,1
51b2360f416e84cbb585811e35c2b12c6bc56c1f114c0cf31e56e58d14a09fd2,1
1c9f9bc07937c78af1ec9e58d0d4d61adfffe11657cec7f91acef990ca881cdb,1
b29cc75bc71a5efac3100a09bab9dce87e3ef0b30aaa81a4e3e998693a8d7419,0
354b5d60e128b350215c0e917d8fc356c679d3fb38506ee4370fc6581cfe19bb,0
f13ba9a6c41bef439e0934257debf361c44a0ca8d0e94ea4a3001493695d4bcb,0
2e1aa8162143519d7b53150f085cc255758f4ba5d45fd4ea041960c53f000fbf,0
73ad1342d6005ad6567700b207668d1d5940327c5b8e7b9347781b3540bff9c8,0
c3307600762241cf6242648dc11ef9e00732a5a3d21694da37fd5a67ee7c56a9,0
e3843e67dc1ff12ed5de9bd79fcdcd3ee3ece55c597cb7a895b72c2021e254c7,0
a1e2590c43f87dcf18572fdfbaffbb44127d87cfa207c1c7d79c2c4167b55865,1
87472b5179e383b02568fa05631d381561b91fdcf5c125a101b5416799f60bb0,0
0f3e50628258c210117067c5b0cc6ff14b44bcd3bf3f7b91a2374250d333dfb3,0
79c272cd62071541faf6915f347ba5c9180bf5b282a4a1b804732df79bb8c4ad,0
9409ce2a2067abc7d5eeeb089a22c3d8188f0d5770df01ce0c54a1610da19b68,1
04101a948bec9a7f8c5930c62d3385ec82db071fb0838730562ec6d58f5d6425,1
d101f4831878b8eb69637c3d155ded8580d2aee090a5e2c22964354af92220d6,1
5e8aa203adae234b933fa84941c5c90e018cc291f3f2f7535b494a57fef25ca8,1
ac75435df9cb27e63ab768b791d30106b230de36e06a0620114cca4dd0a8710d,0
70b9b5413cd684a8cca7173c958baa3bdd2a189fa85ff79d8a22acbfd11a8c3a,0
c5c21e3738de7aa381625aa9ef8577eab97ef7561e9d7e07c2b1eed3add73eb6,0
b00f88420b26e29beaf0ecb7e84d222c0bcfd69e4d6d0c9f964be19368ba0931,1
86fa7712632808c4c1b8425655fbf899d9c06bf52f58d0cf3880655bd9d75c5d,1
22769f5609f4ac0f60e4fbf873d4c34ced799aab9f6aa7cf1e957707dace1dbc,0
7b7fcc7b82cab5a8c3e880da4d93f16dfebf0d588d5959f5013878daefe9211a,0
97bc1ecbc15fe4971afebbb5a024b90a21d6ea2144a770e5b6f18ab7a6e63a56,0
8513982bb54ed54037a088d49c2bcea31b7c8c43be13f784fe52e64d1ba3e6d7,0
1dd4bab7effa23059d6655c5accf29f4c10e36ae3da717c121fc2b5346b48aa4,0
277ffc18cd513f50885e719c4dd3e28afbdac4152d54b51c90e7905165a4b70a,0
faab3d4d4c7c2f65d93d2f5a0c83cbde34236a91d5da675912dc79b0f9381931,0
fbcfb52550d87fe69d85642c639ed250f0fd7ffef6d4af8ccdbeaa0dfd50f9fe,1
154dbeeff7f82fb30fc18c4cd2a5426568f6fa7b97a3b5f6ec6237d2161d4254,1
6161bb90f7de76eeb5d053643e9a018afd657c29fdf1a2915cce29774755e004,0
29f746d8604f4ac382ad848e244e79da6080dd3bdddaf4589f68b71bf38cc14f,0
9b0db2c42f33ce7bb5aac5d76e8de71fef8406b49e4d8a9794875d5844adb496,0
041030f7a4cabce2b0ad45c9252645731aee7d8d899b5a323fea628c30c51972,0
98a07c0a0e00c05be5eff64968cd17abb3bd55d3ef0014d328d85cf466d50098,0
0babd4ef3174befa780247c66a47b676163401a7ed1ce54a725036fe62d667b1,0
56e0c2bd0fa129c66a398a7ecec2f68576702bf1707f0e64e5b6e85c1fa91fa3,0
c4d0abbbb564103dba4a4fdfed78826c21e63dd27966b6df3f839273257def2e,0
13a6187b1e681a7b46fec96588cfea9de0202f01669c614b02abfa3e5661029e,0
a9663ffb7b6b67e4056c952ff81d45822868330d8c6f1c24a1352b77c1022406,0
ab66f50a4127435449fe52edc61b8269a0f716e8ad5fad1757b7c67b619dec93,0
f9012f15786a53642f6a83f714388c0eeee06fb86b4d9f696666bb84993b35a2,0
56ba0b2648b7e600f44937cefcd21e87d9904c51d5d7a0b185635260140c15b3,1
b1bece45be400f6748e21ac77d8995a264664bf26dbe7fa5a7e90d00c5c24f32,1
251c88f4ce11d30fe5fd6d60fd03a02f26c48387ca04b1c28ae52efe1d9b61a9,0
c596f158eb4f5b4f03d281a68fe964f84b401b988b825d0d0fa7c4df06b337af,0
a7046e7ce36eee2af45e724e6c51dfa63b067b1f6500eb5a1b05ba205aa25457,0
1be9c2b32eda7c016521d3b28a8429cffd6c81ea58646414023638753f43bbbc,0
221f25d7191bd5db354a8c0ded2db6d89d962d28eecc4a3643be49b1d2094ffa,1
5b5048ce5368579041d937fd4dd83f1ef98546bdb05ab500bc98e47a890d9249,0
dc8774d368101fa7882efe91c0aa9558ad7f1398d7660b795e3274daed5df610,1
622df3b6901ddcca85fa04049f2abedda9aaed8850d6017d89caa74d902a67f6,1
4249ada6453ed8bfbd908624df2db55ca012c0e85118210c1044975cc9e38924,0
3d1c8828797f57b86c01e5e98731e9362797fe6452c63fbad0c287caed5e1188,0
d306f1396eda55444418af82191335e53ac70e82d8252f3f71c551b405e6002b,0
88f6bed07e897a59e4d688bc0a7bca77b2274beb8b54158189fcd078e611171d,0
cb5620304963d3b068f99f362bce0f074639ee81adf0e0d6d899f5bf38ea8d20,0
33473719a35806f4c2c9ba4d7c435f211736db9f1047d142b2bbf5bb331a2c88,0
5147f6fa46581530669e144960c04f4f5b109484e3527a4ac649fd8f7b1cdba4,0
5fa9c01c425bede166104a9248405b5d7ba38e636bda8b3797da6fd38075a39f,0
95d3ca7c086cda0790bac8ac85351bccc7203e2971cf8693b9823ddc7c25896e,1
ad662bb6f43ea68d323e5eec7276bdfde4784c0bd4179974a35397c70d2d43d7,0
f5bff4f2cb58de51d9f0babe8777298b3d6552a8a7e534a8bc155a8922c2a8cd,0
eae3ddeafdf1aed47a893f8bd3ec1281203fd329d8e08cb0ac3f850866466c3a,1
f8a9cd80094fc54ec063aa6b05466046554e2c2970be20b838737b438572a4fb,0
cafe1fa1c7f18434a71587debcc44624f09d81445be9996a46bf7d1adda84fdb,0
a0451e2bf85ccbd6bd1768bd9a7ac0485aa72daa58a6850805ad44b3c1b6ce73,0
ba3d37dd33720eae32dc8c8f9785c7ae3fcefa8bc545673dc07d990aac51d262,0
97505685486954619e405b7e4256cf65ba1ec180f2351425a2f3c6978db8b218,1
4ebf9c0042ddefa11a3fe323c167b86c35c5a054265fd3d7675e6f6c9a8136cf,1
100e8fd47133b9d614120fef874adab0a5425267b7807abfd19fecaa7d26d3bb,1
e831e79a81caec6d8d9641e536b63ef93045e09ca8ca203d6d9b93ba711c5ae8,0
d79f3b13016204818859a20dee5785eccd9c38c954c9a69bea3d3a9583c02e8f,0
6652334adf4c877d371e66d1bac7b8ccb5df3269220b57b42b2230410308ca63,0
60ce3c9ea8df21951f50ffd8d8915296fe738c3c5397354d3801ea7edbfbbf97,0
d44b14a8cdb88c6a53a7f44b3cfb2bf6e1ef8d20124241ee5d591f7cc241b306,0
ce9bf714037ddd0b2577a5bc9d5497be99d5d937072f39423e6f4926cfd3f98c,0
8aa8312a5a7be94315d05ac7aa0ec3afebd1bc15bc0fc1dd6e0af1d1e3322fb1,1
001d4b5a65a06d917c9d1a96d443a37589167a393ed4b01e1956d682201327d8,0
b1c95977851fef2236b2f0efb6c3d6b598a946006644ed1a04bff283bcd44d2f,0
4024fd3d9b76bc3f66b832e87283a120de3895fbc8671e12817aebd832e76e4f,0
914e8f376c6331b3c5e3021cea3dcf09fe68c402f216d3252bb463eb850d9e94,0
c598f80ef00e2a23b08773f3437411e44c8781e2de981a48c9a6f1e360d77300,0
6bb3ce1e69479729a44459b73d1f630dfa91d70a959dcf9827fe8624444ec15f,0
825703f265b48b903de0509d3827736f08391f2ae4cb81b7f2a1007d2a9692b9,0
52216a4f00481c1bacbffdf243e1c07d46ad2845b0f5f9066fc6ace2a1c61a93,1
ab8e16f59ad78d39c84906f1852d7058292d43af40328fdf735025e31b54a165,1
be407dc40663653d6c35e17495f56ba14b548ca7998715111229f51a4fe5c1b9,0
3e700eb492ec608f635e3ff9cdcaabdd518886c1405385d810d0cd7a6e6aff39,0
5b946b771586ef78972ea5401e9dfc6acd26998a0fc86c81c5f27fac8f43acd7,0
e7a7e25b414e506235bb47ae3e54a3dc931160c31dbf002890849790f41542f8,0
f3b25c3fc49a29202a815fe22128c0bb78d451263cdf1a6f61dc344cc2c67ba9,0
0c25be1a4fa66867b534ca73cde1f2881d810a6e3921d43e2a7ecf16a25079dc,1
423f221097295d3a1784f8505259736e95ee30b1126e030d2d334b16eed60493,1
e51ca268220ee8459aa4921544fea7355daccc6e2c138b3f5dfebf5c8f42fdfe,0
ac293482053346d66bd04712b339652b29e068b46a6d4dc046a3685a2f158411,0
dd7b8021a65f3918025523f04cc255e59ea9a1684ab13ebcb107944227289a10,0
ba22d41a0dd3cdbe8c62f709c54fcc6e2c4829a2b95cde5ff476281c27fa3703,0
fdfc23d7520520d4992bded2247fe1ed88f56a7e11f09735894a798dd2d70d37,0
567091349269d49bca4b23cd9133be8f36f2f3568ce80ffeadb04cb3cc8a4653,1
9a2f320c9c50a12ebdb0d5a2a359e9724e10f0e79a3d7e0dca589ab8c4a14150,0
8235e9eeb1d42a8c4f2d8b7686b33c766595bbc1898c05a3a1219f76c2f4aa07,0
21a72e6ad15cc6a5b3b357370678a3f47efce539ceef8d13cdcaf5e46e126d5b,0
3e1e20c5f0625885be87a1c4f5731c3a4515f8e4c0e0e702e992938692448a60,0
0c88d36f1af568810b3b25e2b018c9c2e5a934766e8da23cc7780869b14bf2ef,1
26ba705e8985cc37aed8c3514db3ccd50ea109c802c39c03277542a68a21e34a,0
5d656023241a087449789b7734993dd8f7318d03c49150149bc77743773c5e08,0
8810bf859c2b1460695893b4a46ee8eba684ad2436e3308ad4cfe5e7e59999b6,1
f6e18a6b750eedd36245cf43fa6cc669ab25e0a7eb320c5c29692235d2066641,0
0b0f2d0b29b5aea494e96e2b60bbd56417f0acdd97530b022e1afee8a6517760,0
d176908a985bd0632d149f8b1f134262d5d663a9e73b007bce78e480dd3e4128,0
fe72f1a789bed35fa46e4a2e6d00dcfd1121582ae99481353817f5eb17f568b0,0
90c400ba67b12726f83613d85c89668de359c5541e9570ba430717d392493301,1
fbbfe0ace1925bec56b72dd2320f6915df404a522be694c83730da8e7a8c1433,0
1859d06ea16cecf46525224686372778da37a3e8a7aa5c4c0dbfa469d5ee412b,0
ae5e2953d0441b96fa9e3d9a57e15fa4560bf8b69d91422bd10076cf08d510b5,0
b614fb2974929510dc9802ef7ae45051ddfd0b607ed812554bb318061b2748f1,1
76e37f9b0c0171db7499929c4f0474b80a7d87aafe1112c1947cf688b86886e3,1
4edf45c2801287a972cf4849999477966f8eac3bef4bb4f56ba5b4bbabd73c7b,0
74ebe8b28a7ee4357c63bd56b9f8435fe276d7f0dffc1362017bdbb443ba7eb0,0
43593463224616febf5fa67e98f6eedf9e0d4d9fa84f663a8a42c874c3a69dcf,1
da197f800f9f316291f70d9574a4a0f32f0f9c0e08420d012dffb118e3b9302c,0
82c0d660988c1a05757dd896459acabba68f4119641981de0dac32483a5d75b2,1
1cf83b1b3e7ba2ebc83f322122ca8a870217ae08067d9b0900adf2651e76f51b,1
aeddcd92d17c7d77571da82b5f0cfb84811a3abcc0b2c4d600ba641dd7d6b98b,1
ee6250e501881f947944280dd1448823319f570f2de519856eb5d22345767d50,1
cfd39b151bcf43df20b457133b061865358fb7e5c3bb4dfce1934b6be93fc572,1
33b5deb622066ad25fe9fc1bd596a2d8609fd78722873107c3eb757fcb33a240,1
c19f5a76037347222fa12fbf30919e59afa636289af877017a9a91cd90be78f2,1
cb4c2f81ef50635004bdea0cec7242a1d9d9f566f0aab2511191be730a5dc7a0,1
a0e2f4f9c44cc4203040bbdd6cd0ac1f13a8694c212668e82b5d136d8bf90f7c,1
dfcd131c5bc99b760de34f94035957709a2105bc8cbc1eb018b26049d82370d5,1
e9ba853b3fb03bb1922a60790bf7e43f3cf4fed6409c0bbb911e13a5ebd4fca2,0
7ac62434de2ec4222021e78fdf1d9caa473f113d4f10086062d941ac326a22b2,0
0b46321b0ebd386ffc0d31c7f54bcc78196e04d86430a00f72c38458c506e08e,0
20fccccb872c6eaf6fe739acbe8b89c0c5709b5e64dec46d8e24535227eb2685,0
a0f706638593af40757df5928ce3f7cbb4c19e7fa95daaa88c9580cb44cbdbf6,0
8a8b549222cec925c2e81a5b1efbd0df293eba0237174e0d68d1e0b97cbb39cc,0
d021928eb1548e7f3b97842362bc437eb18172520da5e5662521f588d62824e8,0
4043cac63d0ee3b5c6c7171683895d00da06c9048a7827161928951b93333a96,0
c2d707487f0272fd48752880a3f2bb2a2b1963520453e652949b6860c6e0feeb,0
942210ee04faeab127ab8f1b195767b3d5bb772bb01e6f739c50d67469df5c50,0
4b85a0c440396f88717da49bbe24e73c5603cf0e951627dcec09c916c5329a40,1
6660281f0c801f9830ff8be428f09777a8b039883a0db0900664c67dad2b9a5c,0
8bb4b7250c7716f6b7932a8e27572210e70460fed8df89d2fca34799c15740f1,0
17c8632a76412b78ff6f8202b7be83deb579a34d25ab0c5cbb48904b1ccc45a7,0
bcf751c34aa0b75a4cb9b955f4f6c557ad87c5ea4a76d45ef07fbb9b32cc06fb,1
6d4b8de85533a4f1d84dc2bb9c9e68296d0e75165b55be466702d594648e88a9,1
1bd5f2e28bf25a0024edf396aef9d024c94239c273701e908bfa46341b0239cd,0
4af57874bf2f746fddf68171566255d043e334532a6e8d917b2f27392386e021,0
5fd52c8974ee2c0def0d5eccbbffbb0bde30aa23f26fcdd43264ccd0eab244d6,0
ef82f4833c1aee63f256d5fb633c9fa84aacd04f0e9c1a77232e50dcf23f031d,0
c5600a02532e89b18563016d567c08d740e7058a8abcd92380e752500f31dbae,0
60ce972f8055d750daafc6c76516e76df191a6c9b74ba643521924a433ba442e,0
b6cda968a6d11fe5272a20333a1f4dc239e3e7db8ddee65d820eb94f0c844bf7,0
1706fe8840978000c7b67054b044f1a851f5e4b20865158c8e0b2028d78fcd81,0
f80fccce060db17c47b4795949fe96edeebc6d9f2093e61888ca78761031e993,0
455834855eaea0ee0f459f09c805d5de6e5e62e4db551ef376b746dde6e7dc85,0
667eac0d02f6bf859daeecaf59fd8ee03c6af2f0555e4f9774f40f6ba79d64ad,0
afa07bd279b596fdc9ba3637d1b809c51a768a2f40fdeb464b5a94aed661dcc0,0
f4f8d9d32e7d39f153c81c7b24c0ccf89ab54166cddf1995ff2c2e03b3d25c1e,1
332d324a7bb190b3820f383e18a60dfa0bc9316b2e64ac98fb33e025d04d0533,0
81df09a6c898883a6dfaf380c73b2ce8f79e2cebe3587583320bb8f09d499dda,0
9342c82aabc78c24971cb86b79f5c03086288e2375dc7ccd182e28d8c96c882a,0
fb4e1ea772b1f348e7763fa041f6314652e29b1f4b6f681cc21cc1655185a76e,1
e27f086807cf8d24c0ad7ca6d92a165b28c7f52d26f36b02b97e75a13b60185e,1
a74a8778592eec3d549e11eb2a391056d9c7dfbc0695529144d53769fb55991f,0
e2d7dc42e32876bf611441ae151292e35e682d9af553c40c7fafcec1935cada0,0
cbd25f5c49e6fcaba3bd910570b8eceba74a912e6eefc9e72469c9f744271983,0
70afe9d89a7864615bf8bcaccc0f407d5cb6086558d57d913ba8d9e32d21def7,0
f5d03fad16271de5934d8aa6589c9fff57f851f5da55b2c0451b03681549b734,1
27eede750f0c372beb1366aaaed80d678e951186c03662fe2db72f1710c04a55,0
79c93283778dd3a9c5d34389317695796c2adf3d4356f2ce646ae779324ffd40,0
21d9d3d60e0dae77fd326fc33c9c12ea153bb0c989ca2a96bd0aa5946304a433,1
3795cfd7e0cdcacd6cd52aa67c477a9a7e5803113d82dcf571ff7a8bed84fe33,1
f4fd5242e0f273dc715aa26326b8b67e63606791afd5b165ecae06beaebd5297,0
9277e402d10fbcc0bc5eba20f7a2676712e628e07c3e3cf1e4ca66da965c77a4,0
5a2f766f8c078e31010aa6c88bccb0e122f2953db6106e9b53f5318df4990f5e,0
909e38af2bad534591e76952daf13e253c88a2b808ccbbbc7d39cb257e5455c0,0
042db06967555a0299e7cea175e7275b4f2bbb350232e0a3879f934d9415a32a,0
66ff737974f4b7e4f21f5b57282d85d2e6a34a00f0b482dbf8c8756be6f57468,1
aa7e72f7e33d97169b0ec34dca06b51caaa0df0c4dbb2c11c10a0198c63c2da0,1
714319dac1a4cdcb403c387c4dc5e4a70240f4cb16a4e222f4c0d005e013676a,1
4f72c2fc33d19a19cdbfb9ade549688a70def1db817dbb3544b690e192ec3a02,1
3156de33e8a26b2a08fc300e0d7b9d8c4e0010fd3ad415cbdbb8d0b52c0044a5,0
a7aa041d2890a55c94c6bee7a2ffc32b728b32fbbab49d95d4058701f6552508,1
d5ef8bdd9637eeb14dda4028d3c605a2ce678d87d8bea6c109c0e29dfc8631a8,1
6dd2b2a75dc22e156fb48d7f360cf3062facb3ed4ae2021bfa8f67766bc19e2a,0
85fa1bd5956b59be083b573e8dae55883d1e88248a85d1bf93b9f273745ec2c2,0
a97795990730c8d599e8efc8d4a7f7dc09bd995369f5f93e539882a6452a6639,0
344b61392ef2d740e7dcdb0e56292f559249824bbed14268120004363ce7aafd,0
6d38ac41a98912c41d1ee9a3ee2fdadd013ac62112e60b9c885cc9da5dd03dbb,0
b640d95e9af9b3eb98649ccd036c189d89d5d2980a7c50a1e153ae39f26c502d,1
4c75dfbc78926f83ae27a73515a48e605c4427d666603165e1cd461ce6efb35b,0
c432cf80755d81c3b140ef19c7241521814de4c588ae68f7739a2edab259680b,0
40fe270dfde2304250fece57be96c37ba96dd37e667cd26f0e0e5c0931f41cec,0
00c76ec56adf6e98a9ccd97f910a2d7a964c5ff9bba11be53478014dace34660,0
94732f7a29ee995f5983d3c3885357fa528dcc61f64d0d75df3fc538a5993ca7,1
2fe7236f7ab9d9fb61455ca5adcf6c68d22bd687c2261719265befe7daf73091,1
ab2fdb8767ecf9517a307e1f4f766eec11bc4e116074a1aba8fee985558114e6,1
b5125cbd4e9d5985dac69bc9f16a2740a6b7e1313f6e4c8ef2d49808a00e42c5,1
9802eecbfb4e9c575a50043740675d45acb707a1701f502ce77dcba7744a771b,0
7857be2a652df215d8d71bec0ffa10bf2620b58f13e9d3fcaca6e270df7c043d,0
fb18510423ce5810be83b79d0a431e32b41bb6108737427e3999b9eb1fad1e19,0
84f8f7dea22520d1a4254d2585a67d5bf7f79d34e6f5743be5ee7e912693b687,0
5a89d87ea5a541b362f41656567dde2faa4cf76e911778e24e9d41b240b33ad9,0
2433ca2b551276194eea9bc923221f46f82953f83c4f2caae936d32706f085eb,0
47d30289271c50742ed2f7879a4b61906ba35b7b72f7d741cea0b0b87b4b8648,0
cb0d49c5553ce5f89f5fc320cc738a61e61e9ee23fed74f4dbef575658ccd96c,0
50a0ded78758601db84ae9c0bcb270ae5c00f6aa936679bd2284388432f1f924,0
6eb226b45b0b84c59e91f0f108548128ce71aa5c3b334f4d1ac5af6561bee0dd,0
7a64f2adcdce33a880fa69c1241fe0ea827bf5114adf1a6f8cd0293831231503,1
091213d513e717b3927e8f7b9e7f06dbbdc82c4b44ae6db9df95026af5d6dbb1,0
00321a920f51da0edd34daed96623e89cd0669e37d589102752effabfa7383c3,0
3c28cb07c3e02826b2d2b7236bd1d1d982650e0e56ed7bad866e7b9e3dd5c112,0
69b111d9f0955e6d49c544228b31b0a22b5c63ab9587479818367680ba96ed16,0
7eed40d8b676400f0e38f4580bbccfe0c2199395e03327789383d9a78931f132,0
c1bec750f945aa83897f15e30b3bcfbb306d096c545a31c278d8c527224c90ad,0
824b8ec0f19c9a9214ea25fc7ef8258126234a08ea9253d6fd0e364fa313c3ed,0
ba8a0de9ca6c9061fb9b6bf1af1c96e84ef3a839deef65008b69efd5a19b0bd2,0
157b828c0170966290df7964be1e84609ccdf4740b8518edeb4a5f2180f9d805,0
067d371f44df68201733da57c192b8644120974f6127dd27aee45ec07561734a,0
312bd2dc410728836823a6ae8b022f142ae35aada0df0aba7a8157a9d7d6980a,0
01e8fac4f1e70792dbfd53f2def89eb83cdb68be3ddb5530fa9dcf07d6057cd6,1
65a29c5d7861c29bed604c8cae6ac847274449d77117200a3a1a10425e242615,1
41400341d743cb2dd6e2eb4e6254892cc7b35bb1691d95e01049e3e39fe1f2b5,0
a6ee41ba63d2cf41de779abbb0da855ee86d7f5e91869b5b9d904eb864088f01,1
0116258ee61639758541cd1c13dfc11a075171f1912a2cf1fd2461de16380983,1
f553f10873af5f15855c0987c7680fd483021ef120d5498cda1f0ad0512d2f84,0
8473822cde344e2e51aa33e69f2b95c1cdfee29e33c4228885e7a518c1f86339,0
548853ec6f9d804d75d8d6e6bf8fff7d48ca13f9da6aee9f5053281c1a6a5b37,0
cf2a0ce80188706bcb00e65fb31eea92ae53a3561c06887cb3ad8bfee8413b01,1
713ee13d91ae5a4e370d4889388ef7de397e1cef27e0014a3422c5f9c825d208,0
021e55f6fe4c5e0517835a1e620a31cba23752a8d0cdf47b6e15c051589b33cf,0
68fa32d77d9addca0917046bef5ca6ecbcc8ddb728a01f39ca07fa114d0db1b1,0
c20ac8a9fc71602c120f6bfdede8bc0a11e2d2c988b5046cd546385f7397908b,0
bdc4e1033e9b0b13839d356b1bbe3665b8c36d5e20b5b23559928529b72a2962,0
f66169269a5910c2a5773f903f445e2dae1dacc8b246667f1f708b75faab56a2,1
852412b5ff62952018e7bbc142ab2e067d72dd2488ab729655d85674020aa921,1
981e79e05c54293644f1d9282146abd14c4fcb152f12d5183c6bfbdde5d8d427,1
e6f734fd8ec4ecda7765a5acc58babe178e482f6c9a041f84388cd237f0e1e18,0
40433c37f4a18d738498dfc8481998c43dd45f4d7acd9b76d117c10e943f1921,0
35286e1057ca2a076d5447713d697d5602f28d81e191fc97b8369e32d20b3245,0
2b7dde1d90edca295975f7368cdb79d0fff05259eb47f05356924485cdef0a76,0
07c7ed24d38fef45e0cef834616053f006855b835ba19757cce0d053d7930732,0
40829d593f4bd469422de224043d733a24cf6471cf6697317c8c260f10b62907,0
9e47cd8a9121649503ab08fb9e057edcc979b5afd4d0a6f139a8c9fc1ba2c75b,0
9c0aa7d3de956da7b1dd9289f2ee90fbf877f31af05575232c0c51c7b9599f3a,0
d944ee1caf0076935e16548ebc175aa76f24d5f64697da22a1da66c5b281acd4,0
bccd0af7b95f455f680c0ae8282ad4c4d482689ae657d0fec2aa3ae0a15572c0,1
aa79214ccced88fd7a514b1ee7cf56629ecfd0dd08b43c46f36ebbdf50d646d0,0
03a0acb29b24251d62ad691baaaaa9f1c5e45ddf018fd8040ab8e121b323db09,0
22d3283406939b9f9f866f755a0ff6b347efae249dee9f17e26ede8fd490db23,0
cb726c9b1177256f472b98b110a7509ddfe1fb05b198ae25c742caea9749540d,0
06bc7e3395c6484d243ec370b757107435cd0f37e981ed45c1da20d4e0240ad6,0
675bc34825896c74a1ba9b581ea0e60a2fc5ff88939bd5d25157ca1091f57951,1
277b090582aa3b97f459f374147f1e301f67d9c6a1f66a2e527e6f419e78e20e,1
156e2edc264404e1060b49916cae0f4db2be1c6d8cc3d197a3ec3ecf46d76030,0
24b6415fac18c69f22c704d3449e565ea745fb009f9d3f1b4f7834bcae1a7805,0
347004a36899acb99bdbccb4bcc11be7e1d58a7b338bc98cdfb8beac8de8f4a8,0
c1a756ad5a0e3c1d15546e989ee11e7f9ffa898e2b7a2595030cad088fd674e4,0
8412580841928d95cef098da7916c79c890a71ffdbda063bb008b9eb3c6377b1,0
4356740b79ea36e8c538e1fed4cda5d1ce00ec7af188d1e7c11ccca4b0da4413,0
368d729f7fcd83345b879ab390a477370678681527091488f15bf8ed2f22b98c,0
51d52e5308d60381b64c4b4146ef8b97e19eb36f70727b7b778edadb4b4fa160,0
f87cb18fec27f89117dc0a9ee6a907bb49c85f5758ea8c224af23d28c1ca3855,1
bf8f0e17b2eec0875f1bf1dd7aebf583128fa15e71778b87ac711abb8880574a,0
09cb7d79a3593edd30df51735f92f62a537b76d573fec5bee93a104fce25bb02,0
04e237cfa7550f63986ec83bd578e3ab56dbe76e4d967f5ffee4521c504fccc5,0
d32709124a5ab8083c1730285066cc3a01183b15a968b430537437c018ccf567,0
2dcd646d61c621c3ac7f54c5e3c0d6fe1c6024d3b98c09c99058e8677e37084a,1
f1f8e7977b01d754b5261c34c8dc1ea45e23a03e1ad4418a0b58b9da643be289,0
9556a774bf637b9a2d4867aceccf32f8f501cf5fabb2c856eccdccf6eda883b0,0
fbe2bc73fefe70526afe473aea58a71455f45eeb8e280d3a88d7aab41b615ebf,0
cf1a5db108c7bda311d347e0169a658c5c33eae612db5279219b4f15cccd4554,1
247ecc94f5b39d929387b1ff141c46a085b0950428c170c4804a6ed7fbdebc73,0
f05ff972661bfe72a3a198aa7554373c7127c2cca5ed49fc32f934ac3266c4ec,0
11ebf695e5e6c02238ba670ba202cb7003b46d31271ee8ea03bb6c7d90507ae6,0
616d1c98850158e84b5eb1a14c0aa17043d8dfea203c7c701babdeaecab8910e,0
ea516aa1941bf17fd9b165c51203a3bbb4d64a738c2c597773d48b18ac4863e2,0
d099c48130a1635374ed14c353ad4a79d1b64f0141df4055c568b16d241ab630,0
32e3f4578d266cd9a7cb7977eb916e5dad803ec9bd8852cfeddd10686121565d,0
d8dff8913ec5491b30fe1c29cac8d5a9802f4ad88b6b78d9a3d2894903570352,0
dfb5098b49c677a537eece43c4f94cdbd8cdbb73485e5dd9e2b130fd2c5e27c2,0
aa064754e2efbccb19f7d9ab0b137760a1354dc29c154f8024cdb5221830126e,0
0c620e1020b7d36e9e40974359a40a95a94a3975d7dba9d1f99493238b9dc1a6,0
0c037163673910b1097ac322b682ab36075274f484f08259120bdac082b9728a,0
c57a83f5994f763530058aaf0c98ebb8cb001d1bb3a42dfcea36c9795f3f1fc1,1
d60e9e0daada632e2e98719f2b73c95c1b8d82c2f06e3deeeb81447275649556,1
81c7205411aaecb2cfad80c9747e914cb521185a27384ccbd70d79a500832016,0
2d603b639df5580d9f476a3726e2ba793fa957b8d8922176e57df9211ce15f32,1
c759be21b338cc35e2e6caa837a1dc07a0ec6c5227ecc6ba073fc0440da13bc6,0
bd797c43ccc6e24850c2b3bcd6316b9db2ebc3e2fb835b6918e9da37ea500e06,1
f83627b4d0343231c09092587a90305c5c5a81e2bbe76e06d3c8c774190558b4,1
31091d0da721db199e5ed1a3c62594ee3a2f327e257c5c1c542f3cebdba8202c,0
8b549e0c08f20efb1577cabafcbdb0b5e3ddbda26575c96763fa161690f9da58,1
be8d7e8a2ab38e39b92736b19700237f73874dde738e91b0820bf86d344cfa8c,1
f8095c4d03d31d5b2960f1c949a796f9f56f7edc52978f41452b0857f44b980e,1
2de592f770832dc2c44593f1feb55499b6c1ab88e0977652e889960a68bf18f9,0
6bdef69885a7a714ff3e1fee0d27cfb9951fe2826077059f9f469808102ac1c7,0
7c8a39923d257219deda2136f91b9565d0fb6b4454dd056d075dbdff44d5586b,1
bb7b8448fac50bc144b3fe74d71a37a4a26bf3894be84441b97643b436f8d000,1
9c51f51b6db505d2863b7f03d1a44d1fccb49a6710721c7baa9d1e3ecebf69a9,0
67cef20458c9bb10356e0cd2e08305a0cd9050350861fa9d9b8eb252cb31c284,0
0c4310d899f34cd2a7c704ec041527c8adba43c3c970d07e3d6d2e82693cb81e,0
a31ad107c671f34858454b763659c40276da725a6e67ee2bfe6a77d2c95b4bd6,0
70d3e0e17be68aafa1b1bf0aa0ea33d818b4903b7c58be23c772654851bd6827,0
f22634de966ebf072d423ab25c21eab277df12feb4cb0093f455c357819b3e41,0
301a388a234805c63474c2ea3eb7cb6813c39f2a38fe5c5974b46f6b05029fdb,1
e74c76de70254f1e95ca78d1a31801a4f7c6e86e6deacb46e7c009eaa63875c4,1
afef13fac30da585b5bccbf5f7b997ec04a4a5ba37d7e7f24d71d2ecbdde0a92,0
0431ae9accc946e1128612b66de79b5718b7c0abd56b610b1cafa0383ad70d8c,0
2c6c4098eeaf3b25a10804ddd09b117175a0fe2add9ea1c2fcb341ee8e959a94,0
7df5fc81bf799237fc575ad80992cdaafe01b92a8be936faffbfdb83f6d3c936,0
843126dfef62bad688671165573ff98714077c94ff2f960d4f1955506d53a6f7,0
453dc66cddef558d2fa92174d15d343b116f09da5b3b9cbb8fbcb4cbf8cb89e1,0
7a4639dfa2ada0c159cfa7cd37223a6702338681e399180c0a8c6f05a6929001,0
03ea9ee7e2da99ce1cda0d3bfc24886a794b8cfc4d8bbbeac1e89fdc7eefc785,0
f847315482291349ea9a89d52e10ad10e8894ca3058667c5fd2506cb59bec995,0
c83eca067cec210f280b21fc7afece28eb6e77719697a30d4e582a34dc6da82c,0
bee169a3f8cdc3f433803f0f47e4fc56ab76e96e71186484b262b975779633fe,0
303eefff6baca7eec9affe8bce868bb28eeabd2aca33351c4f096d515c68dc78,0
a3f129b24944d2a750c51609cf6697f7ad6e90e1b20ec4748bbf0bcfbd39297b,0
23804783752c5936217413aa0fb86858ee4031ad65d28dca3e350e96835fd160,1
1db98e502e105b7ae2aa118988f0f1a82922f8019ab29979b48fbecb5367f04c,0
a26cf501c201a670aedd1054dbb935d6081cdacf96f760b0bfb89fbd062adc1a,0
e45045788bd341d6119481303b00fca1a7f637a03b7c6660579a78dcb7039adf,0
f3e793ffbf1c2e156fb673beee87e31c9c9da62bfb8d8baceb53ab771d9916a1,1
66cd8619dd293590367f0d1a32c8924d7500e7c654d4574ac50415ca9e8a8198,1
7def2f8a15f9200f074bd1f2587c41b1255429fab1663d74f75a10fbda24a98f,1
8e8058e47465272d2a7ef594e9592249618a1eb0a9e707b8721e83b447b674b3,1
ce20e80a2b3788f640f391231a38a48578cf37b0a3b40eee1523233ce2a6aaa2,0
7af2c1b1455d96d7906ad146b5a9cf62e79e5fa501e7395a2ba78c58134eca36,1
6a5827cff8b5dbeccfff86d6eb47307364600e71fb68ea0205c48f3dbb534b37,0
d011407b775f1e5fda594872354bad0b19dfe6462738ff0c5b359c8532888bc5,0
d40a2945f682e2707e0620c9f194b6fb2225690d66a71200c39391db57498433,0
a125d6e19d7b91445af47c8df74874f91b6dc20904d61cce87a6346f35b1405f,0
00e5a25a825789a1406879a67e7e26777cdd8fad604aec2a3fd2a890c8bd57ca,1
4f2eeadb82f1be944da5bc6cdf63dcab93d9afde99b7df086a1fa9f4406c7593,1
76266d64c50deeb46a94117d69be5fe2e3fcb849e63eaab634cea92756f72640,1
d8a0b528e90e423ce5d9b001e94dfc65c5d055189a83d0a2dd8611e7490dbc2f,1
5724dae55881acf8d8c9caca7d3fd83b0e86c48deba8417a2994ed2e72fb4642,1
4429bbabc56b6052eefccb8b43315093c1e549c48d2c1c61c376db693afe3cf1,0
b2e038ca3a3efa7d07466dc49d9d6895802de69164a0795604667e7cf51315db,0
2e8f699440f6c0ff32467e176f8fc30f06def31b486bab1ff115511eed33c06b,0
c60499d561dcef00744c448e9c9f697feea9d87063f4fe01caf3f089db9751df,0
0ed83881d5b623c2283e0b8c701f2517dc87b5f4268ab431b9491fae3184cbaa,1
3704392057905fd4d27581cbd6e4ef2eded4d2a23684b3c181965905937b2973,0
ffff0c8f71d148b29d7e074bfcc3ef8e89b791d46b4122861b3733ce97841a8d,1
6ef46423f093b8991d2d44e890ca7cb09df5ccb49f7759778efd6d3effeb64b9,0
e40b9f0020d4a57815101c0d227eaac77d81650f384edba6afb3f5a60f8742d2,0
a87cbfa526dc2deadbbe079e5fb10723123382d977c06bb050e353d0c9e1bf86,0
4ff064156727cf2724bd01783c3589ae97a0a846bef3cb6f2e3e5bbc64c7e813,1
e9c912cf6c621407add123ff3e4dc9e8a487f3f6d8d398c1523be7b3f0c82711,0
759977e4c7b995075020d750285873b5a0323b0b0f7f604337e7ef50ba737c26,0
c16c6692c667da1f894e402d6d8d0012c5b5ed944ec33c57598c0b053500336b,1
609a1ebb411f5a694cd00c980729f7ecfd97fc817d78510e8ef45bbcf2f975f0,0
03365471d2ed7e46536e6cfe9934762ce4354af3dac4ee9a989439673a12369b,1
df52b2f08e115ecc8f80449f20ac4e82eef0b98cf5f3a3407150e62a1560822d,0
59ba3e4f623e44bf3e9a6fd8e7b7d807598d1e4eea2f2360736d384e6909e402,0
f8222fd5b76dc60c115a4a7803756691392d5e5e5356e1b7fd86e1803ea1fc2e,0
52ee0aa4d89ddb0a15eb8f4c89948e96817df2fb53b70d04292761355f0da557,0
685a12ab47957ebd71948c0a47d5c0d55f892177bbb844db0b9058d98951ab08,0
7b56cd7e76bff5901bb9b05bdd7f2c3ea535273305a4052c40cc84caa2367716,0
2e7f54a3ff6163b8da3ed17aff3e3a5cb1dc9862b0df76f5f0a33c6ad486691e,0
ddf7ae076255168eb803d848e062762d11f03ef4199a6ac8a0eda9a5ce032754,0
b8f47ee2519b88bde71b821d58cd99f59395acaa30d8f0a474d95e697051bbf3,1
9cf3898915a25ed28b0d9a994751cc2af50f0a2601da5e8016c68bf8bb2e8717,0
e12dbc88f12ee41b1e8f4a02ef8116b05b353f4e4bcc065e76118afde33a9556,0
62790c066632b16d917f218c8dc40778cc73c7c8c2ca549097e9031c7f6eb652,1
34da0ef97c160f48145df76927922930bb6db64551bd507f52b1713565821af5,1
69164cefcee7cc1ae932707e88cc534b881ad6a324a50b4e0a7cd2501725f06f,0
f216e647e274ff7db5669b7169d8f6935dcef0fa91cf324e48eee45f569dec2d,0
5622e0b76c816147d7e85210452bcabb9d2e0967667aee542c7c931261f5fea2,0
786276dffb758a0193d443a3bf5b6fd9fc72294ff1d5507c362b5bd80d5fd19a,0
b328e0789b0513c9a9fbeb139348b55a8b783b895bb67a81a6a0694f9783e59f,1
bd94bdf37f41e32f3d4a4640081e57bd819f2239da26b71114b81f22328b6a51,0
6495498ab56b3f48a50455f3063bfc40a16a554e606fd26b17cbc2b02a6ef963,0
6f781d86a0d3f073bc93059cae5d64be45dbe2bd2cfc464c8648aecd000b8100,0
8f16aa0403c52b4e7ad7a7ab443d4b85d647b80e0b720adfef73c25b47e255f4,0
b19d2915b9a95e61d9b5e1412687295be9141a969f928f8b4f47bad15f2cbc39,0
56ce03ce57407d1312adfabb8c6020d13bfbd0f5e35fec746c14f04147cb845d,0
3c17dfd9d434abe159e7f33025d130da74aa82202fcbb1a3a6f67c1b473dcf57,0
3b2f50824c43001b475c023bd5e2aa45db5086a04449c69d0c7ce7fb56106449,0
f84e5a8f5a3869e4103421fc94c3609add7a4079f6b37db9b1fcb0aa5a96e105,0
803d238ed36b543136579b79bb1f787ae90d1bad39c123bf7e5e5e5f629f8731,0
f71b62965c75d93925115635f2769d923186de9da0b4a488e079dd6940d419c5,0
335f61366fafa4e8ced42780721cc97d36f5e8dc58cbd8659a14cfad4c0b2125,0
d8250415f6fec1bab835adcba6eb410e5afb4d67c6256ed41996c124fa9efd7c,0
043487a1c4fb5bbf041368c3423119c8f2ef2ccfd7e01e8ec4d3f7c36b19f314,0
2a0a5a4a2d89ef24fc4684c3cb38ae54217261fa75f164609a16d19de8e8eb22,0
5d6da87fcc9ea2e3906731a568fa39e9ea99018231ae4ee9c57d24abc9d5e554,1
2395d2b05651881008530c15f305ae65da3eb6a964aa3b9834cc0c24b288c572,0
6398e3a18b2257750ace04a18feffa9d1cef2ffd4929cd234103d8d1ab020355,1
5632c52fe72cdaf736cca201ace7e9e434e1483566cfdf8abe374f3ddd3c8209,1
e6846dcefd69ddbbac337163447e82f4bdbd14f99d4b31cb6d04f0a4951f3711,1
bde8786267e6c843ce03466266b0f32a28c51df0d4d6a3dab0feca8d19c7a6a3,0
53203349f7256f654c4b770dae29cff553d27d6b35385a29a1fdb0bb28039616,0
93e70bd3e6b0bbd956cee0699b16bd828efc7676d3d463fcb0e2460907c2199c,0
cc06211ccbf7a46c1cb92df388237a2154d5bdac28650b87a05fc1ad8ea9fbf8,0
4ff0184e32e112df236be383b4e2ec31aa0d03cd6bcd02b97a4e0ceec8c31f43,0
a8c7a2a71a31e76ba02d22d03efb0a6634bc14f19b15a0987a10b864462a34a4,0
1625826f83158200dffefd225cd13b35552bba062e61dca6355c05002afa7752,0
6a9c07024510cf038a0246ee59e77557804b666924a462761d92816de34c6c76,0
a8c1cad74aed16f96456d615d8f58d1ea7e8f3a3038ce43abbf5527bcfef43fc,1
17312e21268d8e509c3f88ab7ce9d342018d0204074afee824dfd990bd6eb2cb,1
adf85a7571dc13e6e7900d6b39d5132ae096d088de1003f8bf31a13fdc85e252,0
40cf21cf61ce264f9e29813d7097e0d558aed5981d502739be51d870c4197f4b,1
72dda43864102ef62b2b72bd1f4fffae85b7f8a82d9e392e42d1bbc813fc1a6e,0
9e5e7878eb3ddd76e2bac33db3d6778a89bc3de2d7441141630d0d809eae002c,0
ff795b8c43fce10ba0ac38eeef5cf8104783bbaa77a9e911ced531180b9f2bfb,0
6fab3916a8615609f516930be85ea61a42983eb40210833b3d80125184763fbf,0
c70b8aa1e1a33254a557d0f3f34d90c99a6dd6f2b5f06d08fc31866a8d6c897c,0
d817c1040bd90e3d4cac20ddb98ee81c0f3344ba591c4d05c70d34ebedbf5775,1
42642810a939be893f725458c1d0cb9d42de718d7bc03d64fa4161ef0204b6eb,0
b18aa864b078274e9707041600c00400b225c08de5e0dd5f3cec52c0a089bfc0,0
9925cee6b962429c2918c016b86f74f58c04e1d3c8cab00f33d54f875d656bfc,0
c25346dadd078d52e251fa7d8093cc2066ca7973a5a72f732f3e51bad8b4e7eb,0
12944ed6652c96524bc270ca2bdbc0ea8111a71412dadbc253c62c2731d57943,0
3a1a94fe5b339d09f068e124ea67abecabf5f2b97f94bc123392806bc89a6590,1
15eebea5352c42e1098300f9e4c6337b1379968bcb91a6512a8efb1a64d3c7de,0
bc60a7123e5562f779105e54a4e7c2a75cef87abf1cb8fb1e92ef79db3d47a1c,0
796e31a0fe98ade44b8a591237e9fb7d1efdea5a7357aea23bb0e8480cf706e5,0
e6079930d2ba589c2577aa028e77724f9b8747f31a6ee7c6f6ace4a4c1b816a9,0
55f1285e130d5aed39a7626415157ff6308e887ae2fe786dc4fac4497a0c8e7b,0
f7b6963aac32ccb9f005e81c737a05cc40e368af265c050ff6c02f6d82262a6c,0
bfd223f722583d37320db07b991c3637558669f8ed673ef315ed7f282fbbdaa1,0
40a330e67d975271e73f513bfa7bd732c4b3bf1cf75681b93357ad66a943ce3c,1
0063fee7a7ad3a5619eb8608296ff637925ccb6eeb84d36b781f83dacee2016a,0
4a0e75cf96806ad30632ec2afa2c954ba20149d8794ba29d2ef36188f8f9376b,0
96241740eeb5b665157d576df6fb0aa027c3327ab8c917c3e0af811bd692b33f,1
59eaf13a315e24102b2e3bdd1d09a3e80310a093b56bfa4626a52879faaac14c,1
40b4e7b7922073564d9465046b958b01cd4dd9a99be2d1337dd5aa4f46e4d341,0
edc1c247f14d826b793a3ffff9a711c16c2f810d0c9bd897d29542832b999e8b,0
cec25dee24defc1f734f17c2bd8c3ccb33d0861a0092be9d32759b5655da7809,0
5b843a2560513232b327dccc5eee7cf28d8005f35652d01dab0ca082d1433bb0,0
df357a17f0957aaaf865cd95aa3c0dd66665c0c9c0ce3b302f8656b7b457b34e,0
10888fd79e8f5882668e9e2faec92ba34d2b9c6e163bc531e6d1402ef9e37b36,1
8a594af76ee2f1a8a1916a6a72f4352bcac175e286f5b7ca9ab0f2d5cf7949b8,1
73a443f9a4c50c3f60730008791fb6a56d3916506966d7ada3f7e09fc8c155d5,1
720e002707a79807fbb4eaf8754f388bfcf2a9ff0dfd70cd91ae9401fd4a1a5d,0
a83f8cbc77b87b6ba5d40841331505eaa63f8ae00f04644f6a5f95a5e90841eb,0
6f16db01242938575534a7699e4a20954c1dccd3279e87b4fa972e5bb1bcc3aa,0
5c86e9d2afc4d7516e5c5b7b6b7847780d6c311144361572fce2414603eae367,1
0228b766415bd29995ede70868105a7fff3b5070f8d816acc7da81c7806216d3,0
4ba8fbb7bd5c93a90e23752077231f2ad00b3131525e332bc056726fdeaddab6,1
2f6f37f71a84ed936db6a5f69dc3d9908c802f755fae71df96d382129b7cc8f9,0
3ce1f605a516fbe0b32917c5662368a3524d8ebeb1d9875770613a8b0542986e,0
a77c644e9d68e4e65da07dfff659ac7913c8621c4eab798b57a4e3cd44c2ddd6,0
cbef54b5c602d866cd398ba28df1ad6f3c5edf111bb04a2691178b31f54df3b5,0
3d1c733cac21a195668d254fe5f5cdc187c1df999980ddf0e1cc6b93b567aa25,0
f1a19813f8f83685ce50eff00c67498df322a5c9b42d877665ccebdba662b188,1
8166f2cff6188259271e9e3facd06ce034539d9cd7ef586a694130a2174fcf62,1
b687af2567e76f8fb10f7ff388cd884f0a980db25268f2be8cea1c25d6ad52fb,1
ea8fd8ba1297ed8886a912f2a9916436f659457c81e8197259529f347f384f58,0
9e2ebed4f175752ff23713b1f27d8f14e6d684a0848d3344f7d1334380555703,1
8092cd7d0e3e634c862186678a95e624347ff3af6d9f4c6d7228583969b302af,0
b40a53bd7a6426efd72ec4bdcdfd5bfe439ec92e04c9df0990dddd9ba578e025,0
e1560277df7cc49a3ad5aaac47c3c8e54805fa611759250209d3a78f1f6ed5ad,1
8e0f11dc22d36d22631fc7d36bdfd86545307abdae418be9aa7147b3d0f12dbc,1
4873f84ff4de9852e6e828052d12732e97a1910742fd266cc063cfa1ac4ba5b2,0
efc5c40b182fbea45ec875258bff538a76de4c77d3d5b13f60be39c11cad883e,0
5e3f3d8e6acd26c4e7d256f6449f8db45a100ede7d55e49c83dc379ebd101eca,0
2006fdccd98b769aaf60e2c85b5e9598a7d75efb3462c8f9743253b172324367,1
88d51d7ad1c4210fc6a04111e459af4131ba50568a4cf8f43bc4fba292ed0c69,0
43870a774d4d3afc927f052640fa26ba8df0017aa81ae9e6a30a854e83b2386c,0
462cd8b3cd3a93d4b992ef4014c56a54834d10ec5b92117caf38329a4b63010c,0
1191e44b7b54a933034a234ee6aa8cffa55f934770844550c52de12c79e963f4,0
bd2e555bc341eca6ae92ed7a09a223eeda4eb8912835423b6ca5d9aa797c14b9,0
fdc0cea3edfc865bcfe402760364bb3a783bdd8fbeee43a0e082382c7404ea8d,0
90281fb14bac2ba61cdaa97cded169b0eb40bf36102089e3155573ecdbaa5972,0
31c25e1e90a680a29adbb8605f8a8954c807d32916bbbfa77954e9f9742e7657,0
6f84c4023ccf105e8eade27ffa7c8e255992a9afee9f668d654add9d09afac95,0
d00db16c96bd8dbfb7b9f05734caf24ea50885453735db697bfc2b9fa59b6a8f,0
3e6449780820f75cef3b72fc73c89ada0160d5626aa8f18d47ebfed986a52f11,0
fb55aaef79591920b55995397128dc7235d45cc39b67c4f2fbf6cc32b6bbd008,1
086ad8dae335ed634bd32f7a57f4114ed1130dabd6c7101be04b451efca75945,1
93453c7b1145896be3029714b7967072e416e12dcd4a000638e84c25f7ac4e60,1
7e65401971b470d45add855c9242c92956da0356db9d8fb89fd663d08babe283,0
d37a86851edfe83fd75724ea08de282b40a5641d12e650310a6d5c4e02dd2f14,0
336d06fee5527e1fb0f819ae7d2096d2d2e26c37443e11bbd43aa915ef6b4eb7,0
0b6f3c9eacc8de93bc5a3ac5cae70d3eed8eda72c2afe9b9670c7d9a98ace90b,0
a4bade6321c38e8736d63f1ffa7c5935d09e6fdf5aca462248f10cfbed3d1f20,1
0224a6fef88bd3e4cdbd9d29b20d09a010280d5ced3c69b1e521b39701aa4469,0
f9058ea62595cf6a58ff2b05eb5be60d8fdf9ac87d6bfcb108d15b28d71f4c4e,0
f4758fb765548f89fd4a468fd822d0a802ed6330554ee6623c108e802560135c,0
18e9a71f70451e7ecaa2237ee684d3ed3956b760b50f4c3ac5412174284fb82d,1
9151b550d95488d321f1163159f1d4bb0bcb9b9dc25459bc674fca6d8e9bd5a2,0
03ef5e434dde14a5b047edc1f2af4f2469d4be00bd02d2dcf255d1af848d253e,1
62725301d0dc3f5552c2b543645ad1d6ec64cc820abf50609ee524ddaa43ce1c,1
06b3d98a679a093bee99f172764ce773d0de3b0b9272157d6cd5850c4402c615,0
61456918e792dc43cd92c3dfae9ca36848d2d1c54861c0b608406b4a131eddc7,0
3c70fe6b5377a567c1dad08714aa9c03fe200e9aa175068faa215bca691a067a,1
7090fde92c5925360cfc2acc8420eb1f85fefab78fbc6f85ff9a218b264f0682,0
13195eabc7fc8a2e17b27841d6f9ceae9a54081b3181f5ec6d69ef5fd56bd80b,0
e46ec9d7455ceb5fd2ad3d1a38d5fccdca548c521ffdfe63fa9d42953af03093,0
c5defed30e763e930b359690f7b7eada1b46cd0eced0b5430b573db381ae7cd2,1
be3a844950672add66e8a48dcdfbb539ea8d2ea28550aadc9beaa9d09088ae90,1
a347affa87e4cf7227c303cbdef40e3e12e1655b415f290b07efed8d889df3a5,1
af22e649e1c741c5fd899d35ad57906e1f53519ca02720ea546584d1193fabf4,0
4373f2e138c57975cf3ce729b29d134f7ebf9930741ec22d16a9dd4f320cdfc8,0
4ea3cbfb16525544be5c85ba16757c19c3463032efe6a6770bb5d7984f1e3b02,0
0c2c69ae4e13af304a3b0eb23d4660f99c4d15c983ca311aa104ceada9f6e112,0
aa55346682fa755192427de1b6fdadaa9b0cc8385cf53f99a630d255541749e2,0
d3ec9840d8ca037ed57f2ab82cfda96dbaed62f7a1db3c431404b7b1e6dfb350,0
8622f919216b2e754ebe814e640e583e134ac5cc1ba0a7cac1b6268ba8dd7e1f,0
47382bb9d6822b353fa26ab5f46cd86d43484f6e913510e2e2534d46c93e3696,0
aeb094c07a44ac4361beb5f36899419bf224aa8d9bcc540012382b95cf4f3938,0
38dfa1fce1e60885cf32324cb2ec733d28cece7dd1fe4493112f00a517f7f98d,0
8205fe088dae5432c6d73d7ed367400c25e4a1d66c5dad18b1de9b14dc1b23b5,0
6d9150c77a2fa21a8690b2306ef7c87622c0bd138e41b8b9be8a636c2ecb0d3e,1
145578ef78343caf2f6b66c242a4450b91c9a0f94488e6113a4e1b84d34973e4,1
794f5ae19fb2d1ad0065d5529a5298d5a7e817bade5c29b27169d01df974a592,1
9c0fe91ef694d77b5b03a8d8d99a175ebecf18e0d608b8f26b447fea2399e4c0,0
e98c9c43ad7a9ca70d07bf3c4c1eb3d2168e4c5016ce948f0c86aed3d494d70a,0
ef41c047ab16c30e43c4b296efa687a856ad251967f4ed3322b0b3547da7b56a,0
b67e699cef70c7093c20b6a6a008b515ff0cbbff4efbcbb7af00d4432a5896b0,0
510abb62f3e89039f8254011e970eee004a23aa2b1817bb7e4136c4ef6080b2d,0
22a4366dd2114e68114d88ff5668390650aa39f2d3ed0fce2d55f89d549277d0,0
f5baae4e9bcda729c773ec380c624edcc4dda06501265b5bdca673307f625442,0
1a383a6f0a3aad371593d96827faa90b2e555aa92c91621eb677940c59822ad4,1
f3706b3c32f1eaf4d702d75563a5aee9384b1c6b0819a780df28896c3b3c97fa,0
1ed68e732a4a9d099d2220ef91eaf924e0048f6df7855b42d9231261e2feaf5f,0
521a16a306f5f4c43fa0eb4092d1f4244b7460bc08e77fa40719c1b0b1fd9062,0
42c260b18012a17716d065aec546aa9e9bf750e7f0a4578cb56026806b3754f4,0
14e439400aea263066dbcf334245b3490effbab0231aa660741021fa2a836fc6,0
242c626cde67b8ea779a1ad9df8c6444c2c48d2f6557ec2208e8de13ae3e3741,0
e2a2cf1dba135b758dfe836ae45166728001a1b6322f17f2a1fce3c9a32e3848,0
27775c3fa71c6c3365e6af06ad285962ff4016162ad6bf5dadddb20b14df31c5,0
a0578d8602ba2fd803c5424f316d6eca774c017a7bf78b3679ac1b28403609df,0
98bcd5fee6eea357754c87346a843d089d902857325afdc6d76ea5493ee003ef,1
1a158456a0579d1edc22b2d46f17e16e432fc029365ed461388c2e270483b54a,0
227a6f971d57529eddad91e681f39346395856e9419fb0edd9f786539817f78e,0
f3d03f3c08c854d8054e8302cfc63152c0006400889dc8915a69ec0dffff36a9,0
bdbeb8ceaa43c9d35308fa2739dd174281d539b14babb4eccb0073fd4237e9cd,0
b40cb27c05878bc81398a41218fe98b02eb6257d3e698039c418e8aa6a6b2b16,0
ae2086167e9ccd5a1922af71835baa1deb6f4706a679790d0476f5816f60eff7,0
75643eb61af6397577d72a114f20c37aa7125ef4a504a715333106374f459ac7,0
78e95b4fc382d61f725c1ed063c1a5828780ab06732b64bb8af653e605ffbfa5,0
c094c3b68d26ab91385996d9e343f8125ed6ec9537e171f59d5f4d03f9f85cc5,0
a13deef59becb591af63b79e5345bc4c276c0b5453ae786588e6d3a91e4bac7f,0
38c797afbac0b1c7c1efc0fc854b2ffebc0c5d4e72bb476826189e2469b25f34,0
74896fb8c3a1dd80239c44d2e56b3cfbd9221516224b1b15d97993fe54dbabfd,1
6994bc709f389c5c4992f75547b150e56b49f1aa10e1398da8e557b922d9d25f,0
c99f89447059a8b7cd14a339e2f8b1057918b8e4295d58ef2f7244723a881c15,0
d0b3e09bb26c281a623278c6b4ed28b8c9104074373c08fb969c8d1608035944,0
3c13eaae6e0b1b9d5c1c54fbff3009364366d71d008776bdf48438d2fd593024,0
b43cb82bb1b763ffcc3a5c070aa9e3856278a4fb864451d45de6bac85a942187,1
9f45e785798234719b7c4e27fefe220ab64e3466660a6a7008e5f364230a3c92,0
0b423fa7bd58d5ee1944601f78a30f540591f5276029a6be55d4f7740f923818,0
bc7d188ea0ab110d733422bd120b2452195998cdc37ec3428a9424322e487398,0
9af356e97b8d469d32d978476b222f3b87e2fefa27b08b1f5a83d71190b62d15,0
f651048b72d63443b827e4d713f3bb04475cb2387c8a35da6214510a88f15c7f,1
1748ce0452f8dea043a50725015024139bfe2dba93f942666aaac3f6492efdd3,0
46e6310ad45377eb93f26ca457feb2cdfd6c17af4529b15a59f30190f297ad7d,1
35f96b526feb94d4ffcbed859cec21943813656703bebac46755ff8addb41d4f,1
5ebd09e0b65f8f8bbe90615ed753b7afa61679241c9e4c058176906538ae571b,0
2e5bc123d94008ea782354e3bc699e05ced45d740371c681dada79d97b74f6cf,1
b9a32efaf1ed8661d636f53d282b812d3795a2dd572c3f569463ec92ee5f17bc,0
59c25b98e8cd521d8dec8a6fa10fb455ef5416b1c1a03356e56d3641c5aeb2c7,0
afbf368e3ef16395cca467ec7aca6050acda0d2588938e5fbfddf0c1dd121ecd,0
a4c046a5845916e0c9c0c1085732639ae4476c0ea780e4ecda87b3491a030830,0
bf1bd6f901154889484c2a59f6f01328d40b7fdb8ca1b576be68c9197ddb6a82,1
6846e8770b4409ceeee9b194cad9d88e5958318de42cf9c4d883515d57e4b2a9,0
572846136c081a8b1889c3be282610de4af40ce5dee9242d025d8905cfdd8b2d,0
2a396ef26b17549b564f988f007a2c2ab0e9af2196e5903f44b0ce5b16cc05ac,0
b955d72def92056178c2529dcdfe08a6aa047d57a10aa7b4c7cd787d022c4835,0
c2f500c46b60e1e70385e77699148a63b1f9d3d2d2fa510df73cd1c67a3d2524,0
6589d54ab5c214cb0da073d27c814bc64707c8b15923f95427f33b21069db418,1
aff72f649bbff47bf99197696cef0ca215d40fb972b0513f74c89f5248f6f1d2,1
0eebf13d4b252f10d5fde280b3a3506593f2f1f246ec140a096a08408e060656,1
d2614eda0bafd34d7a1e411d083d2c1802f1c58dc2c0a05d1a9ac9faadda270d,1
625b23443e80589e146ce1b4655ead4fb8b821748491743643a95eef1037d4c9,1
168d7ada9b0af186565b48ce0e8c918fc84e33196559daf0bd402fcb0b028c26,0
589ed0fcc7e015d440bae10992398b6c78e61d25a48b9b2ec31835f375bb450d,1
f977a822f22f86bdb6edfb4a5fed7cc68c0a21a1c5306126b3cba1127f2fa307,0
d62c84b918c138a83c08d3b7d9fc3d5f42543c0d96a7b394c18de38bd5a69008,0
164f24e7d14aa8066d05cd648b8a6c876a7fbffb6002050abdacd47f01a9c63a,0
8f70a33fee324590fd375157da1ce71f4f4e491b323ac0f3f09f87caa4462e9d,0
2fbfc2d8fcb123bffdfd5b0e036d9af8e880570a41c547a159f968ca1c0ff775,0
2ca2601a2fa0629242e6fabb02cbf28c291a9a4fc348d5c40ce0921676c63a19,0
16247dd7111ca9a1bb3b7d70330dea5663fb992edd850cb5530a05c7b2315f5f,0
e1870cd6615369b0fb2d402c5e675a2c452b1b8efd57ba4df37b9fb3db5437a5,0
cabda9b23ed7f08c62471e8f8791cfe1042aac160943089ec9331dd26c56183f,0
5907f0d6aefc9529c181b9177c63795066c2f226cee156a1d5792dfa17a74fcb,0
02f8bbb0bcc97dd47074c089a2e06b6c08e332d6fd1838d7cb0c125db1a53960,1
e537de8d07e9caf433fd11ae99efdcaac6ee49c768592d8cba87b08f92cf98ca,1
3d14b8ff3d74a5cb1f90d984cf6fc8b086ddc5997afad65de82022df4d12e0f5,0
4ff6c2f280e1c77e57bcd9a0ba3f3a5d53b80d1c4b0b3012b41c72e34d5717d7,1
f1bcfd718889a77b7a12fd11cdb509eeff35385a80b73582fc2e7fc43f3d399c,1
9e261b1be002351bea37283efebe2cbe1d8af47cc088d5a1f709d7cbea600b93,0
5b3503c774e5deacc870500e7fe0034b14e50121a5d7f58b002c158b16c19cd0,0
e1db2e864faf47565a11c843f8f687d4c76521f763642ef0ff512690d1bbeb24,1
4005ab1ffeb879a2ee55c0450587658d376780ce5ae15873fe3f424e555bbb2d,1
c95af7442ac8ebb34ce22e8bb76a1671da65db9da3b11f9db5866ffbe5b5b2f3,0
4c74fc2c4d04af70c74668b80d7ba43b48188a416899d9327267a813a71af932,0
0c4125fbd5690ea86fc98c49f1b6612b98800098bdd21d481e314a2edc2d02aa,0
d6c8f656885dc8030635bcdac616a4a8ff54916e3b6f32317e8283995affb7b4,0
fc7c29318d016305ff22afa70960f4faefe1efc91415f7aefb0ec86cca7d9ec5,0
e6e42098ff90864415b39283b529797824e4fdda8f3a6f011f824bc0a74e2827,1
bb60e9f8ca9763e409b8f733d3f6667714a8b01650433181c5affddab8d30d07,0
7afe3170e339d7b5e33265a3340cbdf6c1e56dcc38f31ec34cae5fbae7a780ca,0
cbd1611c06bdc8f99d0371631ade0732948930214b4dd22723886adccbb3df85,1
ff02ffec8c4c9ef86396e3f9fd6471e1887c10abd7ab5c31a6537875c75a1a09,1
5f1b61492e72011776b779540e77927222d066488a4b2c4f62aa2aa713f97046,1
319fa8edfb9d24248cd9b359c18812e680896c2df113da657b89c455bc4be95e,0
cbaf5a4b674be1add455b6c749b9865e410d16604f8392bb024756600e1e3b0d,0
3dfa4bb03c7d40dcdd2cdd7afac181063ec11ea304fbaf3bc1c174ebdd300357,0
40326eebcf35da749cd2172df2b953284fa2ec6a6163d33544af50d23dc4338a,0
a463e28c6927d4d66f312f8b43a98a0da0b101d423f8b2bde61670bcb85beac9,1
1c39cf5d3da3108c3b24af024a29364393398f0dcc94db0aa3b91a327d85cdaf,1
14ced2177d0611dfed255c62fdd3087772d461fdfd5fd49c5b5fc909d034b856,0
8a29fdd55ba35675a9b169e1a4015b38548720f6b7146dad5a0e318a2d3f7d30,0
237561aa6ddb09fd1bf4de2d6430839b1b230e21431990f7715170e4ac0dc2fe,0
27b47a17470fff5b76721f76cd34fc09d6ed48d3e83682ce9111e3515ce1635c,1
5d19cd164e61a0be9c68cbcfee58f6179875439038d75fe59a2781bb0eb8a9b1,1
5b9c47a5950dea941af38b37d703ab917ba33e0e47e561d0904eb12613036a18,1
e35fd1d72dd873ea798b5911cab33d29cd51f19b5f92731d9506c22f425fe28b,1
2e0c412502cc49355b0ddeac71acb3147cfbcf1fbd28c16420c6e522b69e523f,1
e21580a5369f740dd94fce13172541367b22b0aa9203db4afb171d593ecd8f63,1
884b2e5c5837669084343b361ce0b2f929140546a6528a9dc1530207dd650a40,1
c06f44829f31150d68f84b54ff654ac346ba0bf502870305c6124938c0a91932,1
0a4143c6a4f5c96e6e01aa0a76c50b92c123306b36ad5c385a335691f35ec320,1
36e00e7faeb44fbfc50ddcf8e0d957bdabfe546026a96071482adcc446f99b1b,1
1c8b46b8072d79abea11adebfc9eed04c42a56c7027cdd59492e01b6c107457c,0
3ad9f69f2c52bbbe2679afd3c4ec436601f0d83c313543980c8de1bf2ac7fa65,1
819059bd5335aeeffef2b39921e5a15a494f736637228d86e8a819ddf2d158d3,1
e58c09e9c6b35fd94c6aa046481d405e25c0f6e3dd8999b07e6af2c15dfd0aec,1
4bd746f01a230873c19bf59755bc54da6f15e5d344c46a23642a0bb590a29331,1
432f46d846d1d8465a7e690a33c75863eb13a0f4ebc38dad10a73c9ca5b77e67,0
44dc4f049b53a58f96c4f5c77b11c18ec63df16a20129baf55d7fdd9af80544c,0
edf96fdb9b214289acdd79c24a4804f83d403a98571a3d5f58e8de30d1baebb3,0
cbc78d132433bd7deaa1d770115ffa5eff5604835ca2a369c92ff0259338f645,1
798ff68af0710206ce5ad5df6da9ed9432fb14399a5e3907deba43231516f01d,0
2e05fa541deeefce44845f18804cb3e78e592037ec16d4cc5647b0225eb5d50f,0
fef26e4fc9cd113bf6128227f22660264e565d191ecfcb80cb50902e41a28854,0
df4cc545166425e62b314247944876bad359c338838a5f56ab36ad9b618214e7,0
13f3d5efd0fc8b6b88751f85521f465563efa2db2117b0cb2bff550a7f003987,0
4b761b66fea9b5332b87c766d55b4d90501cef19e520afe9ad0d36c0a8d97256,0
5f06c2214413b0b636f15a2085ebb5ca7976e69bb447c0de072c71e36566a9de,0
8acc0820f7d14f136fc4bbebb956940f3a1669aca3e46f10f571f82bf925e7c1,1
2832996618b9a1c2b98f45231b4ef63f73f483be9704f996a61f1d161a22d452,1
aa39dc0298af76d839324e45b2acb5f732b60941fdbd1e6293dceffb58fbda28,0
775fe34c8f94e2b3d805426e82625755c5a58de90bb55428513af3eb3e5634a7,0
f4c39a907e2b74b574d6c59b07eaaa816fba2555857e0e0439d145ac092b2e6f,1
6bec98c8a134d9cc155e87c3d8f73ef4f1c1e528c5fa405799d41ba062b10689,0
377a0b55619dbeccbe97f14f19b97db8278a435bd242005824c07de370a4486a,0
81d1faab4e7c0e1f6771036a93dfb497aca4e02b0e3f01531567812ab98fb307,0
5afe7acedab459e7345261b72da8b6364e1edf06d306cdb8f202b68e7528045e,0
32346f0855b30c254f1a332963a4800510ee102d235de2022ec96626274f8527,1
15a6fb3f97c4826483688a5656ca02c1119fc1d7dd50ccff9ba78b415a6a0ef9,1
97756d4410097685796ee006ef6aa771d0dfd1da3fe717e3ad391d523e687e3e,0
c0f5b2cb1d0c201a609c1a719e8272b9a29a2b428116b193838de3d1ebbf03e1,0
02db2b1ed8d69376f31d181f5e612db43d6de9eab03e469b08dc1bb032dbe470,0
5897b9596bb249b4662bd9c8aca5ab2cf60f70ae5ac5c85e279be371b05752af,1
b6eff86507e72bc42cba81681df212e05921994f49ab910de422838cbb341308,1
8f890b966724b32c9c47c15a1da4994528ea4be9726d00c5d9563eb72992b73d,1
15798ac2ec074e5c6543fdd155d95ad14c1f3de30bf32fa1ef8083e17eb6e889,1
af2c1bfd242fc287440b5a028a152f235da5b8f65b9378384f48e02c549c292a,0
99ea6f623d6696e27a2f43a797fec43c264591a262aafdd6a06ce7a8ddfc2a7d,1
19f706711f76a1b658c0591414eb0fd17e1f8082584870bea1f799f85475c96a,1
662aa842c891eac69743ecfefe648636d5c4ccdc1f1a9913cfc68c954d1094bb,1
bd20badfdaa05db0457851aa59029ef407a2653e14007965a3492edea3054678,0
ada72df46f71b3b0f53459c29761f0c127969dfe4928e4218ca52a74d267035e,0
af5ed239e68e17cae044115a293600cfc7b305be1425e4bfc4a1e5120f5951b4,1
9cb5b2df80cf1e1c82ef6d68566069ad7f76e08cec6d327d555f51ec9a1fbf7d,1
2cb6ccfe68421fd40b422c2ded3c2b25ec80d77e06e3ac08b63eb46e2e4f81b2,1
56904252591f5e53227a69b5f288ddbe32f99fd8b45bef51e7b4ab7b4274ed77,0
c4db86245b8d390d208f1b8fa262db00ee6489519316247cf7b34c698d0f59dd,1
052517d0e872dd57138e03e59c0fe0e52f9230950619ac55971f12b6c03dbd03,1
aaa48b6ad0329d849f8333f4484950c0f4c4b18108c91232f7bfad58b7217205,1
30b6c20aa191d01c0fbe284c6f207675727712e5c9b31e3cf0e192a6dd33d93b,0
82e2a81cca6064c10817774a6b29e5f9a068d4659c9fcff2de49b6a5e0219230,0
231d13a21b5070664a2bf23e9e89736287fe512bd6eefda4b37cdbf5fb6231c0,1
b3783e75f89b9b640bbd86daf4e30e02fd495b0ebe8c2456136d0ef3cfe6f07e,1
d5644bdba7550ca9a440f7a7edd50ceb10d2eb1516fc71fc2d4fd4a645594c01,1
a2fab8306f96d662b971ac4f16f757e503b85d886f4c415a764665248b4f52d0,1
9575b37a140c07f331cb15b5d904a2d1fb763a8ee1c307d01bfd97631c0bed36,0
33b33ab10be57d4178db0cd692508a8dc7811fa26d6422f7da9f8950e78db5df,1
9dd445fc3eaca248359cfc15bd4dc3dc8816bd1608607d1023fee4737cb4e367,1
19ab13336e0bcd938a5f4717fdb6068d5ecd386a3d1ac6fb02375ef981b779b4,1
e08d7c9c15009af70fd57980648960feb25452bc1af8ce8926495642a00ce10d,1
24527d1717f6d41c0eb012f3ff6793177f6ac8fa793f293a8cfe62e48b4f6662,1
8d69e81be8ce9251c8ad44700eab7fb8306197d9f67d59810799415ef048ecaf,1
813d77a7b2e67b99c45b775a6545049428264a6c3df11283265fe7d1266be2f0,0
fadc89793bc49cb78f758328ab14af24696c043c5007fa623ed8144872925802,0
69caa1347f50bc58ac8badd4061f3cb45f58a24301327fa45f1a25f362e1279c,1
d818644f7a4bed933376303fe54fed0a90f7981ee6abd5a9afc16e10cd1274d3,1
de8cdfa084ad9e9f1cc2f86ea3632d5ed2179b14326a11ee49ae92b7d7a272a8,0
3c6674ca5c6830ea84c2ee15d95e139a1561e9bf9f687026a3af2c3a68a833fa,0
c927ede4eb2f46f279e2ceebc3d2e7017137f1a79dd518540e9e0de61e8ad118,0
c6e229f53af70dab2b36c5b482fdb2f37ff968190e59192c900e51f0b991b6ed,1
9485f634aed5ca955ff09f0869e0aae873e1ce60ef3ed139f35ffb1bcf3d4105,1
559fb088c25b825a207cc3945b0def2ff9b887fb4263fcc76771377c7bfca5c0,0
612b68f6ba16efa9503879c755782a9a6e83ea022527ab2809a898ea06d9c195,0
